work_id,signal_id,dimension,severity,points,observed_value,threshold,evidence_summary
WS/MP524/2026-2027/290140,DQ_MISSING_REC_SERIES,data_quality,Low,15,AP Catalog Uncoupling,State-level recommendation series unmapped,Recommended sheet Work_ID series does not map to sanctioned master series in source workbook; recommendation dates unlinked.
WS/MP524/2024-2025/151568,LIFE_PROLONGED_STAGNATION,lifecycle_execution,Moderate,30,570 days,> 445 days since last expenditure,No expenditure transactions recorded for 570 days (P90 delay threshold) on an uncompleted project.
WS/MP524/2024-2025/151568,DQ_DISBURSEMENT_RECONCILIATION_GAP,data_quality,Moderate,25,"Disb: None, Exp: 160189.0",Transaction expenditure without master disbursement OR completed without disbursement OR > 5% mismatch,"Expenditure transactions record ₹160,189.00 disbursed, but master amount_disbursed is unpopulated."
WS/MP524/2024-2025/151568,DQ_MISSING_REC_SERIES,data_quality,Low,15,AP Catalog Uncoupling,State-level recommendation series unmapped,Recommended sheet Work_ID series does not map to sanctioned master series in source workbook; recommendation dates unlinked.
WS/MP524/2025-2026/215336,DQ_DISBURSEMENT_RECONCILIATION_GAP,data_quality,Moderate,25,"Disb: None, Exp: 339327.0",Transaction expenditure without master disbursement OR completed without disbursement OR > 5% mismatch,"Expenditure transactions record ₹339,327.00 disbursed, but master amount_disbursed is unpopulated."
WS/MP524/2025-2026/215336,DQ_MISSING_REC_SERIES,data_quality,Low,15,AP Catalog Uncoupling,State-level recommendation series unmapped,Recommended sheet Work_ID series does not map to sanctioned master series in source workbook; recommendation dates unlinked.
WS/MP524/2024-2025/168911,LIFE_PROLONGED_STAGNATION,lifecycle_execution,Moderate,30,530 days,> 445 days since last expenditure,No expenditure transactions recorded for 530 days (P90 delay threshold) on an uncompleted project.
WS/MP524/2024-2025/168911,DQ_MISSING_REC_SERIES,data_quality,Low,15,AP Catalog Uncoupling,State-level recommendation series unmapped,Recommended sheet Work_ID series does not map to sanctioned master series in source workbook; recommendation dates unlinked.
WS/MP524/2026-2027/271392,DQ_MISSING_REC_SERIES,data_quality,Low,15,AP Catalog Uncoupling,State-level recommendation series unmapped,Recommended sheet Work_ID series does not map to sanctioned master series in source workbook; recommendation dates unlinked.
WS/MP524/2026-2027/290176,DQ_MISSING_REC_SERIES,data_quality,Low,15,AP Catalog Uncoupling,State-level recommendation series unmapped,Recommended sheet Work_ID series does not map to sanctioned master series in source workbook; recommendation dates unlinked.
WS/MP524/2025-2026/271486,DQ_DISBURSEMENT_RECONCILIATION_GAP,data_quality,Moderate,25,"Disb: None, Exp: 499945.0",Transaction expenditure without master disbursement OR completed without disbursement OR > 5% mismatch,"Expenditure transactions record ₹499,945.00 disbursed, but master amount_disbursed is unpopulated."
WS/MP524/2025-2026/271486,DQ_MISSING_REC_SERIES,data_quality,Low,15,AP Catalog Uncoupling,State-level recommendation series unmapped,Recommended sheet Work_ID series does not map to sanctioned master series in source workbook; recommendation dates unlinked.
WS/MP524/2025-2026/194131,TX_EARLY_STAGE_HIGH_EXP,transaction_pattern,Moderate,30,100.0% spent during 'Vendor Identification',>= 75% expenditure in preliminary status,"100.0% of sanctioned budget is represented by expenditure transactions (₹499,996.00) while project status remains officially in 'Vendor Identification'."
WS/MP524/2025-2026/194131,LIFE_STATUS_DISCONNECT,lifecycle_execution,Moderate,25,"Status: Vendor Identification, Exp: 100.0%",Substantial financial execution prior to execution milestone,Complete or near-complete financial disbursement precedes formal physical execution milestones (Status: 'Vendor Identification').
WS/MP524/2025-2026/194131,DQ_DISBURSEMENT_RECONCILIATION_GAP,data_quality,Moderate,25,"Disb: None, Exp: 499996.0",Transaction expenditure without master disbursement OR completed without disbursement OR > 5% mismatch,"Expenditure transactions record ₹499,996.00 disbursed, but master amount_disbursed is unpopulated."
WS/MP524/2025-2026/194131,DQ_MISSING_REC_SERIES,data_quality,Low,15,AP Catalog Uncoupling,State-level recommendation series unmapped,Recommended sheet Work_ID series does not map to sanctioned master series in source workbook; recommendation dates unlinked.
WS/MP524/2024-2025/170461,DQ_MISSING_REC_SERIES,data_quality,Low,15,AP Catalog Uncoupling,State-level recommendation series unmapped,Recommended sheet Work_ID series does not map to sanctioned master series in source workbook; recommendation dates unlinked.
WS/MP529/2024-2025/161711,TX_EARLY_STAGE_HIGH_EXP,transaction_pattern,Moderate,30,99.9% spent during 'Vendor Identification',>= 75% expenditure in preliminary status,"99.9% of sanctioned budget is represented by expenditure transactions (₹137,882.00) while project status remains officially in 'Vendor Identification'."
WS/MP529/2024-2025/161711,LIFE_STATUS_DISCONNECT,lifecycle_execution,Moderate,25,"Status: Vendor Identification, Exp: 99.9%",Substantial financial execution prior to execution milestone,Complete or near-complete financial disbursement precedes formal physical execution milestones (Status: 'Vendor Identification').
WS/MP529/2024-2025/161711,DQ_DISBURSEMENT_RECONCILIATION_GAP,data_quality,Moderate,25,"Disb: None, Exp: 137882.0",Transaction expenditure without master disbursement OR completed without disbursement OR > 5% mismatch,"Expenditure transactions record ₹137,882.00 disbursed, but master amount_disbursed is unpopulated."
WS/MP529/2024-2025/161711,DQ_MISSING_REC_SERIES,data_quality,Low,15,AP Catalog Uncoupling,State-level recommendation series unmapped,Recommended sheet Work_ID series does not map to sanctioned master series in source workbook; recommendation dates unlinked.
WS/MP529/2025-2026/208021,DQ_MISSING_REC_SERIES,data_quality,Low,15,AP Catalog Uncoupling,State-level recommendation series unmapped,Recommended sheet Work_ID series does not map to sanctioned master series in source workbook; recommendation dates unlinked.
WS/MP529/2026-2027/286846,DQ_MISSING_REC_SERIES,data_quality,Low,15,AP Catalog Uncoupling,State-level recommendation series unmapped,Recommended sheet Work_ID series does not map to sanctioned master series in source workbook; recommendation dates unlinked.
WS/MP529/2025-2026/236642,DQ_MISSING_REC_SERIES,data_quality,Low,15,AP Catalog Uncoupling,State-level recommendation series unmapped,Recommended sheet Work_ID series does not map to sanctioned master series in source workbook; recommendation dates unlinked.
WS/MP529/2025-2026/199548,DQ_DISBURSEMENT_RECONCILIATION_GAP,data_quality,Moderate,25,"Disb: None, Exp: 241005.0",Transaction expenditure without master disbursement OR completed without disbursement OR > 5% mismatch,"Expenditure transactions record ₹241,005.00 disbursed, but master amount_disbursed is unpopulated."
WS/MP529/2025-2026/199548,DQ_MISSING_REC_SERIES,data_quality,Low,15,AP Catalog Uncoupling,State-level recommendation series unmapped,Recommended sheet Work_ID series does not map to sanctioned master series in source workbook; recommendation dates unlinked.
WS/MP529/2025-2026/208634,DQ_MISSING_REC_SERIES,data_quality,Low,15,AP Catalog Uncoupling,State-level recommendation series unmapped,Recommended sheet Work_ID series does not map to sanctioned master series in source workbook; recommendation dates unlinked.
WS/MP529/2024-2025/161704,TX_EARLY_STAGE_HIGH_EXP,transaction_pattern,Moderate,30,100.0% spent during 'Vendor Identification',>= 75% expenditure in preliminary status,"100.0% of sanctioned budget is represented by expenditure transactions (₹423,883.00) while project status remains officially in 'Vendor Identification'."
WS/MP529/2024-2025/161704,LIFE_STATUS_DISCONNECT,lifecycle_execution,Moderate,25,"Status: Vendor Identification, Exp: 100.0%",Substantial financial execution prior to execution milestone,Complete or near-complete financial disbursement precedes formal physical execution milestones (Status: 'Vendor Identification').
WS/MP529/2024-2025/161704,DQ_DISBURSEMENT_RECONCILIATION_GAP,data_quality,Moderate,25,"Disb: None, Exp: 423883.0",Transaction expenditure without master disbursement OR completed without disbursement OR > 5% mismatch,"Expenditure transactions record ₹423,883.00 disbursed, but master amount_disbursed is unpopulated."
WS/MP529/2024-2025/161704,DQ_MISSING_REC_SERIES,data_quality,Low,15,AP Catalog Uncoupling,State-level recommendation series unmapped,Recommended sheet Work_ID series does not map to sanctioned master series in source workbook; recommendation dates unlinked.
WS/MP529/2024-2025/157360,DQ_MISSING_REC_SERIES,data_quality,Low,15,AP Catalog Uncoupling,State-level recommendation series unmapped,Recommended sheet Work_ID series does not map to sanctioned master series in source workbook; recommendation dates unlinked.
WS/MP529/2024-2025/161721,DQ_MISSING_REC_SERIES,data_quality,Low,15,AP Catalog Uncoupling,State-level recommendation series unmapped,Recommended sheet Work_ID series does not map to sanctioned master series in source workbook; recommendation dates unlinked.
WS/MP526/2025-2026/257274,DQ_MISSING_REC_SERIES,data_quality,Low,15,AP Catalog Uncoupling,State-level recommendation series unmapped,Recommended sheet Work_ID series does not map to sanctioned master series in source workbook; recommendation dates unlinked.
WS/MP526/2026-2027/275157,DQ_MISSING_REC_SERIES,data_quality,Low,15,AP Catalog Uncoupling,State-level recommendation series unmapped,Recommended sheet Work_ID series does not map to sanctioned master series in source workbook; recommendation dates unlinked.
WS/MP526/2025-2026/166421,DQ_DISBURSEMENT_RECONCILIATION_GAP,data_quality,Moderate,25,"Disb: None, Exp: 199844.0",Transaction expenditure without master disbursement OR completed without disbursement OR > 5% mismatch,"Expenditure transactions record ₹199,844.00 disbursed, but master amount_disbursed is unpopulated."
WS/MP526/2025-2026/166421,DQ_MISSING_REC_SERIES,data_quality,Low,15,AP Catalog Uncoupling,State-level recommendation series unmapped,Recommended sheet Work_ID series does not map to sanctioned master series in source workbook; recommendation dates unlinked.
WS/MP526/2025-2026/258214,DQ_DISBURSEMENT_RECONCILIATION_GAP,data_quality,Moderate,25,"Disb: None, Exp: 598584.0",Transaction expenditure without master disbursement OR completed without disbursement OR > 5% mismatch,"Expenditure transactions record ₹598,584.00 disbursed, but master amount_disbursed is unpopulated."
WS/MP526/2025-2026/258214,DQ_MISSING_REC_SERIES,data_quality,Low,15,AP Catalog Uncoupling,State-level recommendation series unmapped,Recommended sheet Work_ID series does not map to sanctioned master series in source workbook; recommendation dates unlinked.
WS/MP526/2025-2026/191640,TX_EARLY_STAGE_HIGH_EXP,transaction_pattern,Moderate,30,99.8% spent during 'Vendor Identification',>= 75% expenditure in preliminary status,"99.8% of sanctioned budget is represented by expenditure transactions (₹498,197.00) while project status remains officially in 'Vendor Identification'."
WS/MP526/2025-2026/191640,LIFE_STATUS_DISCONNECT,lifecycle_execution,Moderate,25,"Status: Vendor Identification, Exp: 99.8%",Substantial financial execution prior to execution milestone,Complete or near-complete financial disbursement precedes formal physical execution milestones (Status: 'Vendor Identification').
WS/MP526/2025-2026/191640,DQ_DISBURSEMENT_RECONCILIATION_GAP,data_quality,Moderate,25,"Disb: None, Exp: 498197.0",Transaction expenditure without master disbursement OR completed without disbursement OR > 5% mismatch,"Expenditure transactions record ₹498,197.00 disbursed, but master amount_disbursed is unpopulated."
WS/MP526/2025-2026/191640,DQ_MISSING_REC_SERIES,data_quality,Low,15,AP Catalog Uncoupling,State-level recommendation series unmapped,Recommended sheet Work_ID series does not map to sanctioned master series in source workbook; recommendation dates unlinked.
WS/MP526/2025-2026/224355,DQ_MISSING_REC_SERIES,data_quality,Low,15,AP Catalog Uncoupling,State-level recommendation series unmapped,Recommended sheet Work_ID series does not map to sanctioned master series in source workbook; recommendation dates unlinked.
WS/MP526/2026-2027/258199,DQ_MISSING_REC_SERIES,data_quality,Low,15,AP Catalog Uncoupling,State-level recommendation series unmapped,Recommended sheet Work_ID series does not map to sanctioned master series in source workbook; recommendation dates unlinked.
WS/MP526/2024-2025/147538,LIFE_PROLONGED_STAGNATION,lifecycle_execution,Moderate,30,501 days,> 445 days since last expenditure,No expenditure transactions recorded for 501 days (P90 delay threshold) on an uncompleted project.
WS/MP526/2024-2025/147538,DQ_MISSING_REC_SERIES,data_quality,Low,15,AP Catalog Uncoupling,State-level recommendation series unmapped,Recommended sheet Work_ID series does not map to sanctioned master series in source workbook; recommendation dates unlinked.
WS/MP526/2026-2027/282554,DQ_DISBURSEMENT_RECONCILIATION_GAP,data_quality,Moderate,25,"Disb: None, Exp: 397856.0",Transaction expenditure without master disbursement OR completed without disbursement OR > 5% mismatch,"Expenditure transactions record ₹397,856.00 disbursed, but master amount_disbursed is unpopulated."
WS/MP526/2026-2027/282554,DQ_MISSING_REC_SERIES,data_quality,Low,15,AP Catalog Uncoupling,State-level recommendation series unmapped,Recommended sheet Work_ID series does not map to sanctioned master series in source workbook; recommendation dates unlinked.
WS/MP522/2024-2025/163222,DQ_DISBURSEMENT_RECONCILIATION_GAP,data_quality,Moderate,25,"Disb: None, Exp: 519185.0",Transaction expenditure without master disbursement OR completed without disbursement OR > 5% mismatch,"Expenditure transactions record ₹519,185.00 disbursed, but master amount_disbursed is unpopulated."
WS/MP522/2024-2025/163222,DQ_MISSING_REC_SERIES,data_quality,Low,15,AP Catalog Uncoupling,State-level recommendation series unmapped,Recommended sheet Work_ID series does not map to sanctioned master series in source workbook; recommendation dates unlinked.
WS/MP522/2025-2026/253887,DQ_DISBURSEMENT_RECONCILIATION_GAP,data_quality,Moderate,25,"Disb: None, Exp: 366447.0",Transaction expenditure without master disbursement OR completed without disbursement OR > 5% mismatch,"Expenditure transactions record ₹366,447.00 disbursed, but master amount_disbursed is unpopulated."
WS/MP522/2025-2026/253887,DQ_MISSING_REC_SERIES,data_quality,Low,15,AP Catalog Uncoupling,State-level recommendation series unmapped,Recommended sheet Work_ID series does not map to sanctioned master series in source workbook; recommendation dates unlinked.
WS/MP522/2025-2026/251430,DQ_MISSING_REC_SERIES,data_quality,Low,15,AP Catalog Uncoupling,State-level recommendation series unmapped,Recommended sheet Work_ID series does not map to sanctioned master series in source workbook; recommendation dates unlinked.
WS/MP522/2025-2026/260868,DQ_MISSING_REC_SERIES,data_quality,Low,15,AP Catalog Uncoupling,State-level recommendation series unmapped,Recommended sheet Work_ID series does not map to sanctioned master series in source workbook; recommendation dates unlinked.
WS/MP522/2025-2026/260681,DQ_MISSING_REC_SERIES,data_quality,Low,15,AP Catalog Uncoupling,State-level recommendation series unmapped,Recommended sheet Work_ID series does not map to sanctioned master series in source workbook; recommendation dates unlinked.
WS/MP522/2025-2026/251446,DQ_MISSING_REC_SERIES,data_quality,Low,15,AP Catalog Uncoupling,State-level recommendation series unmapped,Recommended sheet Work_ID series does not map to sanctioned master series in source workbook; recommendation dates unlinked.
WS/MP522/2025-2026/168684,DQ_MISSING_REC_SERIES,data_quality,Low,15,AP Catalog Uncoupling,State-level recommendation series unmapped,Recommended sheet Work_ID series does not map to sanctioned master series in source workbook; recommendation dates unlinked.
WS/MP522/2025-2026/253903,DQ_DISBURSEMENT_RECONCILIATION_GAP,data_quality,Moderate,25,"Disb: None, Exp: 147738.0",Transaction expenditure without master disbursement OR completed without disbursement OR > 5% mismatch,"Expenditure transactions record ₹147,738.00 disbursed, but master amount_disbursed is unpopulated."
WS/MP522/2025-2026/253903,DQ_MISSING_REC_SERIES,data_quality,Low,15,AP Catalog Uncoupling,State-level recommendation series unmapped,Recommended sheet Work_ID series does not map to sanctioned master series in source workbook; recommendation dates unlinked.
WS/MP522/2025-2026/260702,DQ_MISSING_REC_SERIES,data_quality,Low,15,AP Catalog Uncoupling,State-level recommendation series unmapped,Recommended sheet Work_ID series does not map to sanctioned master series in source workbook; recommendation dates unlinked.
WS/MP18351/2025-2026/161796,DQ_DISBURSEMENT_RECONCILIATION_GAP,data_quality,Moderate,25,"Disb: None, Exp: 460735.0",Transaction expenditure without master disbursement OR completed without disbursement OR > 5% mismatch,"Expenditure transactions record ₹460,735.00 disbursed, but master amount_disbursed is unpopulated."
WS/MP18351/2025-2026/161796,DQ_MISSING_REC_SERIES,data_quality,Low,15,AP Catalog Uncoupling,State-level recommendation series unmapped,Recommended sheet Work_ID series does not map to sanctioned master series in source workbook; recommendation dates unlinked.
WS/MP18351/2025-2026/268256,TX_EARLY_STAGE_HIGH_EXP,transaction_pattern,Moderate,30,99.6% spent during 'Vendor Identification',>= 75% expenditure in preliminary status,"99.6% of sanctioned budget is represented by expenditure transactions (₹169,280.00) while project status remains officially in 'Vendor Identification'."
WS/MP18351/2025-2026/268256,LIFE_STATUS_DISCONNECT,lifecycle_execution,Moderate,25,"Status: Vendor Identification, Exp: 99.6%",Substantial financial execution prior to execution milestone,Complete or near-complete financial disbursement precedes formal physical execution milestones (Status: 'Vendor Identification').
WS/MP18351/2025-2026/268256,DQ_DISBURSEMENT_RECONCILIATION_GAP,data_quality,Moderate,25,"Disb: None, Exp: 169280.0",Transaction expenditure without master disbursement OR completed without disbursement OR > 5% mismatch,"Expenditure transactions record ₹169,280.00 disbursed, but master amount_disbursed is unpopulated."
WS/MP18351/2025-2026/268256,DQ_MISSING_REC_SERIES,data_quality,Low,15,AP Catalog Uncoupling,State-level recommendation series unmapped,Recommended sheet Work_ID series does not map to sanctioned master series in source workbook; recommendation dates unlinked.
WS/MP18351/2024-2025/160328,DQ_MISSING_REC_SERIES,data_quality,Low,15,AP Catalog Uncoupling,State-level recommendation series unmapped,Recommended sheet Work_ID series does not map to sanctioned master series in source workbook; recommendation dates unlinked.
WS/MP18351/2026-2027/277981,DQ_MISSING_REC_SERIES,data_quality,Low,15,AP Catalog Uncoupling,State-level recommendation series unmapped,Recommended sheet Work_ID series does not map to sanctioned master series in source workbook; recommendation dates unlinked.
WS/MP18351/2026-2027/272186,DQ_DISBURSEMENT_RECONCILIATION_GAP,data_quality,Moderate,25,"Disb: None, Exp: 499915.0",Transaction expenditure without master disbursement OR completed without disbursement OR > 5% mismatch,"Expenditure transactions record ₹499,915.00 disbursed, but master amount_disbursed is unpopulated."
WS/MP18351/2026-2027/272186,DQ_MISSING_REC_SERIES,data_quality,Low,15,AP Catalog Uncoupling,State-level recommendation series unmapped,Recommended sheet Work_ID series does not map to sanctioned master series in source workbook; recommendation dates unlinked.
WS/MP18351/2024-2025/160288,TX_EARLY_STAGE_HIGH_EXP,transaction_pattern,Moderate,30,100.0% spent during 'Vendor Identification',>= 75% expenditure in preliminary status,"100.0% of sanctioned budget is represented by expenditure transactions (₹499,929.00) while project status remains officially in 'Vendor Identification'."
WS/MP18351/2024-2025/160288,LIFE_STATUS_DISCONNECT,lifecycle_execution,Moderate,25,"Status: Vendor Identification, Exp: 100.0%",Substantial financial execution prior to execution milestone,Complete or near-complete financial disbursement precedes formal physical execution milestones (Status: 'Vendor Identification').
WS/MP18351/2024-2025/160288,DQ_DISBURSEMENT_RECONCILIATION_GAP,data_quality,Moderate,25,"Disb: None, Exp: 499929.0",Transaction expenditure without master disbursement OR completed without disbursement OR > 5% mismatch,"Expenditure transactions record ₹499,929.00 disbursed, but master amount_disbursed is unpopulated."
WS/MP18351/2024-2025/160288,DQ_MISSING_REC_SERIES,data_quality,Low,15,AP Catalog Uncoupling,State-level recommendation series unmapped,Recommended sheet Work_ID series does not map to sanctioned master series in source workbook; recommendation dates unlinked.
WS/MP18351/2024-2025/158268,DQ_MISSING_REC_SERIES,data_quality,Low,15,AP Catalog Uncoupling,State-level recommendation series unmapped,Recommended sheet Work_ID series does not map to sanctioned master series in source workbook; recommendation dates unlinked.
WS/MP18351/2026-2027/258490,DQ_MISSING_REC_SERIES,data_quality,Low,15,AP Catalog Uncoupling,State-level recommendation series unmapped,Recommended sheet Work_ID series does not map to sanctioned master series in source workbook; recommendation dates unlinked.
WS/MP18351/2025-2026/195719,DQ_DISBURSEMENT_RECONCILIATION_GAP,data_quality,Moderate,25,"Disb: None, Exp: 500000.0",Transaction expenditure without master disbursement OR completed without disbursement OR > 5% mismatch,"Expenditure transactions record ₹500,000.00 disbursed, but master amount_disbursed is unpopulated."
WS/MP18351/2025-2026/195719,DQ_MISSING_REC_SERIES,data_quality,Low,15,AP Catalog Uncoupling,State-level recommendation series unmapped,Recommended sheet Work_ID series does not map to sanctioned master series in source workbook; recommendation dates unlinked.
WS/MP18006/2025-2026/239472,DQ_MISSING_REC_SERIES,data_quality,Low,15,AP Catalog Uncoupling,State-level recommendation series unmapped,Recommended sheet Work_ID series does not map to sanctioned master series in source workbook; recommendation dates unlinked.
WS/MP18006/2025-2026/243954,DQ_MISSING_REC_SERIES,data_quality,Low,15,AP Catalog Uncoupling,State-level recommendation series unmapped,Recommended sheet Work_ID series does not map to sanctioned master series in source workbook; recommendation dates unlinked.
WS/MP18006/2025-2026/243939,DQ_MISSING_REC_SERIES,data_quality,Low,15,AP Catalog Uncoupling,State-level recommendation series unmapped,Recommended sheet Work_ID series does not map to sanctioned master series in source workbook; recommendation dates unlinked.
WS/MP18006/2026-2027/270176,DQ_DISBURSEMENT_RECONCILIATION_GAP,data_quality,Moderate,25,"Disb: None, Exp: 489739.0",Transaction expenditure without master disbursement OR completed without disbursement OR > 5% mismatch,"Expenditure transactions record ₹489,739.00 disbursed, but master amount_disbursed is unpopulated."
WS/MP18006/2026-2027/270176,DQ_MISSING_REC_SERIES,data_quality,Low,15,AP Catalog Uncoupling,State-level recommendation series unmapped,Recommended sheet Work_ID series does not map to sanctioned master series in source workbook; recommendation dates unlinked.
WS/MP18006/2024-2025/141559,LIFE_PROLONGED_STAGNATION,lifecycle_execution,Moderate,30,534 days,> 445 days since last expenditure,No expenditure transactions recorded for 534 days (P90 delay threshold) on an uncompleted project.
WS/MP18006/2024-2025/141559,DQ_MISSING_REC_SERIES,data_quality,Low,15,AP Catalog Uncoupling,State-level recommendation series unmapped,Recommended sheet Work_ID series does not map to sanctioned master series in source workbook; recommendation dates unlinked.
WS/MP18006/2024-2025/146763,DQ_MISSING_REC_SERIES,data_quality,Low,15,AP Catalog Uncoupling,State-level recommendation series unmapped,Recommended sheet Work_ID series does not map to sanctioned master series in source workbook; recommendation dates unlinked.
WS/MP18006/2026-2027/301133,DQ_MISSING_REC_SERIES,data_quality,Low,15,AP Catalog Uncoupling,State-level recommendation series unmapped,Recommended sheet Work_ID series does not map to sanctioned master series in source workbook; recommendation dates unlinked.
WS/MP18006/2024-2025/135653,LIFE_PROLONGED_STAGNATION,lifecycle_execution,Moderate,30,606 days,> 445 days since last expenditure,No expenditure transactions recorded for 606 days (P90 delay threshold) on an uncompleted project.
WS/MP18006/2024-2025/135653,DQ_DISBURSEMENT_RECONCILIATION_GAP,data_quality,Moderate,25,"Disb: None, Exp: 499506.0",Transaction expenditure without master disbursement OR completed without disbursement OR > 5% mismatch,"Expenditure transactions record ₹499,506.00 disbursed, but master amount_disbursed is unpopulated."
WS/MP18006/2024-2025/135653,DQ_MISSING_REC_SERIES,data_quality,Low,15,AP Catalog Uncoupling,State-level recommendation series unmapped,Recommended sheet Work_ID series does not map to sanctioned master series in source workbook; recommendation dates unlinked.
WS/MP18006/2024-2025/146745,LIFE_PROLONGED_STAGNATION,lifecycle_execution,Moderate,30,577 days,> 445 days since last expenditure,No expenditure transactions recorded for 577 days (P90 delay threshold) on an uncompleted project.
WS/MP18006/2024-2025/146745,DQ_MISSING_REC_SERIES,data_quality,Low,15,AP Catalog Uncoupling,State-level recommendation series unmapped,Recommended sheet Work_ID series does not map to sanctioned master series in source workbook; recommendation dates unlinked.
WS/MP18003/2024-2025/172266,DQ_MISSING_REC_SERIES,data_quality,Low,15,AP Catalog Uncoupling,State-level recommendation series unmapped,Recommended sheet Work_ID series does not map to sanctioned master series in source workbook; recommendation dates unlinked.
WS/MP18003/2025-2026/223858,TX_EARLY_STAGE_HIGH_EXP,transaction_pattern,Moderate,30,100.0% spent during 'Vendor Identification',>= 75% expenditure in preliminary status,"100.0% of sanctioned budget is represented by expenditure transactions (₹500,000.00) while project status remains officially in 'Vendor Identification'."
WS/MP18003/2025-2026/223858,LIFE_STATUS_DISCONNECT,lifecycle_execution,Moderate,25,"Status: Vendor Identification, Exp: 100.0%",Substantial financial execution prior to execution milestone,Complete or near-complete financial disbursement precedes formal physical execution milestones (Status: 'Vendor Identification').
WS/MP18003/2025-2026/223858,DQ_DISBURSEMENT_RECONCILIATION_GAP,data_quality,Moderate,25,"Disb: None, Exp: 500000.0",Transaction expenditure without master disbursement OR completed without disbursement OR > 5% mismatch,"Expenditure transactions record ₹500,000.00 disbursed, but master amount_disbursed is unpopulated."
WS/MP18003/2025-2026/223858,DQ_MISSING_REC_SERIES,data_quality,Low,15,AP Catalog Uncoupling,State-level recommendation series unmapped,Recommended sheet Work_ID series does not map to sanctioned master series in source workbook; recommendation dates unlinked.
WS/MP18003/2024-2025/157519,DQ_MISSING_REC_SERIES,data_quality,Low,15,AP Catalog Uncoupling,State-level recommendation series unmapped,Recommended sheet Work_ID series does not map to sanctioned master series in source workbook; recommendation dates unlinked.
WS/MP18003/2024-2025/172281,DQ_MISSING_REC_SERIES,data_quality,Low,15,AP Catalog Uncoupling,State-level recommendation series unmapped,Recommended sheet Work_ID series does not map to sanctioned master series in source workbook; recommendation dates unlinked.
WS/MP18003/2025-2026/223865,DQ_DISBURSEMENT_RECONCILIATION_GAP,data_quality,Moderate,25,"Disb: None, Exp: 313860.0",Transaction expenditure without master disbursement OR completed without disbursement OR > 5% mismatch,"Expenditure transactions record ₹313,860.00 disbursed, but master amount_disbursed is unpopulated."
WS/MP18003/2025-2026/223865,DQ_MISSING_REC_SERIES,data_quality,Low,15,AP Catalog Uncoupling,State-level recommendation series unmapped,Recommended sheet Work_ID series does not map to sanctioned master series in source workbook; recommendation dates unlinked.
WS/MP18003/2024-2025/157510,DQ_MISSING_REC_SERIES,data_quality,Low,15,AP Catalog Uncoupling,State-level recommendation series unmapped,Recommended sheet Work_ID series does not map to sanctioned master series in source workbook; recommendation dates unlinked.
WS/MP18003/2025-2026/223856,TX_EARLY_STAGE_HIGH_EXP,transaction_pattern,Moderate,30,100.0% spent during 'Vendor Identification',>= 75% expenditure in preliminary status,"100.0% of sanctioned budget is represented by expenditure transactions (₹499,857.00) while project status remains officially in 'Vendor Identification'."
WS/MP18003/2025-2026/223856,LIFE_STATUS_DISCONNECT,lifecycle_execution,Moderate,25,"Status: Vendor Identification, Exp: 100.0%",Substantial financial execution prior to execution milestone,Complete or near-complete financial disbursement precedes formal physical execution milestones (Status: 'Vendor Identification').
WS/MP18003/2025-2026/223856,DQ_DISBURSEMENT_RECONCILIATION_GAP,data_quality,Moderate,25,"Disb: None, Exp: 499857.0",Transaction expenditure without master disbursement OR completed without disbursement OR > 5% mismatch,"Expenditure transactions record ₹499,857.00 disbursed, but master amount_disbursed is unpopulated."
WS/MP18003/2025-2026/223856,DQ_MISSING_REC_SERIES,data_quality,Low,15,AP Catalog Uncoupling,State-level recommendation series unmapped,Recommended sheet Work_ID series does not map to sanctioned master series in source workbook; recommendation dates unlinked.
WS/MP18003/2024-2025/172273,DQ_MISSING_REC_SERIES,data_quality,Low,15,AP Catalog Uncoupling,State-level recommendation series unmapped,Recommended sheet Work_ID series does not map to sanctioned master series in source workbook; recommendation dates unlinked.
WS/MP18003/2024-2025/172260,DQ_MISSING_REC_SERIES,data_quality,Low,15,AP Catalog Uncoupling,State-level recommendation series unmapped,Recommended sheet Work_ID series does not map to sanctioned master series in source workbook; recommendation dates unlinked.
WS/MP18011/2025-2026/223964,DQ_MISSING_REC_SERIES,data_quality,Low,15,AP Catalog Uncoupling,State-level recommendation series unmapped,Recommended sheet Work_ID series does not map to sanctioned master series in source workbook; recommendation dates unlinked.
WS/MP18011/2025-2026/184894,DQ_MISSING_REC_SERIES,data_quality,Low,15,AP Catalog Uncoupling,State-level recommendation series unmapped,Recommended sheet Work_ID series does not map to sanctioned master series in source workbook; recommendation dates unlinked.
WS/MP18011/2025-2026/223958,DQ_MISSING_REC_SERIES,data_quality,Low,15,AP Catalog Uncoupling,State-level recommendation series unmapped,Recommended sheet Work_ID series does not map to sanctioned master series in source workbook; recommendation dates unlinked.
WS/MP18011/2025-2026/210243,DQ_MISSING_REC_SERIES,data_quality,Low,15,AP Catalog Uncoupling,State-level recommendation series unmapped,Recommended sheet Work_ID series does not map to sanctioned master series in source workbook; recommendation dates unlinked.
WS/MP18011/2026-2027/279131,DQ_MISSING_REC_SERIES,data_quality,Low,15,AP Catalog Uncoupling,State-level recommendation series unmapped,Recommended sheet Work_ID series does not map to sanctioned master series in source workbook; recommendation dates unlinked.
WS/MP18011/2024-2025/173487,LIFE_PROLONGED_STAGNATION,lifecycle_execution,Moderate,30,491 days,> 445 days since last expenditure,No expenditure transactions recorded for 491 days (P90 delay threshold) on an uncompleted project.
WS/MP18011/2024-2025/173487,DQ_MISSING_REC_SERIES,data_quality,Low,15,AP Catalog Uncoupling,State-level recommendation series unmapped,Recommended sheet Work_ID series does not map to sanctioned master series in source workbook; recommendation dates unlinked.
WS/MP18011/2025-2026/194378,DQ_MISSING_REC_SERIES,data_quality,Low,15,AP Catalog Uncoupling,State-level recommendation series unmapped,Recommended sheet Work_ID series does not map to sanctioned master series in source workbook; recommendation dates unlinked.
WS/MP18011/2024-2025/173515,LIFE_PROLONGED_STAGNATION,lifecycle_execution,Moderate,30,491 days,> 445 days since last expenditure,No expenditure transactions recorded for 491 days (P90 delay threshold) on an uncompleted project.
WS/MP18011/2024-2025/173515,DQ_MISSING_REC_SERIES,data_quality,Low,15,AP Catalog Uncoupling,State-level recommendation series unmapped,Recommended sheet Work_ID series does not map to sanctioned master series in source workbook; recommendation dates unlinked.
WS/MP18014/2025-2026/224241,DQ_MISSING_REC_SERIES,data_quality,Low,15,AP Catalog Uncoupling,State-level recommendation series unmapped,Recommended sheet Work_ID series does not map to sanctioned master series in source workbook; recommendation dates unlinked.
WS/MP18014/2024-2025/167510,DQ_MISSING_REC_SERIES,data_quality,Low,15,AP Catalog Uncoupling,State-level recommendation series unmapped,Recommended sheet Work_ID series does not map to sanctioned master series in source workbook; recommendation dates unlinked.
WS/MP18014/2025-2026/240943,DQ_MISSING_REC_SERIES,data_quality,Low,15,AP Catalog Uncoupling,State-level recommendation series unmapped,Recommended sheet Work_ID series does not map to sanctioned master series in source workbook; recommendation dates unlinked.
WS/MP18014/2025-2026/240900,DQ_MISSING_REC_SERIES,data_quality,Low,15,AP Catalog Uncoupling,State-level recommendation series unmapped,Recommended sheet Work_ID series does not map to sanctioned master series in source workbook; recommendation dates unlinked.
WS/MP18014/2026-2027/276763,DQ_MISSING_REC_SERIES,data_quality,Low,15,AP Catalog Uncoupling,State-level recommendation series unmapped,Recommended sheet Work_ID series does not map to sanctioned master series in source workbook; recommendation dates unlinked.
WS/MP18014/2024-2025/167455,LIFE_PROLONGED_STAGNATION,lifecycle_execution,Moderate,30,464 days,> 445 days since last expenditure,No expenditure transactions recorded for 464 days (P90 delay threshold) on an uncompleted project.
WS/MP18014/2024-2025/167455,DQ_MISSING_REC_SERIES,data_quality,Low,15,AP Catalog Uncoupling,State-level recommendation series unmapped,Recommended sheet Work_ID series does not map to sanctioned master series in source workbook; recommendation dates unlinked.
WS/MP18014/2025-2026/240942,DQ_MISSING_REC_SERIES,data_quality,Low,15,AP Catalog Uncoupling,State-level recommendation series unmapped,Recommended sheet Work_ID series does not map to sanctioned master series in source workbook; recommendation dates unlinked.
WS/MP18014/2025-2026/240964,DQ_DISBURSEMENT_RECONCILIATION_GAP,data_quality,Moderate,25,"Disb: None, Exp: 499887.0",Transaction expenditure without master disbursement OR completed without disbursement OR > 5% mismatch,"Expenditure transactions record ₹499,887.00 disbursed, but master amount_disbursed is unpopulated."
WS/MP18014/2025-2026/240964,DQ_MISSING_REC_SERIES,data_quality,Low,15,AP Catalog Uncoupling,State-level recommendation series unmapped,Recommended sheet Work_ID series does not map to sanctioned master series in source workbook; recommendation dates unlinked.
WS/MP18004/2026-2027/212577,DQ_DISBURSEMENT_RECONCILIATION_GAP,data_quality,Moderate,25,"Disb: None, Exp: 382493.0",Transaction expenditure without master disbursement OR completed without disbursement OR > 5% mismatch,"Expenditure transactions record ₹382,493.00 disbursed, but master amount_disbursed is unpopulated."
WS/MP18004/2026-2027/212577,DQ_MISSING_REC_SERIES,data_quality,Low,15,AP Catalog Uncoupling,State-level recommendation series unmapped,Recommended sheet Work_ID series does not map to sanctioned master series in source workbook; recommendation dates unlinked.
WS/MP18004/2025-2026/256319,DQ_DISBURSEMENT_RECONCILIATION_GAP,data_quality,Moderate,25,"Disb: None, Exp: 1198268.0",Transaction expenditure without master disbursement OR completed without disbursement OR > 5% mismatch,"Expenditure transactions record ₹1,198,268.00 disbursed, but master amount_disbursed is unpopulated."
WS/MP18004/2025-2026/256319,DQ_MISSING_REC_SERIES,data_quality,Low,15,AP Catalog Uncoupling,State-level recommendation series unmapped,Recommended sheet Work_ID series does not map to sanctioned master series in source workbook; recommendation dates unlinked.
WS/MP18004/2026-2027/277106,TX_EARLY_STAGE_HIGH_EXP,transaction_pattern,Moderate,30,100.0% spent during 'Vendor Identification',>= 75% expenditure in preliminary status,"100.0% of sanctioned budget is represented by expenditure transactions (₹399,989.00) while project status remains officially in 'Vendor Identification'."
WS/MP18004/2026-2027/277106,LIFE_STATUS_DISCONNECT,lifecycle_execution,Moderate,25,"Status: Vendor Identification, Exp: 100.0%",Substantial financial execution prior to execution milestone,Complete or near-complete financial disbursement precedes formal physical execution milestones (Status: 'Vendor Identification').
WS/MP18004/2026-2027/277106,DQ_DISBURSEMENT_RECONCILIATION_GAP,data_quality,Moderate,25,"Disb: None, Exp: 399989.0",Transaction expenditure without master disbursement OR completed without disbursement OR > 5% mismatch,"Expenditure transactions record ₹399,989.00 disbursed, but master amount_disbursed is unpopulated."
WS/MP18004/2026-2027/277106,DQ_MISSING_REC_SERIES,data_quality,Low,15,AP Catalog Uncoupling,State-level recommendation series unmapped,Recommended sheet Work_ID series does not map to sanctioned master series in source workbook; recommendation dates unlinked.
WS/MP18004/2025-2026/221036,DQ_MISSING_REC_SERIES,data_quality,Low,15,AP Catalog Uncoupling,State-level recommendation series unmapped,Recommended sheet Work_ID series does not map to sanctioned master series in source workbook; recommendation dates unlinked.
WS/MP18004/2026-2027/283494,DQ_MISSING_REC_SERIES,data_quality,Low,15,AP Catalog Uncoupling,State-level recommendation series unmapped,Recommended sheet Work_ID series does not map to sanctioned master series in source workbook; recommendation dates unlinked.
WS/MP18004/2026-2027/265291,DQ_DISBURSEMENT_RECONCILIATION_GAP,data_quality,Moderate,25,"Disb: None, Exp: 493811.0",Transaction expenditure without master disbursement OR completed without disbursement OR > 5% mismatch,"Expenditure transactions record ₹493,811.00 disbursed, but master amount_disbursed is unpopulated."
WS/MP18004/2026-2027/265291,DQ_MISSING_REC_SERIES,data_quality,Low,15,AP Catalog Uncoupling,State-level recommendation series unmapped,Recommended sheet Work_ID series does not map to sanctioned master series in source workbook; recommendation dates unlinked.
WS/MP18004/2025-2026/247288,DQ_DISBURSEMENT_RECONCILIATION_GAP,data_quality,Moderate,25,"Disb: None, Exp: 477120.0",Transaction expenditure without master disbursement OR completed without disbursement OR > 5% mismatch,"Expenditure transactions record ₹477,120.00 disbursed, but master amount_disbursed is unpopulated."
WS/MP18004/2025-2026/247288,DQ_MISSING_REC_SERIES,data_quality,Low,15,AP Catalog Uncoupling,State-level recommendation series unmapped,Recommended sheet Work_ID series does not map to sanctioned master series in source workbook; recommendation dates unlinked.
WS/MP18004/2025-2026/199338,TX_EARLY_STAGE_HIGH_EXP,transaction_pattern,Moderate,30,97.2% spent during 'Vendor Identification',>= 75% expenditure in preliminary status,"97.2% of sanctioned budget is represented by expenditure transactions (₹97,219.00) while project status remains officially in 'Vendor Identification'."
WS/MP18004/2025-2026/199338,LIFE_STATUS_DISCONNECT,lifecycle_execution,Moderate,25,"Status: Vendor Identification, Exp: 97.2%",Substantial financial execution prior to execution milestone,Complete or near-complete financial disbursement precedes formal physical execution milestones (Status: 'Vendor Identification').
WS/MP18004/2025-2026/199338,DQ_DISBURSEMENT_RECONCILIATION_GAP,data_quality,Moderate,25,"Disb: None, Exp: 97219.0",Transaction expenditure without master disbursement OR completed without disbursement OR > 5% mismatch,"Expenditure transactions record ₹97,219.00 disbursed, but master amount_disbursed is unpopulated."
WS/MP18004/2025-2026/199338,DQ_MISSING_REC_SERIES,data_quality,Low,15,AP Catalog Uncoupling,State-level recommendation series unmapped,Recommended sheet Work_ID series does not map to sanctioned master series in source workbook; recommendation dates unlinked.
WS/MP18001/2026-2027/275215,DQ_DISBURSEMENT_RECONCILIATION_GAP,data_quality,Moderate,25,"Disb: None, Exp: 499885.0",Transaction expenditure without master disbursement OR completed without disbursement OR > 5% mismatch,"Expenditure transactions record ₹499,885.00 disbursed, but master amount_disbursed is unpopulated."
WS/MP18001/2026-2027/275215,DQ_MISSING_REC_SERIES,data_quality,Low,15,AP Catalog Uncoupling,State-level recommendation series unmapped,Recommended sheet Work_ID series does not map to sanctioned master series in source workbook; recommendation dates unlinked.
WS/MP18001/2025-2026/255458,DQ_DISBURSEMENT_RECONCILIATION_GAP,data_quality,Moderate,25,"Disb: None, Exp: 499671.0",Transaction expenditure without master disbursement OR completed without disbursement OR > 5% mismatch,"Expenditure transactions record ₹499,671.00 disbursed, but master amount_disbursed is unpopulated."
WS/MP18001/2025-2026/255458,DQ_MISSING_REC_SERIES,data_quality,Low,15,AP Catalog Uncoupling,State-level recommendation series unmapped,Recommended sheet Work_ID series does not map to sanctioned master series in source workbook; recommendation dates unlinked.
WS/MP18001/2024-2025/163093,DQ_MISSING_REC_SERIES,data_quality,Low,15,AP Catalog Uncoupling,State-level recommendation series unmapped,Recommended sheet Work_ID series does not map to sanctioned master series in source workbook; recommendation dates unlinked.
WS/MP18001/2026-2027/269218,DQ_MISSING_REC_SERIES,data_quality,Low,15,AP Catalog Uncoupling,State-level recommendation series unmapped,Recommended sheet Work_ID series does not map to sanctioned master series in source workbook; recommendation dates unlinked.
WS/MP18001/2025-2026/242984,DQ_MISSING_REC_SERIES,data_quality,Low,15,AP Catalog Uncoupling,State-level recommendation series unmapped,Recommended sheet Work_ID series does not map to sanctioned master series in source workbook; recommendation dates unlinked.
WS/MP18001/2025-2026/231993,DQ_DISBURSEMENT_RECONCILIATION_GAP,data_quality,Moderate,25,"Disb: None, Exp: 859213.0",Transaction expenditure without master disbursement OR completed without disbursement OR > 5% mismatch,"Expenditure transactions record ₹859,213.00 disbursed, but master amount_disbursed is unpopulated."
WS/MP18001/2025-2026/231993,DQ_MISSING_REC_SERIES,data_quality,Low,15,AP Catalog Uncoupling,State-level recommendation series unmapped,Recommended sheet Work_ID series does not map to sanctioned master series in source workbook; recommendation dates unlinked.
WS/MP18001/2025-2026/242981,DQ_MISSING_REC_SERIES,data_quality,Low,15,AP Catalog Uncoupling,State-level recommendation series unmapped,Recommended sheet Work_ID series does not map to sanctioned master series in source workbook; recommendation dates unlinked.
WS/MP18001/2025-2026/231955,DQ_MISSING_REC_SERIES,data_quality,Low,15,AP Catalog Uncoupling,State-level recommendation series unmapped,Recommended sheet Work_ID series does not map to sanctioned master series in source workbook; recommendation dates unlinked.
WS/MP18005/2026-2027/273548,DQ_MISSING_REC_SERIES,data_quality,Low,15,AP Catalog Uncoupling,State-level recommendation series unmapped,Recommended sheet Work_ID series does not map to sanctioned master series in source workbook; recommendation dates unlinked.
WS/MP18005/2025-2026/206911,DQ_MISSING_REC_SERIES,data_quality,Low,15,AP Catalog Uncoupling,State-level recommendation series unmapped,Recommended sheet Work_ID series does not map to sanctioned master series in source workbook; recommendation dates unlinked.
WS/MP18005/2025-2026/213081,DQ_DISBURSEMENT_RECONCILIATION_GAP,data_quality,Moderate,25,"Disb: None, Exp: 2924176.0",Transaction expenditure without master disbursement OR completed without disbursement OR > 5% mismatch,"Expenditure transactions record ₹2,924,176.00 disbursed, but master amount_disbursed is unpopulated."
WS/MP18005/2025-2026/213081,DQ_MISSING_REC_SERIES,data_quality,Low,15,AP Catalog Uncoupling,State-level recommendation series unmapped,Recommended sheet Work_ID series does not map to sanctioned master series in source workbook; recommendation dates unlinked.
WS/MP18005/2025-2026/223551,DQ_DISBURSEMENT_RECONCILIATION_GAP,data_quality,Moderate,25,"Disb: None, Exp: 361591.0",Transaction expenditure without master disbursement OR completed without disbursement OR > 5% mismatch,"Expenditure transactions record ₹361,591.00 disbursed, but master amount_disbursed is unpopulated."
WS/MP18005/2025-2026/223551,DQ_MISSING_REC_SERIES,data_quality,Low,15,AP Catalog Uncoupling,State-level recommendation series unmapped,Recommended sheet Work_ID series does not map to sanctioned master series in source workbook; recommendation dates unlinked.
WS/MP18005/2025-2026/206887,TX_EARLY_STAGE_HIGH_EXP,transaction_pattern,Moderate,30,99.5% spent during 'Vendor Identification',>= 75% expenditure in preliminary status,"99.5% of sanctioned budget is represented by expenditure transactions (₹298,560.00) while project status remains officially in 'Vendor Identification'."
WS/MP18005/2025-2026/206887,LIFE_STATUS_DISCONNECT,lifecycle_execution,Moderate,25,"Status: Vendor Identification, Exp: 99.5%",Substantial financial execution prior to execution milestone,Complete or near-complete financial disbursement precedes formal physical execution milestones (Status: 'Vendor Identification').
WS/MP18005/2025-2026/206887,DQ_DISBURSEMENT_RECONCILIATION_GAP,data_quality,Moderate,25,"Disb: None, Exp: 298560.0",Transaction expenditure without master disbursement OR completed without disbursement OR > 5% mismatch,"Expenditure transactions record ₹298,560.00 disbursed, but master amount_disbursed is unpopulated."
WS/MP18005/2025-2026/206887,DQ_MISSING_REC_SERIES,data_quality,Low,15,AP Catalog Uncoupling,State-level recommendation series unmapped,Recommended sheet Work_ID series does not map to sanctioned master series in source workbook; recommendation dates unlinked.
WS/MP18005/2025-2026/245777,DQ_MISSING_REC_SERIES,data_quality,Low,15,AP Catalog Uncoupling,State-level recommendation series unmapped,Recommended sheet Work_ID series does not map to sanctioned master series in source workbook; recommendation dates unlinked.
WS/MP18005/2025-2026/201543,DQ_MISSING_REC_SERIES,data_quality,Low,15,AP Catalog Uncoupling,State-level recommendation series unmapped,Recommended sheet Work_ID series does not map to sanctioned master series in source workbook; recommendation dates unlinked.
WS/MP18005/2025-2026/201489,DQ_MISSING_REC_SERIES,data_quality,Low,15,AP Catalog Uncoupling,State-level recommendation series unmapped,Recommended sheet Work_ID series does not map to sanctioned master series in source workbook; recommendation dates unlinked.
WS/MP18018/2024-2025/169483,DQ_MISSING_REC_SERIES,data_quality,Low,15,AP Catalog Uncoupling,State-level recommendation series unmapped,Recommended sheet Work_ID series does not map to sanctioned master series in source workbook; recommendation dates unlinked.
WS/MP18018/2024-2025/169621,TX_EARLY_STAGE_HIGH_EXP,transaction_pattern,Moderate,30,98.8% spent during 'Vendor Identification',>= 75% expenditure in preliminary status,"98.8% of sanctioned budget is represented by expenditure transactions (₹1,037,817.00) while project status remains officially in 'Vendor Identification'."
WS/MP18018/2024-2025/169621,LIFE_STATUS_DISCONNECT,lifecycle_execution,Moderate,25,"Status: Vendor Identification, Exp: 98.8%",Substantial financial execution prior to execution milestone,Complete or near-complete financial disbursement precedes formal physical execution milestones (Status: 'Vendor Identification').
WS/MP18018/2024-2025/169621,DQ_DISBURSEMENT_RECONCILIATION_GAP,data_quality,Moderate,25,"Disb: None, Exp: 1037817.0",Transaction expenditure without master disbursement OR completed without disbursement OR > 5% mismatch,"Expenditure transactions record ₹1,037,817.00 disbursed, but master amount_disbursed is unpopulated."
WS/MP18018/2024-2025/169621,DQ_MISSING_REC_SERIES,data_quality,Low,15,AP Catalog Uncoupling,State-level recommendation series unmapped,Recommended sheet Work_ID series does not map to sanctioned master series in source workbook; recommendation dates unlinked.
WS/MP18018/2025-2026/237578,DQ_DISBURSEMENT_RECONCILIATION_GAP,data_quality,Moderate,25,"Disb: None, Exp: 519562.0",Transaction expenditure without master disbursement OR completed without disbursement OR > 5% mismatch,"Expenditure transactions record ₹519,562.00 disbursed, but master amount_disbursed is unpopulated."
WS/MP18018/2025-2026/237578,DQ_MISSING_REC_SERIES,data_quality,Low,15,AP Catalog Uncoupling,State-level recommendation series unmapped,Recommended sheet Work_ID series does not map to sanctioned master series in source workbook; recommendation dates unlinked.
WS/MP18018/2024-2025/169476,DQ_DISBURSEMENT_RECONCILIATION_GAP,data_quality,Moderate,25,"Disb: None, Exp: 1193502.0",Transaction expenditure without master disbursement OR completed without disbursement OR > 5% mismatch,"Expenditure transactions record ₹1,193,502.00 disbursed, but master amount_disbursed is unpopulated."
WS/MP18018/2024-2025/169476,DQ_MISSING_REC_SERIES,data_quality,Low,15,AP Catalog Uncoupling,State-level recommendation series unmapped,Recommended sheet Work_ID series does not map to sanctioned master series in source workbook; recommendation dates unlinked.
WS/MP18018/2025-2026/256401,DQ_MISSING_REC_SERIES,data_quality,Low,15,AP Catalog Uncoupling,State-level recommendation series unmapped,Recommended sheet Work_ID series does not map to sanctioned master series in source workbook; recommendation dates unlinked.
WS/MP18018/2025-2026/263354,DQ_MISSING_REC_SERIES,data_quality,Low,15,AP Catalog Uncoupling,State-level recommendation series unmapped,Recommended sheet Work_ID series does not map to sanctioned master series in source workbook; recommendation dates unlinked.
WS/MP18018/2026-2027/293740,DQ_MISSING_REC_SERIES,data_quality,Low,15,AP Catalog Uncoupling,State-level recommendation series unmapped,Recommended sheet Work_ID series does not map to sanctioned master series in source workbook; recommendation dates unlinked.
WS/MP18018/2025-2026/209731,TX_EARLY_STAGE_HIGH_EXP,transaction_pattern,Moderate,30,88.5% spent during 'Vendor Identification',>= 75% expenditure in preliminary status,"88.5% of sanctioned budget is represented by expenditure transactions (₹283,046.00) while project status remains officially in 'Vendor Identification'."
WS/MP18018/2025-2026/209731,LIFE_STATUS_DISCONNECT,lifecycle_execution,Moderate,25,"Status: Vendor Identification, Exp: 88.5%",Substantial financial execution prior to execution milestone,Complete or near-complete financial disbursement precedes formal physical execution milestones (Status: 'Vendor Identification').
WS/MP18018/2025-2026/209731,DQ_DISBURSEMENT_RECONCILIATION_GAP,data_quality,Moderate,25,"Disb: None, Exp: 283046.0",Transaction expenditure without master disbursement OR completed without disbursement OR > 5% mismatch,"Expenditure transactions record ₹283,046.00 disbursed, but master amount_disbursed is unpopulated."
WS/MP18018/2025-2026/209731,DQ_MISSING_REC_SERIES,data_quality,Low,15,AP Catalog Uncoupling,State-level recommendation series unmapped,Recommended sheet Work_ID series does not map to sanctioned master series in source workbook; recommendation dates unlinked.
WS/MP18007/2025-2026/137074,DQ_MISSING_REC_SERIES,data_quality,Low,15,AP Catalog Uncoupling,State-level recommendation series unmapped,Recommended sheet Work_ID series does not map to sanctioned master series in source workbook; recommendation dates unlinked.
WS/MP18007/2025-2026/246573,DQ_MISSING_REC_SERIES,data_quality,Low,15,AP Catalog Uncoupling,State-level recommendation series unmapped,Recommended sheet Work_ID series does not map to sanctioned master series in source workbook; recommendation dates unlinked.
WS/MP18007/2024-2025/140066,DQ_DISBURSEMENT_RECONCILIATION_GAP,data_quality,Moderate,25,"Disb: None, Exp: 2267093.0",Transaction expenditure without master disbursement OR completed without disbursement OR > 5% mismatch,"Expenditure transactions record ₹2,267,093.00 disbursed, but master amount_disbursed is unpopulated."
WS/MP18007/2024-2025/140066,DQ_MISSING_REC_SERIES,data_quality,Low,15,AP Catalog Uncoupling,State-level recommendation series unmapped,Recommended sheet Work_ID series does not map to sanctioned master series in source workbook; recommendation dates unlinked.
WS/MP18007/2026-2027/246572,DQ_MISSING_REC_SERIES,data_quality,Low,15,AP Catalog Uncoupling,State-level recommendation series unmapped,Recommended sheet Work_ID series does not map to sanctioned master series in source workbook; recommendation dates unlinked.
WS/MP18007/2025-2026/246495,TX_EARLY_STAGE_HIGH_EXP,transaction_pattern,Moderate,30,99.8% spent during 'Vendor Identification',>= 75% expenditure in preliminary status,"99.8% of sanctioned budget is represented by expenditure transactions (₹399,022.00) while project status remains officially in 'Vendor Identification'."
WS/MP18007/2025-2026/246495,LIFE_STATUS_DISCONNECT,lifecycle_execution,Moderate,25,"Status: Vendor Identification, Exp: 99.8%",Substantial financial execution prior to execution milestone,Complete or near-complete financial disbursement precedes formal physical execution milestones (Status: 'Vendor Identification').
WS/MP18007/2025-2026/246495,DQ_DISBURSEMENT_RECONCILIATION_GAP,data_quality,Moderate,25,"Disb: None, Exp: 399022.0",Transaction expenditure without master disbursement OR completed without disbursement OR > 5% mismatch,"Expenditure transactions record ₹399,022.00 disbursed, but master amount_disbursed is unpopulated."
WS/MP18007/2025-2026/246495,DQ_MISSING_REC_SERIES,data_quality,Low,15,AP Catalog Uncoupling,State-level recommendation series unmapped,Recommended sheet Work_ID series does not map to sanctioned master series in source workbook; recommendation dates unlinked.
WS/MP18007/2025-2026/246575,DQ_MISSING_REC_SERIES,data_quality,Low,15,AP Catalog Uncoupling,State-level recommendation series unmapped,Recommended sheet Work_ID series does not map to sanctioned master series in source workbook; recommendation dates unlinked.
WS/MP18007/2025-2026/183409,DQ_MISSING_REC_SERIES,data_quality,Low,15,AP Catalog Uncoupling,State-level recommendation series unmapped,Recommended sheet Work_ID series does not map to sanctioned master series in source workbook; recommendation dates unlinked.
WS/MP18007/2024-2025/149400,DQ_DISBURSEMENT_RECONCILIATION_GAP,data_quality,Moderate,25,"Disb: None, Exp: 3198733.0",Transaction expenditure without master disbursement OR completed without disbursement OR > 5% mismatch,"Expenditure transactions record ₹3,198,733.00 disbursed, but master amount_disbursed is unpopulated."
WS/MP18007/2024-2025/149400,DQ_MISSING_REC_SERIES,data_quality,Low,15,AP Catalog Uncoupling,State-level recommendation series unmapped,Recommended sheet Work_ID series does not map to sanctioned master series in source workbook; recommendation dates unlinked.
WS/MP18008/2026-2027/260769,DQ_DISBURSEMENT_RECONCILIATION_GAP,data_quality,Moderate,25,"Disb: None, Exp: 314762.0",Transaction expenditure without master disbursement OR completed without disbursement OR > 5% mismatch,"Expenditure transactions record ₹314,762.00 disbursed, but master amount_disbursed is unpopulated."
WS/MP18008/2026-2027/260769,DQ_MISSING_REC_SERIES,data_quality,Low,15,AP Catalog Uncoupling,State-level recommendation series unmapped,Recommended sheet Work_ID series does not map to sanctioned master series in source workbook; recommendation dates unlinked.
WS/MP18008/2025-2026/169813,DQ_MISSING_REC_SERIES,data_quality,Low,15,AP Catalog Uncoupling,State-level recommendation series unmapped,Recommended sheet Work_ID series does not map to sanctioned master series in source workbook; recommendation dates unlinked.
WS/MP18008/2025-2026/236445,DQ_MISSING_REC_SERIES,data_quality,Low,15,AP Catalog Uncoupling,State-level recommendation series unmapped,Recommended sheet Work_ID series does not map to sanctioned master series in source workbook; recommendation dates unlinked.
WS/MP18008/2026-2027/254595,DQ_DISBURSEMENT_RECONCILIATION_GAP,data_quality,Moderate,25,"Disb: None, Exp: 520451.0",Transaction expenditure without master disbursement OR completed without disbursement OR > 5% mismatch,"Expenditure transactions record ₹520,451.00 disbursed, but master amount_disbursed is unpopulated."
WS/MP18008/2026-2027/254595,DQ_MISSING_REC_SERIES,data_quality,Low,15,AP Catalog Uncoupling,State-level recommendation series unmapped,Recommended sheet Work_ID series does not map to sanctioned master series in source workbook; recommendation dates unlinked.
WS/MP18008/2025-2026/169811,DQ_MISSING_REC_SERIES,data_quality,Low,15,AP Catalog Uncoupling,State-level recommendation series unmapped,Recommended sheet Work_ID series does not map to sanctioned master series in source workbook; recommendation dates unlinked.
WS/MP18008/2026-2027/254620,DQ_MISSING_REC_SERIES,data_quality,Low,15,AP Catalog Uncoupling,State-level recommendation series unmapped,Recommended sheet Work_ID series does not map to sanctioned master series in source workbook; recommendation dates unlinked.
WS/MP18008/2026-2027/254611,DQ_DISBURSEMENT_RECONCILIATION_GAP,data_quality,Moderate,25,"Disb: None, Exp: 643219.0",Transaction expenditure without master disbursement OR completed without disbursement OR > 5% mismatch,"Expenditure transactions record ₹643,219.00 disbursed, but master amount_disbursed is unpopulated."
WS/MP18008/2026-2027/254611,DQ_MISSING_REC_SERIES,data_quality,Low,15,AP Catalog Uncoupling,State-level recommendation series unmapped,Recommended sheet Work_ID series does not map to sanctioned master series in source workbook; recommendation dates unlinked.
WS/MP18008/2025-2026/185945,DQ_MISSING_REC_SERIES,data_quality,Low,15,AP Catalog Uncoupling,State-level recommendation series unmapped,Recommended sheet Work_ID series does not map to sanctioned master series in source workbook; recommendation dates unlinked.
WS/MP18002/2026-2027/274759,DQ_MISSING_REC_SERIES,data_quality,Low,15,AP Catalog Uncoupling,State-level recommendation series unmapped,Recommended sheet Work_ID series does not map to sanctioned master series in source workbook; recommendation dates unlinked.
WS/MP18002/2025-2026/220739,DQ_DISBURSEMENT_RECONCILIATION_GAP,data_quality,Moderate,25,"Disb: None, Exp: 1222344.0",Transaction expenditure without master disbursement OR completed without disbursement OR > 5% mismatch,"Expenditure transactions record ₹1,222,344.00 disbursed, but master amount_disbursed is unpopulated."
WS/MP18002/2025-2026/220739,DQ_MISSING_REC_SERIES,data_quality,Low,15,AP Catalog Uncoupling,State-level recommendation series unmapped,Recommended sheet Work_ID series does not map to sanctioned master series in source workbook; recommendation dates unlinked.
WS/MP18002/2025-2026/232412,DQ_MISSING_REC_SERIES,data_quality,Low,15,AP Catalog Uncoupling,State-level recommendation series unmapped,Recommended sheet Work_ID series does not map to sanctioned master series in source workbook; recommendation dates unlinked.
WS/MP18002/2025-2026/248539,DQ_MISSING_REC_SERIES,data_quality,Low,15,AP Catalog Uncoupling,State-level recommendation series unmapped,Recommended sheet Work_ID series does not map to sanctioned master series in source workbook; recommendation dates unlinked.
WS/MP18002/2026-2027/274760,DQ_MISSING_REC_SERIES,data_quality,Low,15,AP Catalog Uncoupling,State-level recommendation series unmapped,Recommended sheet Work_ID series does not map to sanctioned master series in source workbook; recommendation dates unlinked.
WS/MP18002/2026-2027/278233,DQ_DISBURSEMENT_RECONCILIATION_GAP,data_quality,Moderate,25,"Disb: None, Exp: 898146.0",Transaction expenditure without master disbursement OR completed without disbursement OR > 5% mismatch,"Expenditure transactions record ₹898,146.00 disbursed, but master amount_disbursed is unpopulated."
WS/MP18002/2026-2027/278233,DQ_MISSING_REC_SERIES,data_quality,Low,15,AP Catalog Uncoupling,State-level recommendation series unmapped,Recommended sheet Work_ID series does not map to sanctioned master series in source workbook; recommendation dates unlinked.
WS/MP18002/2025-2026/219744,DQ_MISSING_REC_SERIES,data_quality,Low,15,AP Catalog Uncoupling,State-level recommendation series unmapped,Recommended sheet Work_ID series does not map to sanctioned master series in source workbook; recommendation dates unlinked.
WS/MP18002/2026-2027/279511,DQ_MISSING_REC_SERIES,data_quality,Low,15,AP Catalog Uncoupling,State-level recommendation series unmapped,Recommended sheet Work_ID series does not map to sanctioned master series in source workbook; recommendation dates unlinked.
WS/MP18009/2025-2026/176250,DQ_MISSING_REC_SERIES,data_quality,Low,15,AP Catalog Uncoupling,State-level recommendation series unmapped,Recommended sheet Work_ID series does not map to sanctioned master series in source workbook; recommendation dates unlinked.
WS/MP18009/2024-2025/162215,DQ_MISSING_REC_SERIES,data_quality,Low,15,AP Catalog Uncoupling,State-level recommendation series unmapped,Recommended sheet Work_ID series does not map to sanctioned master series in source workbook; recommendation dates unlinked.
WS/MP18009/2024-2025/161404,FIN_CERTIFIED_ZERO_DISB,financial_integrity,Moderate,35,"Exp: ₹0, Disb: ₹0",Status == Completed AND total_expenditure == 0 AND amount_disbursed == 0,"Project is certified as 'Work Completed', but ₹0 expenditure transactions and ₹0 master disbursement are recorded."
WS/MP18009/2024-2025/161404,DQ_DISBURSEMENT_RECONCILIATION_GAP,data_quality,Moderate,25,"Disb: None, Exp: 0.0",Transaction expenditure without master disbursement OR completed without disbursement OR > 5% mismatch,"Work is certified completed, but master amount_disbursed is null/unpopulated."
WS/MP18009/2024-2025/161404,DQ_MISSING_REC_SERIES,data_quality,Low,15,AP Catalog Uncoupling,State-level recommendation series unmapped,Recommended sheet Work_ID series does not map to sanctioned master series in source workbook; recommendation dates unlinked.
WS/MP18009/2025-2026/241147,DQ_MISSING_REC_SERIES,data_quality,Low,15,AP Catalog Uncoupling,State-level recommendation series unmapped,Recommended sheet Work_ID series does not map to sanctioned master series in source workbook; recommendation dates unlinked.
WS/MP18009/2024-2025/156397,DQ_DISBURSEMENT_RECONCILIATION_GAP,data_quality,Moderate,25,"Disb: None, Exp: 498353.0",Transaction expenditure without master disbursement OR completed without disbursement OR > 5% mismatch,"Expenditure transactions record ₹498,353.00 disbursed, but master amount_disbursed is unpopulated."
WS/MP18009/2024-2025/156397,DQ_MISSING_REC_SERIES,data_quality,Low,15,AP Catalog Uncoupling,State-level recommendation series unmapped,Recommended sheet Work_ID series does not map to sanctioned master series in source workbook; recommendation dates unlinked.
WS/MP18009/2025-2026/241139,DQ_DISBURSEMENT_RECONCILIATION_GAP,data_quality,Moderate,25,"Disb: None, Exp: 675053.0",Transaction expenditure without master disbursement OR completed without disbursement OR > 5% mismatch,"Expenditure transactions record ₹675,053.00 disbursed, but master amount_disbursed is unpopulated."
WS/MP18009/2025-2026/241139,DQ_MISSING_REC_SERIES,data_quality,Low,15,AP Catalog Uncoupling,State-level recommendation series unmapped,Recommended sheet Work_ID series does not map to sanctioned master series in source workbook; recommendation dates unlinked.
WS/MP18009/2024-2025/161192,LIFE_PROLONGED_STAGNATION,lifecycle_execution,Moderate,30,497 days,> 445 days since last expenditure,No expenditure transactions recorded for 497 days (P90 delay threshold) on an uncompleted project.
WS/MP18009/2024-2025/161192,DQ_MISSING_REC_SERIES,data_quality,Low,15,AP Catalog Uncoupling,State-level recommendation series unmapped,Recommended sheet Work_ID series does not map to sanctioned master series in source workbook; recommendation dates unlinked.
WS/MP18009/2025-2026/243727,DQ_MISSING_REC_SERIES,data_quality,Low,15,AP Catalog Uncoupling,State-level recommendation series unmapped,Recommended sheet Work_ID series does not map to sanctioned master series in source workbook; recommendation dates unlinked.
WS/MP405/2026-2027/258000,DQ_MISSING_REC_SERIES,data_quality,Low,15,AP Catalog Uncoupling,State-level recommendation series unmapped,Recommended sheet Work_ID series does not map to sanctioned master series in source workbook; recommendation dates unlinked.
WS/MP405/2025-2026/275522,DQ_DISBURSEMENT_RECONCILIATION_GAP,data_quality,Moderate,25,"Disb: None, Exp: 499577.0",Transaction expenditure without master disbursement OR completed without disbursement OR > 5% mismatch,"Expenditure transactions record ₹499,577.00 disbursed, but master amount_disbursed is unpopulated."
WS/MP405/2025-2026/275522,DQ_MISSING_REC_SERIES,data_quality,Low,15,AP Catalog Uncoupling,State-level recommendation series unmapped,Recommended sheet Work_ID series does not map to sanctioned master series in source workbook; recommendation dates unlinked.
WS/MP405/2025-2026/140144,TX_EARLY_STAGE_HIGH_EXP,transaction_pattern,Moderate,30,100.0% spent during 'Vendor Identification',>= 75% expenditure in preliminary status,"100.0% of sanctioned budget is represented by expenditure transactions (₹896,000.00) while project status remains officially in 'Vendor Identification'."
WS/MP405/2025-2026/140144,LIFE_STATUS_DISCONNECT,lifecycle_execution,Moderate,25,"Status: Vendor Identification, Exp: 100.0%",Substantial financial execution prior to execution milestone,Complete or near-complete financial disbursement precedes formal physical execution milestones (Status: 'Vendor Identification').
WS/MP405/2025-2026/140144,DQ_DISBURSEMENT_RECONCILIATION_GAP,data_quality,Moderate,25,"Disb: None, Exp: 896000.0",Transaction expenditure without master disbursement OR completed without disbursement OR > 5% mismatch,"Expenditure transactions record ₹896,000.00 disbursed, but master amount_disbursed is unpopulated."
WS/MP405/2025-2026/140144,DQ_MISSING_REC_SERIES,data_quality,Low,15,AP Catalog Uncoupling,State-level recommendation series unmapped,Recommended sheet Work_ID series does not map to sanctioned master series in source workbook; recommendation dates unlinked.
WS/MP405/2025-2026/149689,DQ_MISSING_REC_SERIES,data_quality,Low,15,AP Catalog Uncoupling,State-level recommendation series unmapped,Recommended sheet Work_ID series does not map to sanctioned master series in source workbook; recommendation dates unlinked.
WS/MP405/2025-2026/255426,DQ_DISBURSEMENT_RECONCILIATION_GAP,data_quality,Moderate,25,"Disb: None, Exp: 587734.0",Transaction expenditure without master disbursement OR completed without disbursement OR > 5% mismatch,"Expenditure transactions record ₹587,734.00 disbursed, but master amount_disbursed is unpopulated."
WS/MP405/2025-2026/255426,DQ_MISSING_REC_SERIES,data_quality,Low,15,AP Catalog Uncoupling,State-level recommendation series unmapped,Recommended sheet Work_ID series does not map to sanctioned master series in source workbook; recommendation dates unlinked.
WS/MP405/2026-2027/227300,DQ_MISSING_REC_SERIES,data_quality,Low,15,AP Catalog Uncoupling,State-level recommendation series unmapped,Recommended sheet Work_ID series does not map to sanctioned master series in source workbook; recommendation dates unlinked.
WS/MP405/2025-2026/275523,DQ_DISBURSEMENT_RECONCILIATION_GAP,data_quality,Moderate,25,"Disb: None, Exp: 496937.0",Transaction expenditure without master disbursement OR completed without disbursement OR > 5% mismatch,"Expenditure transactions record ₹496,937.00 disbursed, but master amount_disbursed is unpopulated."
WS/MP405/2025-2026/275523,DQ_MISSING_REC_SERIES,data_quality,Low,15,AP Catalog Uncoupling,State-level recommendation series unmapped,Recommended sheet Work_ID series does not map to sanctioned master series in source workbook; recommendation dates unlinked.
WS/MP405/2026-2027/274464,TX_EARLY_STAGE_HIGH_EXP,transaction_pattern,Moderate,30,99.3% spent during 'Vendor Identification',>= 75% expenditure in preliminary status,"99.3% of sanctioned budget is represented by expenditure transactions (₹496,275.00) while project status remains officially in 'Vendor Identification'."
WS/MP405/2026-2027/274464,LIFE_STATUS_DISCONNECT,lifecycle_execution,Moderate,25,"Status: Vendor Identification, Exp: 99.3%",Substantial financial execution prior to execution milestone,Complete or near-complete financial disbursement precedes formal physical execution milestones (Status: 'Vendor Identification').
WS/MP405/2026-2027/274464,DQ_DISBURSEMENT_RECONCILIATION_GAP,data_quality,Moderate,25,"Disb: None, Exp: 496275.0",Transaction expenditure without master disbursement OR completed without disbursement OR > 5% mismatch,"Expenditure transactions record ₹496,275.00 disbursed, but master amount_disbursed is unpopulated."
WS/MP405/2026-2027/274464,DQ_MISSING_REC_SERIES,data_quality,Low,15,AP Catalog Uncoupling,State-level recommendation series unmapped,Recommended sheet Work_ID series does not map to sanctioned master series in source workbook; recommendation dates unlinked.
WS/MP528/2024-2025/143985,TX_EARLY_STAGE_HIGH_EXP,transaction_pattern,Moderate,30,100.0% spent during 'Vendor Identification',>= 75% expenditure in preliminary status,"100.0% of sanctioned budget is represented by expenditure transactions (₹416,758.00) while project status remains officially in 'Vendor Identification'."
WS/MP528/2024-2025/143985,LIFE_PROLONGED_STAGNATION,lifecycle_execution,Moderate,30,626 days,> 445 days since last expenditure,No expenditure transactions recorded for 626 days (P90 delay threshold) on an uncompleted project.
WS/MP528/2024-2025/143985,LIFE_STATUS_DISCONNECT,lifecycle_execution,Moderate,25,"Status: Vendor Identification, Exp: 100.0%",Substantial financial execution prior to execution milestone,Complete or near-complete financial disbursement precedes formal physical execution milestones (Status: 'Vendor Identification').
WS/MP528/2024-2025/143985,DQ_DISBURSEMENT_RECONCILIATION_GAP,data_quality,Moderate,25,"Disb: None, Exp: 416758.0",Transaction expenditure without master disbursement OR completed without disbursement OR > 5% mismatch,"Expenditure transactions record ₹416,758.00 disbursed, but master amount_disbursed is unpopulated."
WS/MP528/2024-2025/143985,DQ_MISSING_REC_SERIES,data_quality,Low,15,AP Catalog Uncoupling,State-level recommendation series unmapped,Recommended sheet Work_ID series does not map to sanctioned master series in source workbook; recommendation dates unlinked.
WS/MP528/2025-2026/243484,DQ_MISSING_REC_SERIES,data_quality,Low,15,AP Catalog Uncoupling,State-level recommendation series unmapped,Recommended sheet Work_ID series does not map to sanctioned master series in source workbook; recommendation dates unlinked.
WS/MP528/2025-2026/244056,DQ_MISSING_REC_SERIES,data_quality,Low,15,AP Catalog Uncoupling,State-level recommendation series unmapped,Recommended sheet Work_ID series does not map to sanctioned master series in source workbook; recommendation dates unlinked.
WS/MP528/2025-2026/256688,TX_EARLY_STAGE_HIGH_EXP,transaction_pattern,Moderate,30,99.8% spent during 'Vendor Identification',>= 75% expenditure in preliminary status,"99.8% of sanctioned budget is represented by expenditure transactions (₹199,628.00) while project status remains officially in 'Vendor Identification'."
WS/MP528/2025-2026/256688,LIFE_STATUS_DISCONNECT,lifecycle_execution,Moderate,25,"Status: Vendor Identification, Exp: 99.8%",Substantial financial execution prior to execution milestone,Complete or near-complete financial disbursement precedes formal physical execution milestones (Status: 'Vendor Identification').
WS/MP528/2025-2026/256688,DQ_DISBURSEMENT_RECONCILIATION_GAP,data_quality,Moderate,25,"Disb: None, Exp: 199628.0",Transaction expenditure without master disbursement OR completed without disbursement OR > 5% mismatch,"Expenditure transactions record ₹199,628.00 disbursed, but master amount_disbursed is unpopulated."
WS/MP528/2025-2026/256688,DQ_MISSING_REC_SERIES,data_quality,Low,15,AP Catalog Uncoupling,State-level recommendation series unmapped,Recommended sheet Work_ID series does not map to sanctioned master series in source workbook; recommendation dates unlinked.
WS/MP528/2025-2026/244059,DQ_MISSING_REC_SERIES,data_quality,Low,15,AP Catalog Uncoupling,State-level recommendation series unmapped,Recommended sheet Work_ID series does not map to sanctioned master series in source workbook; recommendation dates unlinked.
WS/MP528/2025-2026/256686,TX_EARLY_STAGE_HIGH_EXP,transaction_pattern,Moderate,30,93.2% spent during 'Vendor Identification',>= 75% expenditure in preliminary status,"93.2% of sanctioned budget is represented by expenditure transactions (₹186,429.00) while project status remains officially in 'Vendor Identification'."
WS/MP528/2025-2026/256686,LIFE_STATUS_DISCONNECT,lifecycle_execution,Moderate,25,"Status: Vendor Identification, Exp: 93.2%",Substantial financial execution prior to execution milestone,Complete or near-complete financial disbursement precedes formal physical execution milestones (Status: 'Vendor Identification').
WS/MP528/2025-2026/256686,DQ_DISBURSEMENT_RECONCILIATION_GAP,data_quality,Moderate,25,"Disb: None, Exp: 186429.0",Transaction expenditure without master disbursement OR completed without disbursement OR > 5% mismatch,"Expenditure transactions record ₹186,429.00 disbursed, but master amount_disbursed is unpopulated."
WS/MP528/2025-2026/256686,DQ_MISSING_REC_SERIES,data_quality,Low,15,AP Catalog Uncoupling,State-level recommendation series unmapped,Recommended sheet Work_ID series does not map to sanctioned master series in source workbook; recommendation dates unlinked.
WS/MP528/2025-2026/244027,DQ_MISSING_REC_SERIES,data_quality,Low,15,AP Catalog Uncoupling,State-level recommendation series unmapped,Recommended sheet Work_ID series does not map to sanctioned master series in source workbook; recommendation dates unlinked.
WS/MP528/2025-2026/244036,DQ_MISSING_REC_SERIES,data_quality,Low,15,AP Catalog Uncoupling,State-level recommendation series unmapped,Recommended sheet Work_ID series does not map to sanctioned master series in source workbook; recommendation dates unlinked.
WS/MP18017/2025-2026/262080,DQ_MISSING_REC_SERIES,data_quality,Low,15,AP Catalog Uncoupling,State-level recommendation series unmapped,Recommended sheet Work_ID series does not map to sanctioned master series in source workbook; recommendation dates unlinked.
WS/MP18017/2025-2026/262082,DQ_DISBURSEMENT_RECONCILIATION_GAP,data_quality,Moderate,25,"Disb: None, Exp: 592890.0",Transaction expenditure without master disbursement OR completed without disbursement OR > 5% mismatch,"Expenditure transactions record ₹592,890.00 disbursed, but master amount_disbursed is unpopulated."
WS/MP18017/2025-2026/262082,DQ_MISSING_REC_SERIES,data_quality,Low,15,AP Catalog Uncoupling,State-level recommendation series unmapped,Recommended sheet Work_ID series does not map to sanctioned master series in source workbook; recommendation dates unlinked.
WS/MP18017/2025-2026/208142,DQ_MISSING_REC_SERIES,data_quality,Low,15,AP Catalog Uncoupling,State-level recommendation series unmapped,Recommended sheet Work_ID series does not map to sanctioned master series in source workbook; recommendation dates unlinked.
WS/MP18017/2025-2026/230964,DQ_DISBURSEMENT_RECONCILIATION_GAP,data_quality,Moderate,25,"Disb: None, Exp: 3198357.0",Transaction expenditure without master disbursement OR completed without disbursement OR > 5% mismatch,"Expenditure transactions record ₹3,198,357.00 disbursed, but master amount_disbursed is unpopulated."
WS/MP18017/2025-2026/230964,DQ_MISSING_REC_SERIES,data_quality,Low,15,AP Catalog Uncoupling,State-level recommendation series unmapped,Recommended sheet Work_ID series does not map to sanctioned master series in source workbook; recommendation dates unlinked.
WS/MP18017/2026-2027/278188,DQ_MISSING_REC_SERIES,data_quality,Low,15,AP Catalog Uncoupling,State-level recommendation series unmapped,Recommended sheet Work_ID series does not map to sanctioned master series in source workbook; recommendation dates unlinked.
WS/MP18017/2025-2026/262099,DQ_DISBURSEMENT_RECONCILIATION_GAP,data_quality,Moderate,25,"Disb: None, Exp: 317696.0",Transaction expenditure without master disbursement OR completed without disbursement OR > 5% mismatch,"Expenditure transactions record ₹317,696.00 disbursed, but master amount_disbursed is unpopulated."
WS/MP18017/2025-2026/262099,DQ_MISSING_REC_SERIES,data_quality,Low,15,AP Catalog Uncoupling,State-level recommendation series unmapped,Recommended sheet Work_ID series does not map to sanctioned master series in source workbook; recommendation dates unlinked.
WS/MP18017/2025-2026/208158,DQ_MISSING_REC_SERIES,data_quality,Low,15,AP Catalog Uncoupling,State-level recommendation series unmapped,Recommended sheet Work_ID series does not map to sanctioned master series in source workbook; recommendation dates unlinked.
WS/MP18017/2025-2026/262131,DQ_DISBURSEMENT_RECONCILIATION_GAP,data_quality,Moderate,25,"Disb: None, Exp: 621411.0",Transaction expenditure without master disbursement OR completed without disbursement OR > 5% mismatch,"Expenditure transactions record ₹621,411.00 disbursed, but master amount_disbursed is unpopulated."
WS/MP18017/2025-2026/262131,DQ_MISSING_REC_SERIES,data_quality,Low,15,AP Catalog Uncoupling,State-level recommendation series unmapped,Recommended sheet Work_ID series does not map to sanctioned master series in source workbook; recommendation dates unlinked.
WS/MP18343/2025-2026/194518,DQ_DISBURSEMENT_RECONCILIATION_GAP,data_quality,Moderate,25,"Disb: None, Exp: 1757282.0",Transaction expenditure without master disbursement OR completed without disbursement OR > 5% mismatch,"Expenditure transactions record ₹1,757,282.00 disbursed, but master amount_disbursed is unpopulated."
WS/MP18343/2025-2026/194518,DQ_MISSING_REC_SERIES,data_quality,Low,15,AP Catalog Uncoupling,State-level recommendation series unmapped,Recommended sheet Work_ID series does not map to sanctioned master series in source workbook; recommendation dates unlinked.
WS/MP18343/2025-2026/236765,DQ_DISBURSEMENT_RECONCILIATION_GAP,data_quality,Moderate,25,"Disb: None, Exp: 1160765.0",Transaction expenditure without master disbursement OR completed without disbursement OR > 5% mismatch,"Expenditure transactions record ₹1,160,765.00 disbursed, but master amount_disbursed is unpopulated."
WS/MP18343/2025-2026/236765,DQ_MISSING_REC_SERIES,data_quality,Low,15,AP Catalog Uncoupling,State-level recommendation series unmapped,Recommended sheet Work_ID series does not map to sanctioned master series in source workbook; recommendation dates unlinked.
WS/MP18343/2025-2026/194505,DQ_MISSING_REC_SERIES,data_quality,Low,15,AP Catalog Uncoupling,State-level recommendation series unmapped,Recommended sheet Work_ID series does not map to sanctioned master series in source workbook; recommendation dates unlinked.
WS/MP18343/2025-2026/194516,DQ_DISBURSEMENT_RECONCILIATION_GAP,data_quality,Moderate,25,"Disb: None, Exp: 1728242.0",Transaction expenditure without master disbursement OR completed without disbursement OR > 5% mismatch,"Expenditure transactions record ₹1,728,242.00 disbursed, but master amount_disbursed is unpopulated."
WS/MP18343/2025-2026/194516,DQ_MISSING_REC_SERIES,data_quality,Low,15,AP Catalog Uncoupling,State-level recommendation series unmapped,Recommended sheet Work_ID series does not map to sanctioned master series in source workbook; recommendation dates unlinked.
WS/MP18343/2025-2026/230948,DQ_MISSING_REC_SERIES,data_quality,Low,15,AP Catalog Uncoupling,State-level recommendation series unmapped,Recommended sheet Work_ID series does not map to sanctioned master series in source workbook; recommendation dates unlinked.
WS/MP18343/2025-2026/194517,DQ_DISBURSEMENT_RECONCILIATION_GAP,data_quality,Moderate,25,"Disb: None, Exp: 1776408.0",Transaction expenditure without master disbursement OR completed without disbursement OR > 5% mismatch,"Expenditure transactions record ₹1,776,408.00 disbursed, but master amount_disbursed is unpopulated."
WS/MP18343/2025-2026/194517,DQ_MISSING_REC_SERIES,data_quality,Low,15,AP Catalog Uncoupling,State-level recommendation series unmapped,Recommended sheet Work_ID series does not map to sanctioned master series in source workbook; recommendation dates unlinked.
WS/MP18343/2025-2026/197997,DQ_MISSING_REC_SERIES,data_quality,Low,15,AP Catalog Uncoupling,State-level recommendation series unmapped,Recommended sheet Work_ID series does not map to sanctioned master series in source workbook; recommendation dates unlinked.
WS/MP18343/2025-2026/179129,DQ_MISSING_REC_SERIES,data_quality,Low,15,AP Catalog Uncoupling,State-level recommendation series unmapped,Recommended sheet Work_ID series does not map to sanctioned master series in source workbook; recommendation dates unlinked.
WS/MP18010/2025-2026/201980,DQ_DISBURSEMENT_RECONCILIATION_GAP,data_quality,Moderate,25,"Disb: None, Exp: 1170176.0",Transaction expenditure without master disbursement OR completed without disbursement OR > 5% mismatch,"Expenditure transactions record ₹1,170,176.00 disbursed, but master amount_disbursed is unpopulated."
WS/MP18010/2025-2026/201980,DQ_MISSING_REC_SERIES,data_quality,Low,15,AP Catalog Uncoupling,State-level recommendation series unmapped,Recommended sheet Work_ID series does not map to sanctioned master series in source workbook; recommendation dates unlinked.
WS/MP18010/2025-2026/201981,DQ_MISSING_REC_SERIES,data_quality,Low,15,AP Catalog Uncoupling,State-level recommendation series unmapped,Recommended sheet Work_ID series does not map to sanctioned master series in source workbook; recommendation dates unlinked.
WS/MP18010/2025-2026/182158,DQ_DISBURSEMENT_RECONCILIATION_GAP,data_quality,Moderate,25,"Disb: None, Exp: 495797.0",Transaction expenditure without master disbursement OR completed without disbursement OR > 5% mismatch,"Expenditure transactions record ₹495,797.00 disbursed, but master amount_disbursed is unpopulated."
WS/MP18010/2025-2026/182158,DQ_MISSING_REC_SERIES,data_quality,Low,15,AP Catalog Uncoupling,State-level recommendation series unmapped,Recommended sheet Work_ID series does not map to sanctioned master series in source workbook; recommendation dates unlinked.
WS/MP18010/2025-2026/182173,DQ_MISSING_REC_SERIES,data_quality,Low,15,AP Catalog Uncoupling,State-level recommendation series unmapped,Recommended sheet Work_ID series does not map to sanctioned master series in source workbook; recommendation dates unlinked.
WS/MP18010/2025-2026/230000,DQ_MISSING_REC_SERIES,data_quality,Low,15,AP Catalog Uncoupling,State-level recommendation series unmapped,Recommended sheet Work_ID series does not map to sanctioned master series in source workbook; recommendation dates unlinked.
WS/MP18010/2025-2026/201982,DQ_MISSING_REC_SERIES,data_quality,Low,15,AP Catalog Uncoupling,State-level recommendation series unmapped,Recommended sheet Work_ID series does not map to sanctioned master series in source workbook; recommendation dates unlinked.
WS/MP18010/2025-2026/213636,DQ_DISBURSEMENT_RECONCILIATION_GAP,data_quality,Moderate,25,"Disb: None, Exp: 498819.0",Transaction expenditure without master disbursement OR completed without disbursement OR > 5% mismatch,"Expenditure transactions record ₹498,819.00 disbursed, but master amount_disbursed is unpopulated."
WS/MP18010/2025-2026/213636,DQ_MISSING_REC_SERIES,data_quality,Low,15,AP Catalog Uncoupling,State-level recommendation series unmapped,Recommended sheet Work_ID series does not map to sanctioned master series in source workbook; recommendation dates unlinked.
WS/MP18010/2025-2026/182167,DQ_MISSING_REC_SERIES,data_quality,Low,15,AP Catalog Uncoupling,State-level recommendation series unmapped,Recommended sheet Work_ID series does not map to sanctioned master series in source workbook; recommendation dates unlinked.
WS/MP403/2025-2026/227768,DQ_DISBURSEMENT_RECONCILIATION_GAP,data_quality,Moderate,25,"Disb: None, Exp: 725000.0",Transaction expenditure without master disbursement OR completed without disbursement OR > 5% mismatch,"Expenditure transactions record ₹725,000.00 disbursed, but master amount_disbursed is unpopulated."
WS/MP403/2025-2026/227768,DQ_MISSING_REC_SERIES,data_quality,Low,15,AP Catalog Uncoupling,State-level recommendation series unmapped,Recommended sheet Work_ID series does not map to sanctioned master series in source workbook; recommendation dates unlinked.
WS/MP403/2025-2026/207893,DQ_MISSING_REC_SERIES,data_quality,Low,15,AP Catalog Uncoupling,State-level recommendation series unmapped,Recommended sheet Work_ID series does not map to sanctioned master series in source workbook; recommendation dates unlinked.
WS/MP403/2025-2026/241349,DQ_MISSING_REC_SERIES,data_quality,Low,15,AP Catalog Uncoupling,State-level recommendation series unmapped,Recommended sheet Work_ID series does not map to sanctioned master series in source workbook; recommendation dates unlinked.
WS/MP403/2025-2026/207887,DQ_MISSING_REC_SERIES,data_quality,Low,15,AP Catalog Uncoupling,State-level recommendation series unmapped,Recommended sheet Work_ID series does not map to sanctioned master series in source workbook; recommendation dates unlinked.
WS/MP403/2024-2025/163576,TX_EARLY_STAGE_HIGH_EXP,transaction_pattern,Moderate,30,99.3% spent during 'Vendor Identification',>= 75% expenditure in preliminary status,"99.3% of sanctioned budget is represented by expenditure transactions (₹992,801.00) while project status remains officially in 'Vendor Identification'."
WS/MP403/2024-2025/163576,LIFE_STATUS_DISCONNECT,lifecycle_execution,Moderate,25,"Status: Vendor Identification, Exp: 99.3%",Substantial financial execution prior to execution milestone,Complete or near-complete financial disbursement precedes formal physical execution milestones (Status: 'Vendor Identification').
WS/MP403/2024-2025/163576,DQ_DISBURSEMENT_RECONCILIATION_GAP,data_quality,Moderate,25,"Disb: None, Exp: 992801.0",Transaction expenditure without master disbursement OR completed without disbursement OR > 5% mismatch,"Expenditure transactions record ₹992,801.00 disbursed, but master amount_disbursed is unpopulated."
WS/MP403/2024-2025/163576,DQ_MISSING_REC_SERIES,data_quality,Low,15,AP Catalog Uncoupling,State-level recommendation series unmapped,Recommended sheet Work_ID series does not map to sanctioned master series in source workbook; recommendation dates unlinked.
WS/MP403/2025-2026/227769,DQ_DISBURSEMENT_RECONCILIATION_GAP,data_quality,Moderate,25,"Disb: None, Exp: 725000.0",Transaction expenditure without master disbursement OR completed without disbursement OR > 5% mismatch,"Expenditure transactions record ₹725,000.00 disbursed, but master amount_disbursed is unpopulated."
WS/MP403/2025-2026/227769,DQ_MISSING_REC_SERIES,data_quality,Low,15,AP Catalog Uncoupling,State-level recommendation series unmapped,Recommended sheet Work_ID series does not map to sanctioned master series in source workbook; recommendation dates unlinked.
WS/MP403/2025-2026/254763,DQ_DISBURSEMENT_RECONCILIATION_GAP,data_quality,Moderate,25,"Disb: None, Exp: 497139.0",Transaction expenditure without master disbursement OR completed without disbursement OR > 5% mismatch,"Expenditure transactions record ₹497,139.00 disbursed, but master amount_disbursed is unpopulated."
WS/MP403/2025-2026/254763,DQ_MISSING_REC_SERIES,data_quality,Low,15,AP Catalog Uncoupling,State-level recommendation series unmapped,Recommended sheet Work_ID series does not map to sanctioned master series in source workbook; recommendation dates unlinked.
WS/MP403/2025-2026/207891,DQ_MISSING_REC_SERIES,data_quality,Low,15,AP Catalog Uncoupling,State-level recommendation series unmapped,Recommended sheet Work_ID series does not map to sanctioned master series in source workbook; recommendation dates unlinked.
WS/MP18016/2025-2026/221411,DQ_MISSING_REC_SERIES,data_quality,Low,15,AP Catalog Uncoupling,State-level recommendation series unmapped,Recommended sheet Work_ID series does not map to sanctioned master series in source workbook; recommendation dates unlinked.
WS/MP18016/2025-2026/251882,DQ_MISSING_REC_SERIES,data_quality,Low,15,AP Catalog Uncoupling,State-level recommendation series unmapped,Recommended sheet Work_ID series does not map to sanctioned master series in source workbook; recommendation dates unlinked.
WS/MP18016/2025-2026/251884,DQ_DISBURSEMENT_RECONCILIATION_GAP,data_quality,Moderate,25,"Disb: None, Exp: 1642866.0",Transaction expenditure without master disbursement OR completed without disbursement OR > 5% mismatch,"Expenditure transactions record ₹1,642,866.00 disbursed, but master amount_disbursed is unpopulated."
WS/MP18016/2025-2026/251884,DQ_MISSING_REC_SERIES,data_quality,Low,15,AP Catalog Uncoupling,State-level recommendation series unmapped,Recommended sheet Work_ID series does not map to sanctioned master series in source workbook; recommendation dates unlinked.
WS/MP18016/2025-2026/251883,DQ_DISBURSEMENT_RECONCILIATION_GAP,data_quality,Moderate,25,"Disb: None, Exp: 1396663.0",Transaction expenditure without master disbursement OR completed without disbursement OR > 5% mismatch,"Expenditure transactions record ₹1,396,663.00 disbursed, but master amount_disbursed is unpopulated."
WS/MP18016/2025-2026/251883,DQ_MISSING_REC_SERIES,data_quality,Low,15,AP Catalog Uncoupling,State-level recommendation series unmapped,Recommended sheet Work_ID series does not map to sanctioned master series in source workbook; recommendation dates unlinked.
WS/MP18016/2026-2027/292111,DQ_MISSING_REC_SERIES,data_quality,Low,15,AP Catalog Uncoupling,State-level recommendation series unmapped,Recommended sheet Work_ID series does not map to sanctioned master series in source workbook; recommendation dates unlinked.
WS/MP18016/2026-2027/277854,DQ_MISSING_REC_SERIES,data_quality,Low,15,AP Catalog Uncoupling,State-level recommendation series unmapped,Recommended sheet Work_ID series does not map to sanctioned master series in source workbook; recommendation dates unlinked.
WS/MP18016/2025-2026/252028,DQ_MISSING_REC_SERIES,data_quality,Low,15,AP Catalog Uncoupling,State-level recommendation series unmapped,Recommended sheet Work_ID series does not map to sanctioned master series in source workbook; recommendation dates unlinked.
WS/MP18016/2026-2027/279535,DQ_MISSING_REC_SERIES,data_quality,Low,15,AP Catalog Uncoupling,State-level recommendation series unmapped,Recommended sheet Work_ID series does not map to sanctioned master series in source workbook; recommendation dates unlinked.
WS/MP18012/2026-2027/277368,DQ_MISSING_REC_SERIES,data_quality,Low,15,AP Catalog Uncoupling,State-level recommendation series unmapped,Recommended sheet Work_ID series does not map to sanctioned master series in source workbook; recommendation dates unlinked.
WS/MP18098/2024-2025/180413,LIFE_PROLONGED_STAGNATION,lifecycle_execution,Moderate,30,471 days,> 445 days since last expenditure,No expenditure transactions recorded for 471 days (P90 delay threshold) on an uncompleted project.
WS/MP18098/2024-2025/180437,FIN_DUP_EXPOSURE_HIGH,financial_integrity,High,44,34.0%,>= 30% duplicate expenditure ratio,"Potential duplicate disbursements total ₹848,985.00, representing 34.0% of total recorded expenditure (₹2,499,838.00)."
WS/MP18098/2024-2025/180437,TX_EXACT_DUP_CLUSTER,transaction_pattern,High,40,5 excess copies (10 participating),>= 4 excess duplicate transactions,10 transactions participate in duplicate groups (5 excess redundant copies across 5 clusters).
WS/MP18098/2024-2025/180437,TX_SLICING_EXTREME,transaction_pattern,High,35,15,>= 15 transactions,"Expenditure is fragmented across 15 separate payment transactions (top 1% percentile across 1,000 works)."
WS/MP18098/2024-2025/180437,TX_EARLY_STAGE_HIGH_EXP,transaction_pattern,Moderate,30,100.0% spent during 'Vendor Identification',>= 75% expenditure in preliminary status,"100.0% of sanctioned budget is represented by expenditure transactions (₹2,499,838.00) while project status remains officially in 'Vendor Identification'."
WS/MP18098/2024-2025/180437,LIFE_PROLONGED_STAGNATION,lifecycle_execution,Moderate,30,469 days,> 445 days since last expenditure,No expenditure transactions recorded for 469 days (P90 delay threshold) on an uncompleted project.
WS/MP18098/2024-2025/180437,LIFE_STATUS_DISCONNECT,lifecycle_execution,Moderate,25,"Status: Vendor Identification, Exp: 100.0%",Substantial financial execution prior to execution milestone,Complete or near-complete financial disbursement precedes formal physical execution milestones (Status: 'Vendor Identification').
WS/MP18098/2024-2025/180437,DQ_DISBURSEMENT_RECONCILIATION_GAP,data_quality,Moderate,25,"Disb: None, Exp: 2499838.0",Transaction expenditure without master disbursement OR completed without disbursement OR > 5% mismatch,"Expenditure transactions record ₹2,499,838.00 disbursed, but master amount_disbursed is unpopulated."
WS/MP18098/2026-2027/269785,DQ_DISBURSEMENT_RECONCILIATION_GAP,data_quality,Moderate,25,"Disb: None, Exp: 199604.0",Transaction expenditure without master disbursement OR completed without disbursement OR > 5% mismatch,"Expenditure transactions record ₹199,604.00 disbursed, but master amount_disbursed is unpopulated."
WS/MP444/2024-2025/146251,LIFE_SEVERE_DELAY_COMP,lifecycle_execution,Moderate,25,478 days,> 477 days,Completion required 478 days from recommendation date (P95 threshold).
WS/MP444/2024-2025/165415,DQ_DISBURSEMENT_RECONCILIATION_GAP,data_quality,Moderate,25,"Disb: None, Exp: 331800.0",Transaction expenditure without master disbursement OR completed without disbursement OR > 5% mismatch,"Expenditure transactions record ₹331,800.00 disbursed, but master amount_disbursed is unpopulated."
WS/MP444/2025-2026/193985,DQ_DISBURSEMENT_RECONCILIATION_GAP,data_quality,Moderate,25,"Disb: None, Exp: 99950.0",Transaction expenditure without master disbursement OR completed without disbursement OR > 5% mismatch,"Expenditure transactions record ₹99,950.00 disbursed, but master amount_disbursed is unpopulated."
WS/MP444/2025-2026/208017,DQ_DISBURSEMENT_RECONCILIATION_GAP,data_quality,Moderate,25,"Disb: None, Exp: 1000000.0",Transaction expenditure without master disbursement OR completed without disbursement OR > 5% mismatch,"Expenditure transactions record ₹1,000,000.00 disbursed, but master amount_disbursed is unpopulated."
WS/MP444/2025-2026/231609,DQ_DISBURSEMENT_RECONCILIATION_GAP,data_quality,Moderate,25,"Disb: None, Exp: 474821.0",Transaction expenditure without master disbursement OR completed without disbursement OR > 5% mismatch,"Expenditure transactions record ₹474,821.00 disbursed, but master amount_disbursed is unpopulated."
WS/MP655/2025-2026/201504,DQ_DISBURSEMENT_RECONCILIATION_GAP,data_quality,Moderate,25,"Disb: None, Exp: 99802.0",Transaction expenditure without master disbursement OR completed without disbursement OR > 5% mismatch,"Expenditure transactions record ₹99,802.00 disbursed, but master amount_disbursed is unpopulated."
WS/MP655/2025-2026/258104,DQ_DISBURSEMENT_RECONCILIATION_GAP,data_quality,Moderate,25,"Disb: None, Exp: 386145.0",Transaction expenditure without master disbursement OR completed without disbursement OR > 5% mismatch,"Expenditure transactions record ₹386,145.00 disbursed, but master amount_disbursed is unpopulated."
WS/MP655/2025-2026/258248,DQ_DISBURSEMENT_RECONCILIATION_GAP,data_quality,Moderate,25,"Disb: None, Exp: 386145.0",Transaction expenditure without master disbursement OR completed without disbursement OR > 5% mismatch,"Expenditure transactions record ₹386,145.00 disbursed, but master amount_disbursed is unpopulated."
WS/MP655/2025-2026/258303,DQ_DISBURSEMENT_RECONCILIATION_GAP,data_quality,Moderate,25,"Disb: None, Exp: 386145.0",Transaction expenditure without master disbursement OR completed without disbursement OR > 5% mismatch,"Expenditure transactions record ₹386,145.00 disbursed, but master amount_disbursed is unpopulated."
WS/MP18099/2024-2025/175434,TX_EARLY_STAGE_HIGH_EXP,transaction_pattern,Moderate,30,86.8% spent during 'Vendor Identification',>= 75% expenditure in preliminary status,"86.8% of sanctioned budget is represented by expenditure transactions (₹954,936.00) while project status remains officially in 'Vendor Identification'."
WS/MP18099/2024-2025/175434,LIFE_STATUS_DISCONNECT,lifecycle_execution,Moderate,25,"Status: Vendor Identification, Exp: 86.8%",Substantial financial execution prior to execution milestone,Complete or near-complete financial disbursement precedes formal physical execution milestones (Status: 'Vendor Identification').
WS/MP18099/2024-2025/175434,DQ_DISBURSEMENT_RECONCILIATION_GAP,data_quality,Moderate,25,"Disb: None, Exp: 954936.0",Transaction expenditure without master disbursement OR completed without disbursement OR > 5% mismatch,"Expenditure transactions record ₹954,936.00 disbursed, but master amount_disbursed is unpopulated."
WS/MP18099/2025-2026/176443,DQ_DISBURSEMENT_RECONCILIATION_GAP,data_quality,Moderate,25,"Disb: None, Exp: 3500000.0",Transaction expenditure without master disbursement OR completed without disbursement OR > 5% mismatch,"Expenditure transactions record ₹3,500,000.00 disbursed, but master amount_disbursed is unpopulated."
WS/MP18099/2025-2026/218950,DQ_DISBURSEMENT_RECONCILIATION_GAP,data_quality,Moderate,25,"Disb: None, Exp: 433324.0",Transaction expenditure without master disbursement OR completed without disbursement OR > 5% mismatch,"Expenditure transactions record ₹433,324.00 disbursed, but master amount_disbursed is unpopulated."
WS/MP18099/2025-2026/255518,DQ_DISBURSEMENT_RECONCILIATION_GAP,data_quality,Moderate,25,"Disb: None, Exp: 750000.0",Transaction expenditure without master disbursement OR completed without disbursement OR > 5% mismatch,"Expenditure transactions record ₹750,000.00 disbursed, but master amount_disbursed is unpopulated."
WS/MP18099/2026-2027/269942,DQ_DISBURSEMENT_RECONCILIATION_GAP,data_quality,Moderate,25,"Disb: None, Exp: 250000.0",Transaction expenditure without master disbursement OR completed without disbursement OR > 5% mismatch,"Expenditure transactions record ₹250,000.00 disbursed, but master amount_disbursed is unpopulated."
WS/MP18099/2026-2027/281679,DQ_DISBURSEMENT_RECONCILIATION_GAP,data_quality,Moderate,25,"Disb: None, Exp: 700000.0",Transaction expenditure without master disbursement OR completed without disbursement OR > 5% mismatch,"Expenditure transactions record ₹700,000.00 disbursed, but master amount_disbursed is unpopulated."
WS/MP18100/2024-2025/164789,LIFE_PROLONGED_STAGNATION,lifecycle_execution,Moderate,30,523 days,> 445 days since last expenditure,No expenditure transactions recorded for 523 days (P90 delay threshold) on an uncompleted project.
WS/MP18100/2024-2025/164789,DQ_DISBURSEMENT_RECONCILIATION_GAP,data_quality,Moderate,25,"Disb: None, Exp: 60000.0",Transaction expenditure without master disbursement OR completed without disbursement OR > 5% mismatch,"Expenditure transactions record ₹60,000.00 disbursed, but master amount_disbursed is unpopulated."
WS/MP18100/2025-2026/241964,DQ_DISBURSEMENT_RECONCILIATION_GAP,data_quality,Moderate,25,"Disb: None, Exp: 500000.0",Transaction expenditure without master disbursement OR completed without disbursement OR > 5% mismatch,"Expenditure transactions record ₹500,000.00 disbursed, but master amount_disbursed is unpopulated."
WS/MP18100/2026-2027/263129,DQ_DISBURSEMENT_RECONCILIATION_GAP,data_quality,Moderate,25,"Disb: None, Exp: 75000.0",Transaction expenditure without master disbursement OR completed without disbursement OR > 5% mismatch,"Expenditure transactions record ₹75,000.00 disbursed, but master amount_disbursed is unpopulated."
WS/MP18101/2024-2025/141644,LIFE_PROLONGED_STAGNATION,lifecycle_execution,Moderate,30,598 days,> 445 days since last expenditure,No expenditure transactions recorded for 598 days (P90 delay threshold) on an uncompleted project.
WS/MP18101/2025-2026/182530,DQ_DISBURSEMENT_RECONCILIATION_GAP,data_quality,Moderate,25,"Disb: None, Exp: 999000.0",Transaction expenditure without master disbursement OR completed without disbursement OR > 5% mismatch,"Expenditure transactions record ₹999,000.00 disbursed, but master amount_disbursed is unpopulated."
WS/MP18101/2025-2026/261580,DQ_DISBURSEMENT_RECONCILIATION_GAP,data_quality,Moderate,25,"Disb: None, Exp: 581149.0",Transaction expenditure without master disbursement OR completed without disbursement OR > 5% mismatch,"Expenditure transactions record ₹581,149.00 disbursed, but master amount_disbursed is unpopulated."
WS/MP18101/2026-2027/287604,DQ_DISBURSEMENT_RECONCILIATION_GAP,data_quality,Moderate,25,"Disb: None, Exp: 300000.0",Transaction expenditure without master disbursement OR completed without disbursement OR > 5% mismatch,"Expenditure transactions record ₹300,000.00 disbursed, but master amount_disbursed is unpopulated."
WS/MP653/2024-2025/153579,LIFE_PROLONGED_STAGNATION,lifecycle_execution,Moderate,30,624 days,> 445 days since last expenditure,No expenditure transactions recorded for 624 days (P90 delay threshold) on an uncompleted project.
WS/MP653/2024-2025/153579,DQ_DISBURSEMENT_RECONCILIATION_GAP,data_quality,Moderate,25,"Disb: None, Exp: 500000.0",Transaction expenditure without master disbursement OR completed without disbursement OR > 5% mismatch,"Expenditure transactions record ₹500,000.00 disbursed, but master amount_disbursed is unpopulated."
WS/MP653/2025-2026/155146,LIFE_PROLONGED_STAGNATION,lifecycle_execution,Moderate,30,519 days,> 445 days since last expenditure,No expenditure transactions recorded for 519 days (P90 delay threshold) on an uncompleted project.
WS/MP653/2025-2026/155146,DQ_DISBURSEMENT_RECONCILIATION_GAP,data_quality,Moderate,25,"Disb: None, Exp: 250000.0",Transaction expenditure without master disbursement OR completed without disbursement OR > 5% mismatch,"Expenditure transactions record ₹250,000.00 disbursed, but master amount_disbursed is unpopulated."
WS/MP653/2025-2026/199616,DQ_DISBURSEMENT_RECONCILIATION_GAP,data_quality,Moderate,25,"Disb: None, Exp: 900000.0",Transaction expenditure without master disbursement OR completed without disbursement OR > 5% mismatch,"Expenditure transactions record ₹900,000.00 disbursed, but master amount_disbursed is unpopulated."
WS/MP653/2025-2026/255393,DQ_DISBURSEMENT_RECONCILIATION_GAP,data_quality,Moderate,25,"Disb: None, Exp: 500000.0",Transaction expenditure without master disbursement OR completed without disbursement OR > 5% mismatch,"Expenditure transactions record ₹500,000.00 disbursed, but master amount_disbursed is unpopulated."
WS/MP653/2026-2027/211361,DQ_DISBURSEMENT_RECONCILIATION_GAP,data_quality,Moderate,25,"Disb: None, Exp: 600000.0",Transaction expenditure without master disbursement OR completed without disbursement OR > 5% mismatch,"Expenditure transactions record ₹600,000.00 disbursed, but master amount_disbursed is unpopulated."
WS/MP18102/2025-2026/186521,TX_SLICING_HIGH,transaction_pattern,Moderate,20,7,>= 6 transactions,Expenditure is fragmented across 7 separate payment transactions (P95 percentile).
WS/MP18102/2025-2026/186521,TX_VENDOR_SPRAWL_HIGH,transaction_pattern,Moderate,20,3,>= 3 vendors,Expenditure is disbursed across 3 distinct contracting entities (P90 percentile).
WS/MP18102/2025-2026/186521,DQ_DISBURSEMENT_RECONCILIATION_GAP,data_quality,Moderate,25,"Disb: 400000.0, Exp: 333670.0",Transaction expenditure without master disbursement OR completed without disbursement OR > 5% mismatch,"Master amount_disbursed (₹400,000.00) differs from transaction sum (₹333,670.00) by ₹66,330.00 (> 5% of sanction)."
WS/MP18102/2025-2026/182452,DQ_DISBURSEMENT_RECONCILIATION_GAP,data_quality,Moderate,25,"Disb: None, Exp: 1200000.0",Transaction expenditure without master disbursement OR completed without disbursement OR > 5% mismatch,"Expenditure transactions record ₹1,200,000.00 disbursed, but master amount_disbursed is unpopulated."
WS/MP18102/2025-2026/216643,TX_EARLY_STAGE_HIGH_EXP,transaction_pattern,Moderate,30,100.0% spent during 'Vendor Identification',>= 75% expenditure in preliminary status,"100.0% of sanctioned budget is represented by expenditure transactions (₹999,647.00) while project status remains officially in 'Vendor Identification'."
WS/MP18102/2025-2026/216643,LIFE_STATUS_DISCONNECT,lifecycle_execution,Moderate,25,"Status: Vendor Identification, Exp: 100.0%",Substantial financial execution prior to execution milestone,Complete or near-complete financial disbursement precedes formal physical execution milestones (Status: 'Vendor Identification').
WS/MP18102/2025-2026/216643,DQ_DISBURSEMENT_RECONCILIATION_GAP,data_quality,Moderate,25,"Disb: None, Exp: 999647.0",Transaction expenditure without master disbursement OR completed without disbursement OR > 5% mismatch,"Expenditure transactions record ₹999,647.00 disbursed, but master amount_disbursed is unpopulated."
WS/MP18102/2025-2026/236608,DQ_MISSING_REC_SERIES,data_quality,Low,15,AP Catalog Uncoupling,State-level recommendation series unmapped,Recommended sheet Work_ID series does not map to sanctioned master series in source workbook; recommendation dates unlinked.
WS/MP18102/2026-2027/290298,DQ_DISBURSEMENT_RECONCILIATION_GAP,data_quality,Moderate,25,"Disb: None, Exp: 120000.0",Transaction expenditure without master disbursement OR completed without disbursement OR > 5% mismatch,"Expenditure transactions record ₹120,000.00 disbursed, but master amount_disbursed is unpopulated."
WS/MP18102/2026-2027/286586,DQ_DISBURSEMENT_RECONCILIATION_GAP,data_quality,Moderate,25,"Disb: None, Exp: 1248000.0",Transaction expenditure without master disbursement OR completed without disbursement OR > 5% mismatch,"Expenditure transactions record ₹1,248,000.00 disbursed, but master amount_disbursed is unpopulated."
WS/MP18357/2024-2025/151500,DQ_MISSING_CORE_DESC,data_quality,Moderate,20,<BLANK>,work_description is null or blank,The statutory project description field is blank or unpopulated in the works register.
WS/MP18357/2024-2025/160266,LIFE_PROLONGED_STAGNATION,lifecycle_execution,Moderate,30,555 days,> 445 days since last expenditure,No expenditure transactions recorded for 555 days (P90 delay threshold) on an uncompleted project.
WS/MP18357/2024-2025/146473,LIFE_PROLONGED_STAGNATION,lifecycle_execution,Moderate,30,548 days,> 445 days since last expenditure,No expenditure transactions recorded for 548 days (P90 delay threshold) on an uncompleted project.
WS/MP18357/2024-2025/146473,DQ_DISBURSEMENT_RECONCILIATION_GAP,data_quality,Moderate,25,"Disb: None, Exp: 120000.0",Transaction expenditure without master disbursement OR completed without disbursement OR > 5% mismatch,"Expenditure transactions record ₹120,000.00 disbursed, but master amount_disbursed is unpopulated."
WS/MP18357/2024-2025/146474,LIFE_PROLONGED_STAGNATION,lifecycle_execution,Moderate,30,549 days,> 445 days since last expenditure,No expenditure transactions recorded for 549 days (P90 delay threshold) on an uncompleted project.
WS/MP18357/2024-2025/146474,DQ_DISBURSEMENT_RECONCILIATION_GAP,data_quality,Moderate,25,"Disb: None, Exp: 128400.0",Transaction expenditure without master disbursement OR completed without disbursement OR > 5% mismatch,"Expenditure transactions record ₹128,400.00 disbursed, but master amount_disbursed is unpopulated."
WS/MP18357/2024-2025/157805,DQ_DISBURSEMENT_RECONCILIATION_GAP,data_quality,Moderate,25,"Disb: None, Exp: 600000.0",Transaction expenditure without master disbursement OR completed without disbursement OR > 5% mismatch,"Expenditure transactions record ₹600,000.00 disbursed, but master amount_disbursed is unpopulated."
WS/MP18357/2024-2025/157805,DQ_MISSING_CORE_DESC,data_quality,Moderate,20,<BLANK>,work_description is null or blank,The statutory project description field is blank or unpopulated in the works register.
WS/MP18357/2024-2025/159339,LIFE_PROLONGED_STAGNATION,lifecycle_execution,Moderate,30,519 days,> 445 days since last expenditure,No expenditure transactions recorded for 519 days (P90 delay threshold) on an uncompleted project.
WS/MP18357/2024-2025/159339,DQ_DISBURSEMENT_RECONCILIATION_GAP,data_quality,Moderate,25,"Disb: None, Exp: 300000.0",Transaction expenditure without master disbursement OR completed without disbursement OR > 5% mismatch,"Expenditure transactions record ₹300,000.00 disbursed, but master amount_disbursed is unpopulated."
WS/MP18103/2025-2026/224380,DQ_DISBURSEMENT_RECONCILIATION_GAP,data_quality,Moderate,25,"Disb: None, Exp: 643010.0",Transaction expenditure without master disbursement OR completed without disbursement OR > 5% mismatch,"Expenditure transactions record ₹643,010.00 disbursed, but master amount_disbursed is unpopulated."
WS/MP18103/2025-2026/238995,DQ_DISBURSEMENT_RECONCILIATION_GAP,data_quality,Moderate,25,"Disb: None, Exp: 579058.0",Transaction expenditure without master disbursement OR completed without disbursement OR > 5% mismatch,"Expenditure transactions record ₹579,058.00 disbursed, but master amount_disbursed is unpopulated."
WS/MP18104/2025-2026/152190,TX_EARLY_STAGE_HIGH_EXP,transaction_pattern,Moderate,30,82.6% spent during 'Vendor Identification',>= 75% expenditure in preliminary status,"82.6% of sanctioned budget is represented by expenditure transactions (₹95,000.00) while project status remains officially in 'Vendor Identification'."
WS/MP18104/2025-2026/152190,LIFE_PROLONGED_STAGNATION,lifecycle_execution,Moderate,30,465 days,> 445 days since last expenditure,No expenditure transactions recorded for 465 days (P90 delay threshold) on an uncompleted project.
WS/MP18104/2025-2026/152190,LIFE_STATUS_DISCONNECT,lifecycle_execution,Moderate,25,"Status: Vendor Identification, Exp: 82.6%",Substantial financial execution prior to execution milestone,Complete or near-complete financial disbursement precedes formal physical execution milestones (Status: 'Vendor Identification').
WS/MP18104/2025-2026/152190,DQ_DISBURSEMENT_RECONCILIATION_GAP,data_quality,Moderate,25,"Disb: None, Exp: 95000.0",Transaction expenditure without master disbursement OR completed without disbursement OR > 5% mismatch,"Expenditure transactions record ₹95,000.00 disbursed, but master amount_disbursed is unpopulated."
WS/MP18104/2025-2026/161488,LIFE_PROLONGED_STAGNATION,lifecycle_execution,Moderate,30,467 days,> 445 days since last expenditure,No expenditure transactions recorded for 467 days (P90 delay threshold) on an uncompleted project.
WS/MP18104/2025-2026/222746,DQ_DISBURSEMENT_RECONCILIATION_GAP,data_quality,Moderate,25,"Disb: None, Exp: 150000.0",Transaction expenditure without master disbursement OR completed without disbursement OR > 5% mismatch,"Expenditure transactions record ₹150,000.00 disbursed, but master amount_disbursed is unpopulated."
WS/MP18104/2026-2027/255527,DQ_DISBURSEMENT_RECONCILIATION_GAP,data_quality,Moderate,25,"Disb: None, Exp: 245000.0",Transaction expenditure without master disbursement OR completed without disbursement OR > 5% mismatch,"Expenditure transactions record ₹245,000.00 disbursed, but master amount_disbursed is unpopulated."
WS/MP650/2025-2026/206645,TX_EARLY_STAGE_HIGH_EXP,transaction_pattern,Moderate,30,100.0% spent during 'Vendor Identification',>= 75% expenditure in preliminary status,"100.0% of sanctioned budget is represented by expenditure transactions (₹1,000,000.00) while project status remains officially in 'Vendor Identification'."
WS/MP650/2025-2026/206645,LIFE_STATUS_DISCONNECT,lifecycle_execution,Moderate,25,"Status: Vendor Identification, Exp: 100.0%",Substantial financial execution prior to execution milestone,Complete or near-complete financial disbursement precedes formal physical execution milestones (Status: 'Vendor Identification').
WS/MP650/2025-2026/206645,DQ_DISBURSEMENT_RECONCILIATION_GAP,data_quality,Moderate,25,"Disb: None, Exp: 1000000.0",Transaction expenditure without master disbursement OR completed without disbursement OR > 5% mismatch,"Expenditure transactions record ₹1,000,000.00 disbursed, but master amount_disbursed is unpopulated."
WS/MP650/2025-2026/270879,TX_VENDOR_SPRAWL_HIGH,transaction_pattern,Moderate,20,4,>= 3 vendors,Expenditure is disbursed across 4 distinct contracting entities (P90 percentile).
WS/MP650/2025-2026/270879,TX_EARLY_STAGE_HIGH_EXP,transaction_pattern,Moderate,30,99.0% spent during 'Vendor Identification',>= 75% expenditure in preliminary status,"99.0% of sanctioned budget is represented by expenditure transactions (₹494,996.00) while project status remains officially in 'Vendor Identification'."
WS/MP650/2025-2026/270879,LIFE_STATUS_DISCONNECT,lifecycle_execution,Moderate,25,"Status: Vendor Identification, Exp: 99.0%",Substantial financial execution prior to execution milestone,Complete or near-complete financial disbursement precedes formal physical execution milestones (Status: 'Vendor Identification').
WS/MP650/2025-2026/270879,DQ_DISBURSEMENT_RECONCILIATION_GAP,data_quality,Moderate,25,"Disb: None, Exp: 494996.0",Transaction expenditure without master disbursement OR completed without disbursement OR > 5% mismatch,"Expenditure transactions record ₹494,996.00 disbursed, but master amount_disbursed is unpopulated."
WS/MP18105/2025-2026/213660,DQ_DISBURSEMENT_RECONCILIATION_GAP,data_quality,Moderate,25,"Disb: None, Exp: 163424.0",Transaction expenditure without master disbursement OR completed without disbursement OR > 5% mismatch,"Expenditure transactions record ₹163,424.00 disbursed, but master amount_disbursed is unpopulated."
WS/MP18105/2025-2026/185674,TX_EARLY_STAGE_HIGH_EXP,transaction_pattern,Moderate,30,97.9% spent during 'Vendor Identification',>= 75% expenditure in preliminary status,"97.9% of sanctioned budget is represented by expenditure transactions (₹179,205.00) while project status remains officially in 'Vendor Identification'."
WS/MP18105/2025-2026/185674,LIFE_STATUS_DISCONNECT,lifecycle_execution,Moderate,25,"Status: Vendor Identification, Exp: 97.9%",Substantial financial execution prior to execution milestone,Complete or near-complete financial disbursement precedes formal physical execution milestones (Status: 'Vendor Identification').
WS/MP18105/2025-2026/185674,DQ_DISBURSEMENT_RECONCILIATION_GAP,data_quality,Moderate,25,"Disb: None, Exp: 179205.0",Transaction expenditure without master disbursement OR completed without disbursement OR > 5% mismatch,"Expenditure transactions record ₹179,205.00 disbursed, but master amount_disbursed is unpopulated."
WS/MP18105/2025-2026/185726,DQ_DISBURSEMENT_RECONCILIATION_GAP,data_quality,Moderate,25,"Disb: None, Exp: 233596.0",Transaction expenditure without master disbursement OR completed without disbursement OR > 5% mismatch,"Expenditure transactions record ₹233,596.00 disbursed, but master amount_disbursed is unpopulated."
WS/MP18105/2025-2026/187036,DQ_DISBURSEMENT_RECONCILIATION_GAP,data_quality,Moderate,25,"Disb: None, Exp: 212281.0",Transaction expenditure without master disbursement OR completed without disbursement OR > 5% mismatch,"Expenditure transactions record ₹212,281.00 disbursed, but master amount_disbursed is unpopulated."
WS/MP446/2025-2026/229240,DQ_DISBURSEMENT_RECONCILIATION_GAP,data_quality,Moderate,25,"Disb: None, Exp: 720000.0",Transaction expenditure without master disbursement OR completed without disbursement OR > 5% mismatch,"Expenditure transactions record ₹720,000.00 disbursed, but master amount_disbursed is unpopulated."
WS/MP446/2025-2026/248095,DQ_DISBURSEMENT_RECONCILIATION_GAP,data_quality,Moderate,25,"Disb: None, Exp: 1260000.0",Transaction expenditure without master disbursement OR completed without disbursement OR > 5% mismatch,"Expenditure transactions record ₹1,260,000.00 disbursed, but master amount_disbursed is unpopulated."
WS/MP446/2026-2027/288636,DQ_DISBURSEMENT_RECONCILIATION_GAP,data_quality,Moderate,25,"Disb: None, Exp: 500000.0",Transaction expenditure without master disbursement OR completed without disbursement OR > 5% mismatch,"Expenditure transactions record ₹500,000.00 disbursed, but master amount_disbursed is unpopulated."
WS/MP446/2026-2027/286961,DQ_MISSING_REC_SERIES,data_quality,Low,15,AP Catalog Uncoupling,State-level recommendation series unmapped,Recommended sheet Work_ID series does not map to sanctioned master series in source workbook; recommendation dates unlinked.
WS/MP643/2024-2025/164772,LIFE_PROLONGED_STAGNATION,lifecycle_execution,Moderate,30,574 days,> 445 days since last expenditure,No expenditure transactions recorded for 574 days (P90 delay threshold) on an uncompleted project.
WS/MP643/2024-2025/164772,DQ_DISBURSEMENT_RECONCILIATION_GAP,data_quality,Moderate,25,"Disb: None, Exp: 190546.0",Transaction expenditure without master disbursement OR completed without disbursement OR > 5% mismatch,"Expenditure transactions record ₹190,546.00 disbursed, but master amount_disbursed is unpopulated."
WS/MP643/2025-2026/208818,TX_EARLY_STAGE_HIGH_EXP,transaction_pattern,Moderate,30,100.0% spent during 'Vendor Identification',>= 75% expenditure in preliminary status,"100.0% of sanctioned budget is represented by expenditure transactions (₹190,930.00) while project status remains officially in 'Vendor Identification'."
WS/MP643/2025-2026/208818,LIFE_STATUS_DISCONNECT,lifecycle_execution,Moderate,25,"Status: Vendor Identification, Exp: 100.0%",Substantial financial execution prior to execution milestone,Complete or near-complete financial disbursement precedes formal physical execution milestones (Status: 'Vendor Identification').
WS/MP643/2025-2026/208818,DQ_DISBURSEMENT_RECONCILIATION_GAP,data_quality,Moderate,25,"Disb: None, Exp: 190930.0",Transaction expenditure without master disbursement OR completed without disbursement OR > 5% mismatch,"Expenditure transactions record ₹190,930.00 disbursed, but master amount_disbursed is unpopulated."
WS/MP641/2024-2025/133909,LIFE_PROLONGED_STAGNATION,lifecycle_execution,Moderate,30,641 days,> 445 days since last expenditure,No expenditure transactions recorded for 641 days (P90 delay threshold) on an uncompleted project.
WS/MP641/2024-2025/133909,DQ_DISBURSEMENT_RECONCILIATION_GAP,data_quality,Moderate,25,"Disb: None, Exp: 150000.0",Transaction expenditure without master disbursement OR completed without disbursement OR > 5% mismatch,"Expenditure transactions record ₹150,000.00 disbursed, but master amount_disbursed is unpopulated."
WS/MP641/2025-2026/256100,DQ_DISBURSEMENT_RECONCILIATION_GAP,data_quality,Moderate,25,"Disb: None, Exp: 159212.0",Transaction expenditure without master disbursement OR completed without disbursement OR > 5% mismatch,"Expenditure transactions record ₹159,212.00 disbursed, but master amount_disbursed is unpopulated."
WS/MP641/2026-2027/281877,DQ_DISBURSEMENT_RECONCILIATION_GAP,data_quality,Moderate,25,"Disb: None, Exp: 100000.0",Transaction expenditure without master disbursement OR completed without disbursement OR > 5% mismatch,"Expenditure transactions record ₹100,000.00 disbursed, but master amount_disbursed is unpopulated."
WS/MP640/2025-2026/164834,DQ_DISBURSEMENT_RECONCILIATION_GAP,data_quality,Moderate,25,"Disb: None, Exp: 497284.0",Transaction expenditure without master disbursement OR completed without disbursement OR > 5% mismatch,"Expenditure transactions record ₹497,284.00 disbursed, but master amount_disbursed is unpopulated."
WS/MP640/2025-2026/165549,LIFE_PROLONGED_STAGNATION,lifecycle_execution,Moderate,30,480 days,> 445 days since last expenditure,No expenditure transactions recorded for 480 days (P90 delay threshold) on an uncompleted project.
WS/MP640/2025-2026/165549,DQ_DISBURSEMENT_RECONCILIATION_GAP,data_quality,Moderate,25,"Disb: None, Exp: 150000.0",Transaction expenditure without master disbursement OR completed without disbursement OR > 5% mismatch,"Expenditure transactions record ₹150,000.00 disbursed, but master amount_disbursed is unpopulated."
WS/MP640/2025-2026/165579,LIFE_SEVERE_DELAY_SANCTION,lifecycle_execution,Moderate,20,335 days,> 323 days,Sanction required 335 days from recommendation date (P95 threshold).
WS/MP356/2024-2025/140604,TX_EARLY_STAGE_HIGH_EXP,transaction_pattern,Moderate,30,100.0% spent during 'Vendor Identification',>= 75% expenditure in preliminary status,"100.0% of sanctioned budget is represented by expenditure transactions (₹400,000.00) while project status remains officially in 'Vendor Identification'."
WS/MP356/2024-2025/140604,LIFE_PROLONGED_STAGNATION,lifecycle_execution,Moderate,30,635 days,> 445 days since last expenditure,No expenditure transactions recorded for 635 days (P90 delay threshold) on an uncompleted project.
WS/MP356/2024-2025/140604,LIFE_STATUS_DISCONNECT,lifecycle_execution,Moderate,25,"Status: Vendor Identification, Exp: 100.0%",Substantial financial execution prior to execution milestone,Complete or near-complete financial disbursement precedes formal physical execution milestones (Status: 'Vendor Identification').
WS/MP356/2024-2025/140604,DQ_DISBURSEMENT_RECONCILIATION_GAP,data_quality,Moderate,25,"Disb: None, Exp: 400000.0",Transaction expenditure without master disbursement OR completed without disbursement OR > 5% mismatch,"Expenditure transactions record ₹400,000.00 disbursed, but master amount_disbursed is unpopulated."
WS/MP356/2025-2026/156428,LIFE_SEVERE_DELAY_COMP,lifecycle_execution,Moderate,25,615 days,> 477 days,Completion required 615 days from recommendation date (P95 threshold).
WS/MP356/2026-2027/233331,LIFE_SEVERE_DELAY_SANCTION,lifecycle_execution,Moderate,20,333 days,> 323 days,Sanction required 333 days from recommendation date (P95 threshold).
WS/MP356/2026-2027/283752,DQ_DISBURSEMENT_RECONCILIATION_GAP,data_quality,Moderate,25,"Disb: None, Exp: 125000.0",Transaction expenditure without master disbursement OR completed without disbursement OR > 5% mismatch,"Expenditure transactions record ₹125,000.00 disbursed, but master amount_disbursed is unpopulated."
WS/MP18106/2024-2025/146922,TX_EARLY_STAGE_HIGH_EXP,transaction_pattern,Moderate,30,100.0% spent during 'Vendor Identification',>= 75% expenditure in preliminary status,"100.0% of sanctioned budget is represented by expenditure transactions (₹800,000.00) while project status remains officially in 'Vendor Identification'."
WS/MP18106/2024-2025/146922,LIFE_STATUS_DISCONNECT,lifecycle_execution,Moderate,25,"Status: Vendor Identification, Exp: 100.0%",Substantial financial execution prior to execution milestone,Complete or near-complete financial disbursement precedes formal physical execution milestones (Status: 'Vendor Identification').
WS/MP18106/2024-2025/146922,DQ_DISBURSEMENT_RECONCILIATION_GAP,data_quality,Moderate,25,"Disb: None, Exp: 800000.0",Transaction expenditure without master disbursement OR completed without disbursement OR > 5% mismatch,"Expenditure transactions record ₹800,000.00 disbursed, but master amount_disbursed is unpopulated."
WS/MP18106/2024-2025/178283,LIFE_PROLONGED_STAGNATION,lifecycle_execution,Moderate,30,461 days,> 445 days since last expenditure,No expenditure transactions recorded for 461 days (P90 delay threshold) on an uncompleted project.
WS/MP18106/2025-2026/178280,DQ_DISBURSEMENT_RECONCILIATION_GAP,data_quality,Moderate,25,"Disb: None, Exp: 81712.0",Transaction expenditure without master disbursement OR completed without disbursement OR > 5% mismatch,"Expenditure transactions record ₹81,712.00 disbursed, but master amount_disbursed is unpopulated."
WS/MP443/2025-2026/140012,TX_EARLY_STAGE_HIGH_EXP,transaction_pattern,Moderate,30,100.0% spent during 'Vendor Identification',>= 75% expenditure in preliminary status,"100.0% of sanctioned budget is represented by expenditure transactions (₹100,000.00) while project status remains officially in 'Vendor Identification'."
WS/MP443/2025-2026/140012,LIFE_PROLONGED_STAGNATION,lifecycle_execution,Moderate,30,494 days,> 445 days since last expenditure,No expenditure transactions recorded for 494 days (P90 delay threshold) on an uncompleted project.
WS/MP443/2025-2026/140012,LIFE_STATUS_DISCONNECT,lifecycle_execution,Moderate,25,"Status: Vendor Identification, Exp: 100.0%",Substantial financial execution prior to execution milestone,Complete or near-complete financial disbursement precedes formal physical execution milestones (Status: 'Vendor Identification').
WS/MP443/2025-2026/140012,DQ_DISBURSEMENT_RECONCILIATION_GAP,data_quality,Moderate,25,"Disb: None, Exp: 100000.0",Transaction expenditure without master disbursement OR completed without disbursement OR > 5% mismatch,"Expenditure transactions record ₹100,000.00 disbursed, but master amount_disbursed is unpopulated."
WS/MP443/2025-2026/227643,TX_EARLY_STAGE_HIGH_EXP,transaction_pattern,Moderate,30,99.7% spent during 'Vendor Identification',>= 75% expenditure in preliminary status,"99.7% of sanctioned budget is represented by expenditure transactions (₹940,710.00) while project status remains officially in 'Vendor Identification'."
WS/MP443/2025-2026/227643,LIFE_STATUS_DISCONNECT,lifecycle_execution,Moderate,25,"Status: Vendor Identification, Exp: 99.7%",Substantial financial execution prior to execution milestone,Complete or near-complete financial disbursement precedes formal physical execution milestones (Status: 'Vendor Identification').
WS/MP443/2025-2026/227643,DQ_DISBURSEMENT_RECONCILIATION_GAP,data_quality,Moderate,25,"Disb: None, Exp: 940710.0",Transaction expenditure without master disbursement OR completed without disbursement OR > 5% mismatch,"Expenditure transactions record ₹940,710.00 disbursed, but master amount_disbursed is unpopulated."
WS/MP443/2025-2026/274165,DQ_DISBURSEMENT_RECONCILIATION_GAP,data_quality,Moderate,25,"Disb: None, Exp: 150000.0",Transaction expenditure without master disbursement OR completed without disbursement OR > 5% mismatch,"Expenditure transactions record ₹150,000.00 disbursed, but master amount_disbursed is unpopulated."
WS/MP18107/2024-2025/163605,DQ_DISBURSEMENT_RECONCILIATION_GAP,data_quality,Moderate,25,"Disb: None, Exp: 300000.0",Transaction expenditure without master disbursement OR completed without disbursement OR > 5% mismatch,"Expenditure transactions record ₹300,000.00 disbursed, but master amount_disbursed is unpopulated."
WS/MP18107/2025-2026/267399,DQ_DISBURSEMENT_RECONCILIATION_GAP,data_quality,Moderate,25,"Disb: None, Exp: 478000.0",Transaction expenditure without master disbursement OR completed without disbursement OR > 5% mismatch,"Expenditure transactions record ₹478,000.00 disbursed, but master amount_disbursed is unpopulated."
WS/MP644/2024-2025/151117,LIFE_PROLONGED_STAGNATION,lifecycle_execution,Moderate,30,526 days,> 445 days since last expenditure,No expenditure transactions recorded for 526 days (P90 delay threshold) on an uncompleted project.
WS/MP644/2024-2025/151117,DQ_DISBURSEMENT_RECONCILIATION_GAP,data_quality,Moderate,25,"Disb: None, Exp: 1036320.0",Transaction expenditure without master disbursement OR completed without disbursement OR > 5% mismatch,"Expenditure transactions record ₹1,036,320.00 disbursed, but master amount_disbursed is unpopulated."
WS/MP644/2024-2025/151160,TX_EARLY_STAGE_HIGH_EXP,transaction_pattern,Moderate,30,99.0% spent during 'Vendor Identification',>= 75% expenditure in preliminary status,"99.0% of sanctioned budget is represented by expenditure transactions (₹1,381,760.00) while project status remains officially in 'Vendor Identification'."
WS/MP644/2024-2025/151160,LIFE_PROLONGED_STAGNATION,lifecycle_execution,Moderate,30,526 days,> 445 days since last expenditure,No expenditure transactions recorded for 526 days (P90 delay threshold) on an uncompleted project.
WS/MP644/2024-2025/151160,LIFE_STATUS_DISCONNECT,lifecycle_execution,Moderate,25,"Status: Vendor Identification, Exp: 99.0%",Substantial financial execution prior to execution milestone,Complete or near-complete financial disbursement precedes formal physical execution milestones (Status: 'Vendor Identification').
WS/MP644/2024-2025/151160,DQ_DISBURSEMENT_RECONCILIATION_GAP,data_quality,Moderate,25,"Disb: None, Exp: 1381760.0",Transaction expenditure without master disbursement OR completed without disbursement OR > 5% mismatch,"Expenditure transactions record ₹1,381,760.00 disbursed, but master amount_disbursed is unpopulated."
WS/MP644/2025-2026/177084,TX_EARLY_STAGE_HIGH_EXP,transaction_pattern,Moderate,30,100.0% spent during 'Vendor Identification',>= 75% expenditure in preliminary status,"100.0% of sanctioned budget is represented by expenditure transactions (₹500,000.00) while project status remains officially in 'Vendor Identification'."
WS/MP644/2025-2026/177084,LIFE_PROLONGED_STAGNATION,lifecycle_execution,Moderate,30,521 days,> 445 days since last expenditure,No expenditure transactions recorded for 521 days (P90 delay threshold) on an uncompleted project.
WS/MP644/2025-2026/177084,LIFE_STATUS_DISCONNECT,lifecycle_execution,Moderate,25,"Status: Vendor Identification, Exp: 100.0%",Substantial financial execution prior to execution milestone,Complete or near-complete financial disbursement precedes formal physical execution milestones (Status: 'Vendor Identification').
WS/MP644/2025-2026/177084,DQ_DISBURSEMENT_RECONCILIATION_GAP,data_quality,Moderate,25,"Disb: None, Exp: 500000.0",Transaction expenditure without master disbursement OR completed without disbursement OR > 5% mismatch,"Expenditure transactions record ₹500,000.00 disbursed, but master amount_disbursed is unpopulated."
WS/MP644/2025-2026/177086,TX_EARLY_STAGE_HIGH_EXP,transaction_pattern,Moderate,30,100.0% spent during 'Vendor Identification',>= 75% expenditure in preliminary status,"100.0% of sanctioned budget is represented by expenditure transactions (₹160,761.00) while project status remains officially in 'Vendor Identification'."
WS/MP644/2025-2026/177086,LIFE_PROLONGED_STAGNATION,lifecycle_execution,Moderate,30,498 days,> 445 days since last expenditure,No expenditure transactions recorded for 498 days (P90 delay threshold) on an uncompleted project.
WS/MP644/2025-2026/177086,LIFE_STATUS_DISCONNECT,lifecycle_execution,Moderate,25,"Status: Vendor Identification, Exp: 100.0%",Substantial financial execution prior to execution milestone,Complete or near-complete financial disbursement precedes formal physical execution milestones (Status: 'Vendor Identification').
WS/MP644/2025-2026/177086,DQ_DISBURSEMENT_RECONCILIATION_GAP,data_quality,Moderate,25,"Disb: None, Exp: 160761.0",Transaction expenditure without master disbursement OR completed without disbursement OR > 5% mismatch,"Expenditure transactions record ₹160,761.00 disbursed, but master amount_disbursed is unpopulated."
WS/MP644/2025-2026/221029,TX_EARLY_STAGE_HIGH_EXP,transaction_pattern,Moderate,30,100.0% spent during 'Vendor Identification',>= 75% expenditure in preliminary status,"100.0% of sanctioned budget is represented by expenditure transactions (₹2,036,320.00) while project status remains officially in 'Vendor Identification'."
WS/MP644/2025-2026/221029,LIFE_STATUS_DISCONNECT,lifecycle_execution,Moderate,25,"Status: Vendor Identification, Exp: 100.0%",Substantial financial execution prior to execution milestone,Complete or near-complete financial disbursement precedes formal physical execution milestones (Status: 'Vendor Identification').
WS/MP644/2025-2026/221029,DQ_DISBURSEMENT_RECONCILIATION_GAP,data_quality,Moderate,25,"Disb: None, Exp: 2036320.0",Transaction expenditure without master disbursement OR completed without disbursement OR > 5% mismatch,"Expenditure transactions record ₹2,036,320.00 disbursed, but master amount_disbursed is unpopulated."
WS/MP18108/2024-2025/143814,LIFE_PROLONGED_STAGNATION,lifecycle_execution,Moderate,30,536 days,> 445 days since last expenditure,No expenditure transactions recorded for 536 days (P90 delay threshold) on an uncompleted project.
WS/MP18108/2024-2025/151874,LIFE_PROLONGED_STAGNATION,lifecycle_execution,Moderate,30,494 days,> 445 days since last expenditure,No expenditure transactions recorded for 494 days (P90 delay threshold) on an uncompleted project.
WS/MP18108/2025-2026/222843,DQ_DISBURSEMENT_RECONCILIATION_GAP,data_quality,Moderate,25,"Disb: None, Exp: 499653.0",Transaction expenditure without master disbursement OR completed without disbursement OR > 5% mismatch,"Expenditure transactions record ₹499,653.00 disbursed, but master amount_disbursed is unpopulated."
WS/MP18108/2025-2026/262014,TX_EARLY_STAGE_HIGH_EXP,transaction_pattern,Moderate,30,75.0% spent during 'Vendor Identification',>= 75% expenditure in preliminary status,"75.0% of sanctioned budget is represented by expenditure transactions (₹112,500.00) while project status remains officially in 'Vendor Identification'."
WS/MP18108/2025-2026/262014,LIFE_STATUS_DISCONNECT,lifecycle_execution,Moderate,25,"Status: Vendor Identification, Exp: 75.0%",Substantial financial execution prior to execution milestone,Complete or near-complete financial disbursement precedes formal physical execution milestones (Status: 'Vendor Identification').
WS/MP18108/2025-2026/262014,DQ_DISBURSEMENT_RECONCILIATION_GAP,data_quality,Moderate,25,"Disb: None, Exp: 112500.0",Transaction expenditure without master disbursement OR completed without disbursement OR > 5% mismatch,"Expenditure transactions record ₹112,500.00 disbursed, but master amount_disbursed is unpopulated."
WS/MP642/2025-2026/196571,TX_EARLY_STAGE_HIGH_EXP,transaction_pattern,Moderate,30,100.0% spent during 'Vendor Identification',>= 75% expenditure in preliminary status,"100.0% of sanctioned budget is represented by expenditure transactions (₹500,000.00) while project status remains officially in 'Vendor Identification'."
WS/MP642/2025-2026/196571,LIFE_STATUS_DISCONNECT,lifecycle_execution,Moderate,25,"Status: Vendor Identification, Exp: 100.0%",Substantial financial execution prior to execution milestone,Complete or near-complete financial disbursement precedes formal physical execution milestones (Status: 'Vendor Identification').
WS/MP642/2025-2026/196571,DQ_DISBURSEMENT_RECONCILIATION_GAP,data_quality,Moderate,25,"Disb: None, Exp: 500000.0",Transaction expenditure without master disbursement OR completed without disbursement OR > 5% mismatch,"Expenditure transactions record ₹500,000.00 disbursed, but master amount_disbursed is unpopulated."
WS/MP642/2025-2026/200939,DQ_DISBURSEMENT_RECONCILIATION_GAP,data_quality,Moderate,25,"Disb: None, Exp: 499400.0",Transaction expenditure without master disbursement OR completed without disbursement OR > 5% mismatch,"Expenditure transactions record ₹499,400.00 disbursed, but master amount_disbursed is unpopulated."
WS/MP642/2025-2026/229116,TX_EARLY_STAGE_HIGH_EXP,transaction_pattern,Moderate,30,80.0% spent during 'Vendor Identification',>= 75% expenditure in preliminary status,"80.0% of sanctioned budget is represented by expenditure transactions (₹400,000.00) while project status remains officially in 'Vendor Identification'."
WS/MP642/2025-2026/229116,LIFE_STATUS_DISCONNECT,lifecycle_execution,Moderate,25,"Status: Vendor Identification, Exp: 80.0%",Substantial financial execution prior to execution milestone,Complete or near-complete financial disbursement precedes formal physical execution milestones (Status: 'Vendor Identification').
WS/MP642/2025-2026/229116,DQ_DISBURSEMENT_RECONCILIATION_GAP,data_quality,Moderate,25,"Disb: None, Exp: 400000.0",Transaction expenditure without master disbursement OR completed without disbursement OR > 5% mismatch,"Expenditure transactions record ₹400,000.00 disbursed, but master amount_disbursed is unpopulated."
WS/MP642/2025-2026/195930,TX_EARLY_STAGE_HIGH_EXP,transaction_pattern,Moderate,30,100.0% spent during 'Vendor Identification',>= 75% expenditure in preliminary status,"100.0% of sanctioned budget is represented by expenditure transactions (₹163,424.00) while project status remains officially in 'Vendor Identification'."
WS/MP642/2025-2026/195930,LIFE_STATUS_DISCONNECT,lifecycle_execution,Moderate,25,"Status: Vendor Identification, Exp: 100.0%",Substantial financial execution prior to execution milestone,Complete or near-complete financial disbursement precedes formal physical execution milestones (Status: 'Vendor Identification').
WS/MP642/2025-2026/195930,DQ_DISBURSEMENT_RECONCILIATION_GAP,data_quality,Moderate,25,"Disb: None, Exp: 163424.0",Transaction expenditure without master disbursement OR completed without disbursement OR > 5% mismatch,"Expenditure transactions record ₹163,424.00 disbursed, but master amount_disbursed is unpopulated."
WS/MP642/2025-2026/196610,LIFE_SEVERE_DELAY_SANCTION,lifecycle_execution,Moderate,20,325 days,> 323 days,Sanction required 325 days from recommendation date (P95 threshold).
WS/MP642/2026-2027/197125,LIFE_SEVERE_DELAY_SANCTION,lifecycle_execution,Moderate,20,418 days,> 323 days,Sanction required 418 days from recommendation date (P95 threshold).
WS/MP642/2026-2027/199817,TX_EARLY_STAGE_HIGH_EXP,transaction_pattern,Moderate,30,98.0% spent during 'Vendor Identification',>= 75% expenditure in preliminary status,"98.0% of sanctioned budget is represented by expenditure transactions (₹291,965.00) while project status remains officially in 'Vendor Identification'."
WS/MP642/2026-2027/199817,LIFE_SEVERE_DELAY_SANCTION,lifecycle_execution,Moderate,20,400 days,> 323 days,Sanction required 400 days from recommendation date (P95 threshold).
WS/MP642/2026-2027/199817,LIFE_STATUS_DISCONNECT,lifecycle_execution,Moderate,25,"Status: Vendor Identification, Exp: 98.0%",Substantial financial execution prior to execution milestone,Complete or near-complete financial disbursement precedes formal physical execution milestones (Status: 'Vendor Identification').
WS/MP642/2026-2027/199817,DQ_DISBURSEMENT_RECONCILIATION_GAP,data_quality,Moderate,25,"Disb: None, Exp: 291965.0",Transaction expenditure without master disbursement OR completed without disbursement OR > 5% mismatch,"Expenditure transactions record ₹291,965.00 disbursed, but master amount_disbursed is unpopulated."
WS/MP654/2024-2025/151713,TX_EARLY_STAGE_HIGH_EXP,transaction_pattern,Moderate,30,99.1% spent during 'Vendor Identification',>= 75% expenditure in preliminary status,"99.1% of sanctioned budget is represented by expenditure transactions (₹1,486,300.00) while project status remains officially in 'Vendor Identification'."
WS/MP654/2024-2025/151713,LIFE_STATUS_DISCONNECT,lifecycle_execution,Moderate,25,"Status: Vendor Identification, Exp: 99.1%",Substantial financial execution prior to execution milestone,Complete or near-complete financial disbursement precedes formal physical execution milestones (Status: 'Vendor Identification').
WS/MP654/2024-2025/151713,DQ_DISBURSEMENT_RECONCILIATION_GAP,data_quality,Moderate,25,"Disb: None, Exp: 1486300.0",Transaction expenditure without master disbursement OR completed without disbursement OR > 5% mismatch,"Expenditure transactions record ₹1,486,300.00 disbursed, but master amount_disbursed is unpopulated."
WS/MP654/2025-2026/224999,TX_EARLY_STAGE_HIGH_EXP,transaction_pattern,Moderate,30,100.0% spent during 'Vendor Identification',>= 75% expenditure in preliminary status,"100.0% of sanctioned budget is represented by expenditure transactions (₹1,000,000.00) while project status remains officially in 'Vendor Identification'."
WS/MP654/2025-2026/224999,LIFE_STATUS_DISCONNECT,lifecycle_execution,Moderate,25,"Status: Vendor Identification, Exp: 100.0%",Substantial financial execution prior to execution milestone,Complete or near-complete financial disbursement precedes formal physical execution milestones (Status: 'Vendor Identification').
WS/MP654/2025-2026/224999,DQ_DISBURSEMENT_RECONCILIATION_GAP,data_quality,Moderate,25,"Disb: None, Exp: 1000000.0",Transaction expenditure without master disbursement OR completed without disbursement OR > 5% mismatch,"Expenditure transactions record ₹1,000,000.00 disbursed, but master amount_disbursed is unpopulated."
WS/MP654/2025-2026/245830,DQ_DISBURSEMENT_RECONCILIATION_GAP,data_quality,Moderate,25,"Disb: None, Exp: 500000.0",Transaction expenditure without master disbursement OR completed without disbursement OR > 5% mismatch,"Expenditure transactions record ₹500,000.00 disbursed, but master amount_disbursed is unpopulated."
WS/MP654/2026-2027/273966,DQ_DISBURSEMENT_RECONCILIATION_GAP,data_quality,Moderate,25,"Disb: None, Exp: 1250000.0",Transaction expenditure without master disbursement OR completed without disbursement OR > 5% mismatch,"Expenditure transactions record ₹1,250,000.00 disbursed, but master amount_disbursed is unpopulated."
WS/MP18109/2024-2025/150174,LIFE_PROLONGED_STAGNATION,lifecycle_execution,Moderate,30,484 days,> 445 days since last expenditure,No expenditure transactions recorded for 484 days (P90 delay threshold) on an uncompleted project.
WS/MP18109/2025-2026/150117,TX_EARLY_STAGE_HIGH_EXP,transaction_pattern,Moderate,30,100.0% spent during 'Vendor Identification',>= 75% expenditure in preliminary status,"100.0% of sanctioned budget is represented by expenditure transactions (₹35,000.00) while project status remains officially in 'Vendor Identification'."
WS/MP18109/2025-2026/150117,LIFE_STATUS_DISCONNECT,lifecycle_execution,Moderate,25,"Status: Vendor Identification, Exp: 100.0%",Substantial financial execution prior to execution milestone,Complete or near-complete financial disbursement precedes formal physical execution milestones (Status: 'Vendor Identification').
WS/MP18109/2025-2026/150117,DQ_DISBURSEMENT_RECONCILIATION_GAP,data_quality,Moderate,25,"Disb: None, Exp: 35000.0",Transaction expenditure without master disbursement OR completed without disbursement OR > 5% mismatch,"Expenditure transactions record ₹35,000.00 disbursed, but master amount_disbursed is unpopulated."
WS/MP18109/2025-2026/194278,FIN_DUP_EXPOSURE_MOD,financial_integrity,Moderate,25,11.1%,>= 5% duplicate expenditure ratio,"Potential duplicate disbursements total ₹99,180.00, representing 11.1% of total recorded expenditure (₹892,914.00)."
WS/MP18109/2025-2026/194278,TX_EXACT_DUP_CLUSTER,transaction_pattern,Moderate,30,1 excess copies (2 participating),>= 1 excess duplicate transaction,2 transactions participate in duplicate groups (1 excess redundant copies across 1 clusters).
WS/MP18109/2025-2026/194278,TX_SLICING_HIGH,transaction_pattern,Moderate,20,9,>= 6 transactions,Expenditure is fragmented across 9 separate payment transactions (P95 percentile).
WS/MP18109/2025-2026/194278,TX_EARLY_STAGE_HIGH_EXP,transaction_pattern,Moderate,30,89.3% spent during 'Vendor Identification',>= 75% expenditure in preliminary status,"89.3% of sanctioned budget is represented by expenditure transactions (₹892,914.00) while project status remains officially in 'Vendor Identification'."
WS/MP18109/2025-2026/194278,LIFE_STATUS_DISCONNECT,lifecycle_execution,Moderate,25,"Status: Vendor Identification, Exp: 89.3%",Substantial financial execution prior to execution milestone,Complete or near-complete financial disbursement precedes formal physical execution milestones (Status: 'Vendor Identification').
WS/MP18109/2025-2026/194278,DQ_DISBURSEMENT_RECONCILIATION_GAP,data_quality,Moderate,25,"Disb: None, Exp: 892914.0",Transaction expenditure without master disbursement OR completed without disbursement OR > 5% mismatch,"Expenditure transactions record ₹892,914.00 disbursed, but master amount_disbursed is unpopulated."
WS/MP18109/2025-2026/244367,DQ_DISBURSEMENT_RECONCILIATION_GAP,data_quality,Moderate,25,"Disb: None, Exp: 1247500.0",Transaction expenditure without master disbursement OR completed without disbursement OR > 5% mismatch,"Expenditure transactions record ₹1,247,500.00 disbursed, but master amount_disbursed is unpopulated."
WS/MP18109/2025-2026/258874,DQ_DISBURSEMENT_RECONCILIATION_GAP,data_quality,Moderate,25,"Disb: None, Exp: 700000.0",Transaction expenditure without master disbursement OR completed without disbursement OR > 5% mismatch,"Expenditure transactions record ₹700,000.00 disbursed, but master amount_disbursed is unpopulated."
WS/MP638/2024-2025/152565,DQ_DISBURSEMENT_RECONCILIATION_GAP,data_quality,Moderate,25,"Disb: None, Exp: 2125000.0",Transaction expenditure without master disbursement OR completed without disbursement OR > 5% mismatch,"Expenditure transactions record ₹2,125,000.00 disbursed, but master amount_disbursed is unpopulated."
WS/MP638/2024-2025/152571,DQ_DISBURSEMENT_RECONCILIATION_GAP,data_quality,Moderate,25,"Disb: None, Exp: 1000000.0",Transaction expenditure without master disbursement OR completed without disbursement OR > 5% mismatch,"Expenditure transactions record ₹1,000,000.00 disbursed, but master amount_disbursed is unpopulated."
WS/MP638/2024-2025/152574,LIFE_PROLONGED_STAGNATION,lifecycle_execution,Moderate,30,522 days,> 445 days since last expenditure,No expenditure transactions recorded for 522 days (P90 delay threshold) on an uncompleted project.
WS/MP638/2024-2025/152574,DQ_DISBURSEMENT_RECONCILIATION_GAP,data_quality,Moderate,25,"Disb: None, Exp: 600000.0",Transaction expenditure without master disbursement OR completed without disbursement OR > 5% mismatch,"Expenditure transactions record ₹600,000.00 disbursed, but master amount_disbursed is unpopulated."
WS/MP638/2025-2026/236543,DQ_DISBURSEMENT_RECONCILIATION_GAP,data_quality,Moderate,25,"Disb: None, Exp: 400000.0",Transaction expenditure without master disbursement OR completed without disbursement OR > 5% mismatch,"Expenditure transactions record ₹400,000.00 disbursed, but master amount_disbursed is unpopulated."
WS/MP638/2025-2026/236625,DQ_DISBURSEMENT_RECONCILIATION_GAP,data_quality,Moderate,25,"Disb: None, Exp: 90000.0",Transaction expenditure without master disbursement OR completed without disbursement OR > 5% mismatch,"Expenditure transactions record ₹90,000.00 disbursed, but master amount_disbursed is unpopulated."
WS/MP360/2026-2027/195057,LIFE_SEVERE_DELAY_SANCTION,lifecycle_execution,Moderate,20,435 days,> 323 days,Sanction required 435 days from recommendation date (P95 threshold).
WS/MP360/2026-2027/295381,DQ_DISBURSEMENT_RECONCILIATION_GAP,data_quality,Moderate,25,"Disb: None, Exp: 1672640.0",Transaction expenditure without master disbursement OR completed without disbursement OR > 5% mismatch,"Expenditure transactions record ₹1,672,640.00 disbursed, but master amount_disbursed is unpopulated."
WS/MP18375/2025-2026/187775,TX_EARLY_STAGE_HIGH_EXP,transaction_pattern,Moderate,30,100.0% spent during 'Vendor Identification',>= 75% expenditure in preliminary status,"100.0% of sanctioned budget is represented by expenditure transactions (₹500,000.00) while project status remains officially in 'Vendor Identification'."
WS/MP18375/2025-2026/187775,LIFE_STATUS_DISCONNECT,lifecycle_execution,Moderate,25,"Status: Vendor Identification, Exp: 100.0%",Substantial financial execution prior to execution milestone,Complete or near-complete financial disbursement precedes formal physical execution milestones (Status: 'Vendor Identification').
WS/MP18375/2025-2026/187775,DQ_DISBURSEMENT_RECONCILIATION_GAP,data_quality,Moderate,25,"Disb: None, Exp: 500000.0",Transaction expenditure without master disbursement OR completed without disbursement OR > 5% mismatch,"Expenditure transactions record ₹500,000.00 disbursed, but master amount_disbursed is unpopulated."
WS/MP18375/2025-2026/187701,DQ_DISBURSEMENT_RECONCILIATION_GAP,data_quality,Moderate,25,"Disb: None, Exp: 200000.0",Transaction expenditure without master disbursement OR completed without disbursement OR > 5% mismatch,"Expenditure transactions record ₹200,000.00 disbursed, but master amount_disbursed is unpopulated."
WS/MP18375/2025-2026/187698,TX_EARLY_STAGE_HIGH_EXP,transaction_pattern,Moderate,30,75.0% spent during 'Vendor Identification',>= 75% expenditure in preliminary status,"75.0% of sanctioned budget is represented by expenditure transactions (₹1,350,000.00) while project status remains officially in 'Vendor Identification'."
WS/MP18375/2025-2026/187698,LIFE_STATUS_DISCONNECT,lifecycle_execution,Moderate,25,"Status: Vendor Identification, Exp: 75.0%",Substantial financial execution prior to execution milestone,Complete or near-complete financial disbursement precedes formal physical execution milestones (Status: 'Vendor Identification').
WS/MP18375/2025-2026/187698,DQ_DISBURSEMENT_RECONCILIATION_GAP,data_quality,Moderate,25,"Disb: None, Exp: 1350000.0",Transaction expenditure without master disbursement OR completed without disbursement OR > 5% mismatch,"Expenditure transactions record ₹1,350,000.00 disbursed, but master amount_disbursed is unpopulated."
WS/MP18375/2025-2026/187690,TX_EARLY_STAGE_HIGH_EXP,transaction_pattern,Moderate,30,100.0% spent during 'Vendor Identification',>= 75% expenditure in preliminary status,"100.0% of sanctioned budget is represented by expenditure transactions (₹400,000.00) while project status remains officially in 'Vendor Identification'."
WS/MP18375/2025-2026/187690,LIFE_SEVERE_DELAY_SANCTION,lifecycle_execution,Moderate,20,326 days,> 323 days,Sanction required 326 days from recommendation date (P95 threshold).
WS/MP18375/2025-2026/187690,LIFE_STATUS_DISCONNECT,lifecycle_execution,Moderate,25,"Status: Vendor Identification, Exp: 100.0%",Substantial financial execution prior to execution milestone,Complete or near-complete financial disbursement precedes formal physical execution milestones (Status: 'Vendor Identification').
WS/MP18375/2025-2026/187690,DQ_DISBURSEMENT_RECONCILIATION_GAP,data_quality,Moderate,25,"Disb: None, Exp: 400000.0",Transaction expenditure without master disbursement OR completed without disbursement OR > 5% mismatch,"Expenditure transactions record ₹400,000.00 disbursed, but master amount_disbursed is unpopulated."
WS/MP18375/2026-2027/187747,LIFE_SEVERE_DELAY_SANCTION,lifecycle_execution,Moderate,20,461 days,> 323 days,Sanction required 461 days from recommendation date (P95 threshold).
WS/MP381/2024-2025/153012,LIFE_PROLONGED_STAGNATION,lifecycle_execution,Moderate,30,611 days,> 445 days since last expenditure,No expenditure transactions recorded for 611 days (P90 delay threshold) on an uncompleted project.
WS/MP381/2024-2025/153029,LIFE_SEVERE_DELAY_COMP,lifecycle_execution,Moderate,25,548 days,> 477 days,Completion required 548 days from recommendation date (P95 threshold).
WS/MP18311/2024-2025/149556,DQ_DISBURSEMENT_RECONCILIATION_GAP,data_quality,Moderate,25,"Disb: None, Exp: 1000000.0",Transaction expenditure without master disbursement OR completed without disbursement OR > 5% mismatch,"Expenditure transactions record ₹1,000,000.00 disbursed, but master amount_disbursed is unpopulated."
WS/MP18311/2024-2025/161353,DQ_DISBURSEMENT_RECONCILIATION_GAP,data_quality,Moderate,25,"Disb: None, Exp: 200000.0",Transaction expenditure without master disbursement OR completed without disbursement OR > 5% mismatch,"Expenditure transactions record ₹200,000.00 disbursed, but master amount_disbursed is unpopulated."
WS/MP18311/2025-2026/219477,DQ_DISBURSEMENT_RECONCILIATION_GAP,data_quality,Moderate,25,"Disb: None, Exp: 100000.0",Transaction expenditure without master disbursement OR completed without disbursement OR > 5% mismatch,"Expenditure transactions record ₹100,000.00 disbursed, but master amount_disbursed is unpopulated."
WS/MP18311/2025-2026/231208,TX_SLICING_HIGH,transaction_pattern,Moderate,20,6,>= 6 transactions,Expenditure is fragmented across 6 separate payment transactions (P95 percentile).
WS/MP18311/2025-2026/231208,TX_VENDOR_SPRAWL_HIGH,transaction_pattern,Moderate,20,3,>= 3 vendors,Expenditure is disbursed across 3 distinct contracting entities (P90 percentile).
WS/MP18311/2025-2026/231210,DQ_DISBURSEMENT_RECONCILIATION_GAP,data_quality,Moderate,25,"Disb: None, Exp: 300000.0",Transaction expenditure without master disbursement OR completed without disbursement OR > 5% mismatch,"Expenditure transactions record ₹300,000.00 disbursed, but master amount_disbursed is unpopulated."
WS/MP18311/2025-2026/234422,DQ_DISBURSEMENT_RECONCILIATION_GAP,data_quality,Moderate,25,"Disb: None, Exp: 165420.0",Transaction expenditure without master disbursement OR completed without disbursement OR > 5% mismatch,"Expenditure transactions record ₹165,420.00 disbursed, but master amount_disbursed is unpopulated."
WS/MP18311/2025-2026/259393,FIN_DUP_EXPOSURE_MOD,financial_integrity,Moderate,25,6.9%,>= 5% duplicate expenditure ratio,"Potential duplicate disbursements total ₹30,528.00, representing 6.9% of total recorded expenditure (₹441,383.00)."
WS/MP18311/2025-2026/259393,TX_EXACT_DUP_CLUSTER,transaction_pattern,Moderate,30,1 excess copies (2 participating),>= 1 excess duplicate transaction,2 transactions participate in duplicate groups (1 excess redundant copies across 1 clusters).
WS/MP18311/2025-2026/259393,TX_SLICING_EXTREME,transaction_pattern,High,35,16,>= 15 transactions,"Expenditure is fragmented across 16 separate payment transactions (top 1% percentile across 1,000 works)."
WS/MP18311/2025-2026/259393,TX_VENDOR_SPRAWL_HIGH,transaction_pattern,Moderate,20,5,>= 3 vendors,Expenditure is disbursed across 5 distinct contracting entities (P90 percentile).
WS/MP18311/2025-2026/259393,TX_EARLY_STAGE_HIGH_EXP,transaction_pattern,Moderate,30,88.3% spent during 'Vendor Identification',>= 75% expenditure in preliminary status,"88.3% of sanctioned budget is represented by expenditure transactions (₹441,383.00) while project status remains officially in 'Vendor Identification'."
WS/MP18311/2025-2026/259393,LIFE_STATUS_DISCONNECT,lifecycle_execution,Moderate,25,"Status: Vendor Identification, Exp: 88.3%",Substantial financial execution prior to execution milestone,Complete or near-complete financial disbursement precedes formal physical execution milestones (Status: 'Vendor Identification').
WS/MP18311/2025-2026/259393,DQ_DISBURSEMENT_RECONCILIATION_GAP,data_quality,Moderate,25,"Disb: None, Exp: 441383.0",Transaction expenditure without master disbursement OR completed without disbursement OR > 5% mismatch,"Expenditure transactions record ₹441,383.00 disbursed, but master amount_disbursed is unpopulated."
WS/MP18311/2025-2026/272270,FIN_DUP_EXPOSURE_HIGH,financial_integrity,High,43,32.5%,>= 30% duplicate expenditure ratio,"Potential duplicate disbursements total ₹118,500.00, representing 32.5% of total recorded expenditure (₹364,558.00)."
WS/MP18311/2025-2026/272270,TX_EXACT_DUP_CLUSTER,transaction_pattern,Moderate,30,3 excess copies (5 participating),>= 1 excess duplicate transaction,5 transactions participate in duplicate groups (3 excess redundant copies across 2 clusters).
WS/MP18311/2025-2026/272270,TX_SLICING_HIGH,transaction_pattern,Moderate,20,9,>= 6 transactions,Expenditure is fragmented across 9 separate payment transactions (P95 percentile).
WS/MP18311/2025-2026/272270,TX_VENDOR_SPRAWL_HIGH,transaction_pattern,Moderate,20,4,>= 3 vendors,Expenditure is disbursed across 4 distinct contracting entities (P90 percentile).
WS/MP18311/2025-2026/272270,DQ_DISBURSEMENT_RECONCILIATION_GAP,data_quality,Moderate,25,"Disb: None, Exp: 364558.0",Transaction expenditure without master disbursement OR completed without disbursement OR > 5% mismatch,"Expenditure transactions record ₹364,558.00 disbursed, but master amount_disbursed is unpopulated."
WS/MP716/2024-2025/141305,LIFE_PROLONGED_STAGNATION,lifecycle_execution,Moderate,30,499 days,> 445 days since last expenditure,No expenditure transactions recorded for 499 days (P90 delay threshold) on an uncompleted project.
WS/MP716/2024-2025/141305,DQ_DISBURSEMENT_RECONCILIATION_GAP,data_quality,Moderate,25,"Disb: None, Exp: 78000.0",Transaction expenditure without master disbursement OR completed without disbursement OR > 5% mismatch,"Expenditure transactions record ₹78,000.00 disbursed, but master amount_disbursed is unpopulated."
WS/MP716/2025-2026/203936,TX_SLICING_HIGH,transaction_pattern,Moderate,20,6,>= 6 transactions,Expenditure is fragmented across 6 separate payment transactions (P95 percentile).
WS/MP716/2025-2026/203936,TX_VENDOR_SPRAWL_HIGH,transaction_pattern,Moderate,20,6,>= 3 vendors,Expenditure is disbursed across 6 distinct contracting entities (P90 percentile).
WS/MP716/2025-2026/203936,DQ_DISBURSEMENT_RECONCILIATION_GAP,data_quality,Moderate,25,"Disb: None, Exp: 200000.0",Transaction expenditure without master disbursement OR completed without disbursement OR > 5% mismatch,"Expenditure transactions record ₹200,000.00 disbursed, but master amount_disbursed is unpopulated."
WS/MP716/2025-2026/210122,DQ_DISBURSEMENT_RECONCILIATION_GAP,data_quality,Moderate,25,"Disb: None, Exp: 135750.0",Transaction expenditure without master disbursement OR completed without disbursement OR > 5% mismatch,"Expenditure transactions record ₹135,750.00 disbursed, but master amount_disbursed is unpopulated."
WS/MP716/2025-2026/210123,TX_EARLY_STAGE_HIGH_EXP,transaction_pattern,Moderate,30,76.8% spent during 'Vendor Identification',>= 75% expenditure in preliminary status,"76.8% of sanctioned budget is represented by expenditure transactions (₹38,400.00) while project status remains officially in 'Vendor Identification'."
WS/MP716/2025-2026/210123,LIFE_STATUS_DISCONNECT,lifecycle_execution,Moderate,25,"Status: Vendor Identification, Exp: 76.8%",Substantial financial execution prior to execution milestone,Complete or near-complete financial disbursement precedes formal physical execution milestones (Status: 'Vendor Identification').
WS/MP716/2025-2026/210123,DQ_DISBURSEMENT_RECONCILIATION_GAP,data_quality,Moderate,25,"Disb: None, Exp: 38400.0",Transaction expenditure without master disbursement OR completed without disbursement OR > 5% mismatch,"Expenditure transactions record ₹38,400.00 disbursed, but master amount_disbursed is unpopulated."
WS/MP716/2025-2026/210356,FIN_DUP_EXPOSURE_MOD,financial_integrity,Moderate,25,23.0%,>= 5% duplicate expenditure ratio,"Potential duplicate disbursements total ₹114,600.00, representing 23.0% of total recorded expenditure (₹499,000.00)."
WS/MP716/2025-2026/210356,TX_EXACT_DUP_CLUSTER,transaction_pattern,Moderate,30,1 excess copies (2 participating),>= 1 excess duplicate transaction,2 transactions participate in duplicate groups (1 excess redundant copies across 1 clusters).
WS/MP716/2025-2026/210356,TX_SLICING_HIGH,transaction_pattern,Moderate,20,9,>= 6 transactions,Expenditure is fragmented across 9 separate payment transactions (P95 percentile).
WS/MP716/2025-2026/210356,TX_VENDOR_SPRAWL_HIGH,transaction_pattern,Moderate,20,3,>= 3 vendors,Expenditure is disbursed across 3 distinct contracting entities (P90 percentile).
WS/MP716/2025-2026/212401,FIN_DUP_EXPOSURE_HIGH,financial_integrity,High,70,64.1%,>= 30% duplicate expenditure ratio,"Potential duplicate disbursements total ₹731,100.00, representing 64.1% of total recorded expenditure (₹1,141,038.00)."
WS/MP716/2025-2026/212401,TX_EXACT_DUP_CLUSTER,transaction_pattern,High,50,11 excess copies (13 participating),>= 10 excess duplicate transactions,13 transactions participate in duplicate groups (11 excess redundant copies across 2 clusters).
WS/MP716/2025-2026/212401,TX_SLICING_EXTREME,transaction_pattern,High,35,17,>= 15 transactions,"Expenditure is fragmented across 17 separate payment transactions (top 1% percentile across 1,000 works)."
WS/MP716/2025-2026/212401,TX_VENDOR_SPRAWL_HIGH,transaction_pattern,Moderate,20,3,>= 3 vendors,Expenditure is disbursed across 3 distinct contracting entities (P90 percentile).
WS/MP716/2025-2026/212401,TX_EARLY_STAGE_HIGH_EXP,transaction_pattern,Moderate,30,76.1% spent during 'Vendor Identification',>= 75% expenditure in preliminary status,"76.1% of sanctioned budget is represented by expenditure transactions (₹1,141,038.00) while project status remains officially in 'Vendor Identification'."
WS/MP716/2025-2026/212401,LIFE_STATUS_DISCONNECT,lifecycle_execution,Moderate,25,"Status: Vendor Identification, Exp: 76.1%",Substantial financial execution prior to execution milestone,Complete or near-complete financial disbursement precedes formal physical execution milestones (Status: 'Vendor Identification').
WS/MP716/2025-2026/212401,DQ_DISBURSEMENT_RECONCILIATION_GAP,data_quality,Moderate,25,"Disb: None, Exp: 1141038.0",Transaction expenditure without master disbursement OR completed without disbursement OR > 5% mismatch,"Expenditure transactions record ₹1,141,038.00 disbursed, but master amount_disbursed is unpopulated."
WS/MP716/2025-2026/210098,TX_SLICING_HIGH,transaction_pattern,Moderate,20,7,>= 6 transactions,Expenditure is fragmented across 7 separate payment transactions (P95 percentile).
WS/MP716/2025-2026/210098,TX_VENDOR_SPRAWL_HIGH,transaction_pattern,Moderate,20,5,>= 3 vendors,Expenditure is disbursed across 5 distinct contracting entities (P90 percentile).
WS/MP716/2025-2026/210098,TX_EARLY_STAGE_HIGH_EXP,transaction_pattern,Moderate,30,93.9% spent during 'Vendor Identification',>= 75% expenditure in preliminary status,"93.9% of sanctioned budget is represented by expenditure transactions (₹929,565.00) while project status remains officially in 'Vendor Identification'."
WS/MP716/2025-2026/210098,LIFE_STATUS_DISCONNECT,lifecycle_execution,Moderate,25,"Status: Vendor Identification, Exp: 93.9%",Substantial financial execution prior to execution milestone,Complete or near-complete financial disbursement precedes formal physical execution milestones (Status: 'Vendor Identification').
WS/MP716/2025-2026/210098,DQ_DISBURSEMENT_RECONCILIATION_GAP,data_quality,Moderate,25,"Disb: None, Exp: 929565.0",Transaction expenditure without master disbursement OR completed without disbursement OR > 5% mismatch,"Expenditure transactions record ₹929,565.00 disbursed, but master amount_disbursed is unpopulated."
WS/MP716/2025-2026/268216,DQ_MISSING_REC_SERIES,data_quality,Low,15,AP Catalog Uncoupling,State-level recommendation series unmapped,Recommended sheet Work_ID series does not map to sanctioned master series in source workbook; recommendation dates unlinked.
WS/MP716/2026-2027/273833,DQ_MISSING_REC_SERIES,data_quality,Low,15,AP Catalog Uncoupling,State-level recommendation series unmapped,Recommended sheet Work_ID series does not map to sanctioned master series in source workbook; recommendation dates unlinked.
WS/MP716/2026-2027/293027,FIN_DUP_EXPOSURE_HIGH,financial_integrity,High,60,49.8%,>= 30% duplicate expenditure ratio,"Potential duplicate disbursements total ₹183,360.00, representing 49.8% of total recorded expenditure (₹367,866.00)."
WS/MP716/2026-2027/293027,TX_EXACT_DUP_CLUSTER,transaction_pattern,High,40,4 excess copies (5 participating),>= 4 excess duplicate transactions,5 transactions participate in duplicate groups (4 excess redundant copies across 1 clusters).
WS/MP716/2026-2027/293027,TX_SLICING_HIGH,transaction_pattern,Moderate,20,7,>= 6 transactions,Expenditure is fragmented across 7 separate payment transactions (P95 percentile).
WS/MP716/2026-2027/293027,DQ_DISBURSEMENT_RECONCILIATION_GAP,data_quality,Moderate,25,"Disb: None, Exp: 367866.0",Transaction expenditure without master disbursement OR completed without disbursement OR > 5% mismatch,"Expenditure transactions record ₹367,866.00 disbursed, but master amount_disbursed is unpopulated."
WS/MP18152/2024-2025/140030,LIFE_SEVERE_DELAY_COMP,lifecycle_execution,Moderate,25,513 days,> 477 days,Completion required 513 days from recommendation date (P95 threshold).
WS/MP18152/2024-2025/163195,DQ_DISBURSEMENT_RECONCILIATION_GAP,data_quality,Moderate,25,"Disb: None, Exp: 148200.0",Transaction expenditure without master disbursement OR completed without disbursement OR > 5% mismatch,"Expenditure transactions record ₹148,200.00 disbursed, but master amount_disbursed is unpopulated."
WS/MP18152/2025-2026/220386,FIN_DUP_EXPOSURE_HIGH,financial_integrity,High,62,51.6%,>= 30% duplicate expenditure ratio,"Potential duplicate disbursements total ₹516,150.00, representing 51.6% of total recorded expenditure (₹1,000,000.00)."
WS/MP18152/2025-2026/220386,TX_EXACT_DUP_CLUSTER,transaction_pattern,High,50,12 excess copies (15 participating),>= 10 excess duplicate transactions,15 transactions participate in duplicate groups (12 excess redundant copies across 3 clusters).
WS/MP18152/2025-2026/220386,TX_SLICING_EXTREME,transaction_pattern,High,35,20,>= 15 transactions,"Expenditure is fragmented across 20 separate payment transactions (top 1% percentile across 1,000 works)."
WS/MP18152/2025-2026/220386,TX_EARLY_STAGE_HIGH_EXP,transaction_pattern,Moderate,30,100.0% spent during 'Vendor Identification',>= 75% expenditure in preliminary status,"100.0% of sanctioned budget is represented by expenditure transactions (₹1,000,000.00) while project status remains officially in 'Vendor Identification'."
WS/MP18152/2025-2026/220386,LIFE_STATUS_DISCONNECT,lifecycle_execution,Moderate,25,"Status: Vendor Identification, Exp: 100.0%",Substantial financial execution prior to execution milestone,Complete or near-complete financial disbursement precedes formal physical execution milestones (Status: 'Vendor Identification').
WS/MP18152/2025-2026/220386,DQ_DISBURSEMENT_RECONCILIATION_GAP,data_quality,Moderate,25,"Disb: None, Exp: 1000000.0",Transaction expenditure without master disbursement OR completed without disbursement OR > 5% mismatch,"Expenditure transactions record ₹1,000,000.00 disbursed, but master amount_disbursed is unpopulated."
WS/MP18152/2025-2026/220384,FIN_DUP_EXPOSURE_HIGH,financial_integrity,High,70,63.1%,>= 30% duplicate expenditure ratio,"Potential duplicate disbursements total ₹946,275.00, representing 63.1% of total recorded expenditure (₹1,500,000.00)."
WS/MP18152/2025-2026/220384,TX_EXACT_DUP_CLUSTER,transaction_pattern,High,50,21 excess copies (25 participating),>= 10 excess duplicate transactions,25 transactions participate in duplicate groups (21 excess redundant copies across 4 clusters).
WS/MP18152/2025-2026/220384,TX_SLICING_EXTREME,transaction_pattern,High,35,29,>= 15 transactions,"Expenditure is fragmented across 29 separate payment transactions (top 1% percentile across 1,000 works)."
WS/MP18152/2025-2026/220384,TX_EARLY_STAGE_HIGH_EXP,transaction_pattern,Moderate,30,100.0% spent during 'Vendor Identification',>= 75% expenditure in preliminary status,"100.0% of sanctioned budget is represented by expenditure transactions (₹1,500,000.00) while project status remains officially in 'Vendor Identification'."
WS/MP18152/2025-2026/220384,LIFE_STATUS_DISCONNECT,lifecycle_execution,Moderate,25,"Status: Vendor Identification, Exp: 100.0%",Substantial financial execution prior to execution milestone,Complete or near-complete financial disbursement precedes formal physical execution milestones (Status: 'Vendor Identification').
WS/MP18152/2025-2026/220384,DQ_DISBURSEMENT_RECONCILIATION_GAP,data_quality,Moderate,25,"Disb: None, Exp: 1500000.0",Transaction expenditure without master disbursement OR completed without disbursement OR > 5% mismatch,"Expenditure transactions record ₹1,500,000.00 disbursed, but master amount_disbursed is unpopulated."
WS/MP18152/2025-2026/239727,TX_EARLY_STAGE_HIGH_EXP,transaction_pattern,Moderate,30,99.0% spent during 'Vendor Identification',>= 75% expenditure in preliminary status,"99.0% of sanctioned budget is represented by expenditure transactions (₹198,000.00) while project status remains officially in 'Vendor Identification'."
WS/MP18152/2025-2026/239727,LIFE_STATUS_DISCONNECT,lifecycle_execution,Moderate,25,"Status: Vendor Identification, Exp: 99.0%",Substantial financial execution prior to execution milestone,Complete or near-complete financial disbursement precedes formal physical execution milestones (Status: 'Vendor Identification').
WS/MP18152/2025-2026/239727,DQ_DISBURSEMENT_RECONCILIATION_GAP,data_quality,Moderate,25,"Disb: None, Exp: 198000.0",Transaction expenditure without master disbursement OR completed without disbursement OR > 5% mismatch,"Expenditure transactions record ₹198,000.00 disbursed, but master amount_disbursed is unpopulated."
WS/MP18152/2025-2026/239748,TX_EARLY_STAGE_HIGH_EXP,transaction_pattern,Moderate,30,100.0% spent during 'Sanction',>= 75% expenditure in preliminary status,"100.0% of sanctioned budget is represented by expenditure transactions (₹200,000.00) while project status remains officially in 'Sanction'."
WS/MP18152/2025-2026/239748,LIFE_STATUS_DISCONNECT,lifecycle_execution,Moderate,25,"Status: Sanction, Exp: 100.0%",Substantial financial execution prior to execution milestone,Complete or near-complete financial disbursement precedes formal physical execution milestones (Status: 'Sanction').
WS/MP18152/2025-2026/239748,DQ_DISBURSEMENT_RECONCILIATION_GAP,data_quality,Moderate,25,"Disb: None, Exp: 200000.0",Transaction expenditure without master disbursement OR completed without disbursement OR > 5% mismatch,"Expenditure transactions record ₹200,000.00 disbursed, but master amount_disbursed is unpopulated."
WS/MP18152/2025-2026/258374,TX_EARLY_STAGE_HIGH_EXP,transaction_pattern,Moderate,30,100.0% spent during 'Vendor Identification',>= 75% expenditure in preliminary status,"100.0% of sanctioned budget is represented by expenditure transactions (₹99,000.00) while project status remains officially in 'Vendor Identification'."
WS/MP18152/2025-2026/258374,LIFE_STATUS_DISCONNECT,lifecycle_execution,Moderate,25,"Status: Vendor Identification, Exp: 100.0%",Substantial financial execution prior to execution milestone,Complete or near-complete financial disbursement precedes formal physical execution milestones (Status: 'Vendor Identification').
WS/MP18152/2025-2026/258374,DQ_DISBURSEMENT_RECONCILIATION_GAP,data_quality,Moderate,25,"Disb: None, Exp: 99000.0",Transaction expenditure without master disbursement OR completed without disbursement OR > 5% mismatch,"Expenditure transactions record ₹99,000.00 disbursed, but master amount_disbursed is unpopulated."
WS/MP18152/2026-2027/293508,TX_EARLY_STAGE_HIGH_EXP,transaction_pattern,Moderate,30,100.0% spent during 'Vendor Identification',>= 75% expenditure in preliminary status,"100.0% of sanctioned budget is represented by expenditure transactions (₹249,000.00) while project status remains officially in 'Vendor Identification'."
WS/MP18152/2026-2027/293508,LIFE_STATUS_DISCONNECT,lifecycle_execution,Moderate,25,"Status: Vendor Identification, Exp: 100.0%",Substantial financial execution prior to execution milestone,Complete or near-complete financial disbursement precedes formal physical execution milestones (Status: 'Vendor Identification').
WS/MP18152/2026-2027/293508,DQ_DISBURSEMENT_RECONCILIATION_GAP,data_quality,Moderate,25,"Disb: None, Exp: 249000.0",Transaction expenditure without master disbursement OR completed without disbursement OR > 5% mismatch,"Expenditure transactions record ₹249,000.00 disbursed, but master amount_disbursed is unpopulated."
WS/MP380/2025-2026/193121,FIN_DUP_EXPOSURE_MOD,financial_integrity,Moderate,25,8.3%,>= 5% duplicate expenditure ratio,"Potential duplicate disbursements total ₹50,000.00, representing 8.3% of total recorded expenditure (₹600,000.00)."
WS/MP380/2025-2026/193121,TX_EXACT_DUP_CLUSTER,transaction_pattern,Moderate,30,1 excess copies (2 participating),>= 1 excess duplicate transaction,2 transactions participate in duplicate groups (1 excess redundant copies across 1 clusters).
WS/MP380/2025-2026/193121,TX_SLICING_HIGH,transaction_pattern,Moderate,20,11,>= 6 transactions,Expenditure is fragmented across 11 separate payment transactions (P95 percentile).
WS/MP380/2025-2026/193121,TX_VENDOR_SPRAWL_EXTREME,transaction_pattern,High,35,8,>= 8 vendors,Expenditure is disbursed across 8 distinct contracting entities for this work (top 1% percentile).
WS/MP380/2025-2026/193121,DQ_DISBURSEMENT_RECONCILIATION_GAP,data_quality,Moderate,25,"Disb: None, Exp: 600000.0",Transaction expenditure without master disbursement OR completed without disbursement OR > 5% mismatch,"Expenditure transactions record ₹600,000.00 disbursed, but master amount_disbursed is unpopulated."
WS/MP380/2025-2026/209170,TX_VENDOR_SPRAWL_HIGH,transaction_pattern,Moderate,20,3,>= 3 vendors,Expenditure is disbursed across 3 distinct contracting entities (P90 percentile).
WS/MP380/2025-2026/209170,DQ_DISBURSEMENT_RECONCILIATION_GAP,data_quality,Moderate,25,"Disb: None, Exp: 300000.0",Transaction expenditure without master disbursement OR completed without disbursement OR > 5% mismatch,"Expenditure transactions record ₹300,000.00 disbursed, but master amount_disbursed is unpopulated."
WS/MP380/2025-2026/209175,FIN_DUP_EXPOSURE_MOD,financial_integrity,Moderate,25,17.7%,>= 5% duplicate expenditure ratio,"Potential duplicate disbursements total ₹49,416.00, representing 17.7% of total recorded expenditure (₹279,898.00)."
WS/MP380/2025-2026/209175,FIN_SEVERE_UNDER_UTIL,financial_integrity,Moderate,20,28.0%,< 40% expenditure ratio at completion,"Work completed with only 28.0% of sanctioned budget spent (₹279,898.00 spent of ₹1,000,000.00 sanctioned)."
WS/MP380/2025-2026/209175,TX_EXACT_DUP_CLUSTER,transaction_pattern,Moderate,30,1 excess copies (2 participating),>= 1 excess duplicate transaction,2 transactions participate in duplicate groups (1 excess redundant copies across 1 clusters).
WS/MP380/2025-2026/209175,TX_SLICING_HIGH,transaction_pattern,Moderate,20,7,>= 6 transactions,Expenditure is fragmented across 7 separate payment transactions (P95 percentile).
WS/MP380/2025-2026/209159,TX_SLICING_HIGH,transaction_pattern,Moderate,20,9,>= 6 transactions,Expenditure is fragmented across 9 separate payment transactions (P95 percentile).
WS/MP380/2025-2026/209159,TX_VENDOR_SPRAWL_HIGH,transaction_pattern,Moderate,20,4,>= 3 vendors,Expenditure is disbursed across 4 distinct contracting entities (P90 percentile).
WS/MP380/2025-2026/209159,DQ_DISBURSEMENT_RECONCILIATION_GAP,data_quality,Moderate,25,"Disb: None, Exp: 296820.0",Transaction expenditure without master disbursement OR completed without disbursement OR > 5% mismatch,"Expenditure transactions record ₹296,820.00 disbursed, but master amount_disbursed is unpopulated."
WS/MP380/2025-2026/213878,FIN_DUP_EXPOSURE_HIGH,financial_integrity,High,57,46.6%,>= 30% duplicate expenditure ratio,"Potential duplicate disbursements total ₹93,200.00, representing 46.6% of total recorded expenditure (₹200,000.00)."
WS/MP380/2025-2026/213878,TX_EXACT_DUP_CLUSTER,transaction_pattern,Moderate,30,2 excess copies (3 participating),>= 1 excess duplicate transaction,3 transactions participate in duplicate groups (2 excess redundant copies across 1 clusters).
WS/MP380/2025-2026/220672,TX_EARLY_STAGE_HIGH_EXP,transaction_pattern,Moderate,30,100.0% spent during 'Vendor Identification',>= 75% expenditure in preliminary status,"100.0% of sanctioned budget is represented by expenditure transactions (₹1,925,465.00) while project status remains officially in 'Vendor Identification'."
WS/MP380/2025-2026/220672,LIFE_STATUS_DISCONNECT,lifecycle_execution,Moderate,25,"Status: Vendor Identification, Exp: 100.0%",Substantial financial execution prior to execution milestone,Complete or near-complete financial disbursement precedes formal physical execution milestones (Status: 'Vendor Identification').
WS/MP380/2025-2026/220672,DQ_DISBURSEMENT_RECONCILIATION_GAP,data_quality,Moderate,25,"Disb: None, Exp: 1925465.0",Transaction expenditure without master disbursement OR completed without disbursement OR > 5% mismatch,"Expenditure transactions record ₹1,925,465.00 disbursed, but master amount_disbursed is unpopulated."
WS/MP380/2025-2026/235033,TX_EARLY_STAGE_HIGH_EXP,transaction_pattern,Moderate,30,87.1% spent during 'Vendor Identification',>= 75% expenditure in preliminary status,"87.1% of sanctioned budget is represented by expenditure transactions (₹1,045,081.00) while project status remains officially in 'Vendor Identification'."
WS/MP380/2025-2026/235033,LIFE_STATUS_DISCONNECT,lifecycle_execution,Moderate,25,"Status: Vendor Identification, Exp: 87.1%",Substantial financial execution prior to execution milestone,Complete or near-complete financial disbursement precedes formal physical execution milestones (Status: 'Vendor Identification').
WS/MP380/2025-2026/235033,DQ_DISBURSEMENT_RECONCILIATION_GAP,data_quality,Moderate,25,"Disb: None, Exp: 1045081.0",Transaction expenditure without master disbursement OR completed without disbursement OR > 5% mismatch,"Expenditure transactions record ₹1,045,081.00 disbursed, but master amount_disbursed is unpopulated."
WS/MP380/2025-2026/235033,DQ_MISSING_REC_SERIES,data_quality,Low,15,AP Catalog Uncoupling,State-level recommendation series unmapped,Recommended sheet Work_ID series does not map to sanctioned master series in source workbook; recommendation dates unlinked.
WS/MP380/2025-2026/238122,TX_SLICING_HIGH,transaction_pattern,Moderate,20,6,>= 6 transactions,Expenditure is fragmented across 6 separate payment transactions (P95 percentile).
WS/MP380/2025-2026/238122,TX_VENDOR_SPRAWL_HIGH,transaction_pattern,Moderate,20,4,>= 3 vendors,Expenditure is disbursed across 4 distinct contracting entities (P90 percentile).
WS/MP380/2025-2026/216855,TX_EARLY_STAGE_HIGH_EXP,transaction_pattern,Moderate,30,76.9% spent during 'Vendor Identification',>= 75% expenditure in preliminary status,"76.9% of sanctioned budget is represented by expenditure transactions (₹615,000.00) while project status remains officially in 'Vendor Identification'."
WS/MP380/2025-2026/216855,LIFE_STATUS_DISCONNECT,lifecycle_execution,Moderate,25,"Status: Vendor Identification, Exp: 76.9%",Substantial financial execution prior to execution milestone,Complete or near-complete financial disbursement precedes formal physical execution milestones (Status: 'Vendor Identification').
WS/MP380/2025-2026/216855,DQ_DISBURSEMENT_RECONCILIATION_GAP,data_quality,Moderate,25,"Disb: None, Exp: 615000.0",Transaction expenditure without master disbursement OR completed without disbursement OR > 5% mismatch,"Expenditure transactions record ₹615,000.00 disbursed, but master amount_disbursed is unpopulated."
WS/MP380/2025-2026/216855,DQ_MISSING_REC_SERIES,data_quality,Low,15,AP Catalog Uncoupling,State-level recommendation series unmapped,Recommended sheet Work_ID series does not map to sanctioned master series in source workbook; recommendation dates unlinked.
WS/MP380/2026-2027/279582,DQ_DISBURSEMENT_RECONCILIATION_GAP,data_quality,Moderate,25,"Disb: None, Exp: 826757.0",Transaction expenditure without master disbursement OR completed without disbursement OR > 5% mismatch,"Expenditure transactions record ₹826,757.00 disbursed, but master amount_disbursed is unpopulated."
WS/MP380/2026-2027/279201,DQ_DISBURSEMENT_RECONCILIATION_GAP,data_quality,Moderate,25,"Disb: None, Exp: 200000.0",Transaction expenditure without master disbursement OR completed without disbursement OR > 5% mismatch,"Expenditure transactions record ₹200,000.00 disbursed, but master amount_disbursed is unpopulated."
WS/MP18153/2024-2025/135260,LIFE_PROLONGED_STAGNATION,lifecycle_execution,Moderate,30,625 days,> 445 days since last expenditure,No expenditure transactions recorded for 625 days (P90 delay threshold) on an uncompleted project.
WS/MP18153/2024-2025/167828,LIFE_PROLONGED_STAGNATION,lifecycle_execution,Moderate,30,477 days,> 445 days since last expenditure,No expenditure transactions recorded for 477 days (P90 delay threshold) on an uncompleted project.
WS/MP18153/2024-2025/167828,DQ_DISBURSEMENT_RECONCILIATION_GAP,data_quality,Moderate,25,"Disb: None, Exp: 903625.0",Transaction expenditure without master disbursement OR completed without disbursement OR > 5% mismatch,"Expenditure transactions record ₹903,625.00 disbursed, but master amount_disbursed is unpopulated."
WS/MP18153/2024-2025/183043,TX_EARLY_STAGE_HIGH_EXP,transaction_pattern,Moderate,30,98.9% spent during 'Vendor Identification',>= 75% expenditure in preliminary status,"98.9% of sanctioned budget is represented by expenditure transactions (₹240,327.00) while project status remains officially in 'Vendor Identification'."
WS/MP18153/2024-2025/183043,LIFE_STATUS_DISCONNECT,lifecycle_execution,Moderate,25,"Status: Vendor Identification, Exp: 98.9%",Substantial financial execution prior to execution milestone,Complete or near-complete financial disbursement precedes formal physical execution milestones (Status: 'Vendor Identification').
WS/MP18153/2024-2025/183043,DQ_DISBURSEMENT_RECONCILIATION_GAP,data_quality,Moderate,25,"Disb: None, Exp: 240327.0",Transaction expenditure without master disbursement OR completed without disbursement OR > 5% mismatch,"Expenditure transactions record ₹240,327.00 disbursed, but master amount_disbursed is unpopulated."
WS/MP18153/2025-2026/247298,DQ_DISBURSEMENT_RECONCILIATION_GAP,data_quality,Moderate,25,"Disb: None, Exp: 124640.0",Transaction expenditure without master disbursement OR completed without disbursement OR > 5% mismatch,"Expenditure transactions record ₹124,640.00 disbursed, but master amount_disbursed is unpopulated."
WS/MP18153/2025-2026/274494,DQ_DISBURSEMENT_RECONCILIATION_GAP,data_quality,Moderate,25,"Disb: None, Exp: 198500.0",Transaction expenditure without master disbursement OR completed without disbursement OR > 5% mismatch,"Expenditure transactions record ₹198,500.00 disbursed, but master amount_disbursed is unpopulated."
WS/MP18153/2026-2027/274487,TX_EARLY_STAGE_HIGH_EXP,transaction_pattern,Moderate,30,98.9% spent during 'Vendor Identification',>= 75% expenditure in preliminary status,"98.9% of sanctioned budget is represented by expenditure transactions (₹246,261.00) while project status remains officially in 'Vendor Identification'."
WS/MP18153/2026-2027/274487,LIFE_STATUS_DISCONNECT,lifecycle_execution,Moderate,25,"Status: Vendor Identification, Exp: 98.9%",Substantial financial execution prior to execution milestone,Complete or near-complete financial disbursement precedes formal physical execution milestones (Status: 'Vendor Identification').
WS/MP18153/2026-2027/274487,DQ_DISBURSEMENT_RECONCILIATION_GAP,data_quality,Moderate,25,"Disb: None, Exp: 246261.0",Transaction expenditure without master disbursement OR completed without disbursement OR > 5% mismatch,"Expenditure transactions record ₹246,261.00 disbursed, but master amount_disbursed is unpopulated."
WS/MP18153/2026-2027/273973,DQ_DISBURSEMENT_RECONCILIATION_GAP,data_quality,Moderate,25,"Disb: None, Exp: 240667.0",Transaction expenditure without master disbursement OR completed without disbursement OR > 5% mismatch,"Expenditure transactions record ₹240,667.00 disbursed, but master amount_disbursed is unpopulated."
WS/MP18154/2025-2026/166556,DQ_DISBURSEMENT_RECONCILIATION_GAP,data_quality,Moderate,25,"Disb: None, Exp: 300000.0",Transaction expenditure without master disbursement OR completed without disbursement OR > 5% mismatch,"Expenditure transactions record ₹300,000.00 disbursed, but master amount_disbursed is unpopulated."
WS/MP18154/2025-2026/166557,DQ_DISBURSEMENT_RECONCILIATION_GAP,data_quality,Moderate,25,"Disb: None, Exp: 204900.0",Transaction expenditure without master disbursement OR completed without disbursement OR > 5% mismatch,"Expenditure transactions record ₹204,900.00 disbursed, but master amount_disbursed is unpopulated."
WS/MP18154/2025-2026/196161,DQ_DISBURSEMENT_RECONCILIATION_GAP,data_quality,Moderate,25,"Disb: None, Exp: 746334.0",Transaction expenditure without master disbursement OR completed without disbursement OR > 5% mismatch,"Expenditure transactions record ₹746,334.00 disbursed, but master amount_disbursed is unpopulated."
WS/MP18154/2025-2026/192238,DQ_DISBURSEMENT_RECONCILIATION_GAP,data_quality,Moderate,25,"Disb: None, Exp: 354595.0",Transaction expenditure without master disbursement OR completed without disbursement OR > 5% mismatch,"Expenditure transactions record ₹354,595.00 disbursed, but master amount_disbursed is unpopulated."
WS/MP18154/2025-2026/199726,TX_VENDOR_SPRAWL_HIGH,transaction_pattern,Moderate,20,4,>= 3 vendors,Expenditure is disbursed across 4 distinct contracting entities (P90 percentile).
WS/MP18154/2025-2026/196159,DQ_DISBURSEMENT_RECONCILIATION_GAP,data_quality,Moderate,25,"Disb: None, Exp: 959000.0",Transaction expenditure without master disbursement OR completed without disbursement OR > 5% mismatch,"Expenditure transactions record ₹959,000.00 disbursed, but master amount_disbursed is unpopulated."
WS/MP18154/2025-2026/250965,TX_SLICING_HIGH,transaction_pattern,Moderate,20,8,>= 6 transactions,Expenditure is fragmented across 8 separate payment transactions (P95 percentile).
WS/MP18154/2025-2026/250965,TX_VENDOR_SPRAWL_HIGH,transaction_pattern,Moderate,20,6,>= 3 vendors,Expenditure is disbursed across 6 distinct contracting entities (P90 percentile).
WS/MP18154/2025-2026/250965,TX_EARLY_STAGE_HIGH_EXP,transaction_pattern,Moderate,30,100.0% spent during 'Vendor Identification',>= 75% expenditure in preliminary status,"100.0% of sanctioned budget is represented by expenditure transactions (₹700,000.00) while project status remains officially in 'Vendor Identification'."
WS/MP18154/2025-2026/250965,LIFE_STATUS_DISCONNECT,lifecycle_execution,Moderate,25,"Status: Vendor Identification, Exp: 100.0%",Substantial financial execution prior to execution milestone,Complete or near-complete financial disbursement precedes formal physical execution milestones (Status: 'Vendor Identification').
WS/MP18154/2025-2026/250965,DQ_DISBURSEMENT_RECONCILIATION_GAP,data_quality,Moderate,25,"Disb: None, Exp: 700000.0",Transaction expenditure without master disbursement OR completed without disbursement OR > 5% mismatch,"Expenditure transactions record ₹700,000.00 disbursed, but master amount_disbursed is unpopulated."
WS/MP18154/2025-2026/256975,DQ_DISBURSEMENT_RECONCILIATION_GAP,data_quality,Moderate,25,"Disb: None, Exp: 422066.0",Transaction expenditure without master disbursement OR completed without disbursement OR > 5% mismatch,"Expenditure transactions record ₹422,066.00 disbursed, but master amount_disbursed is unpopulated."
WS/MP18154/2025-2026/259402,DQ_DISBURSEMENT_RECONCILIATION_GAP,data_quality,Moderate,25,"Disb: None, Exp: 500000.0",Transaction expenditure without master disbursement OR completed without disbursement OR > 5% mismatch,"Expenditure transactions record ₹500,000.00 disbursed, but master amount_disbursed is unpopulated."
WS/MP18154/2025-2026/245786,FIN_DUP_EXPOSURE_MOD,financial_integrity,Moderate,25,9.8%,>= 5% duplicate expenditure ratio,"Potential duplicate disbursements total ₹49,000.00, representing 9.8% of total recorded expenditure (₹500,000.00)."
WS/MP18154/2025-2026/245786,TX_EXACT_DUP_CLUSTER,transaction_pattern,Moderate,30,1 excess copies (2 participating),>= 1 excess duplicate transaction,2 transactions participate in duplicate groups (1 excess redundant copies across 1 clusters).
WS/MP18154/2025-2026/245786,DQ_DISBURSEMENT_RECONCILIATION_GAP,data_quality,Moderate,25,"Disb: None, Exp: 500000.0",Transaction expenditure without master disbursement OR completed without disbursement OR > 5% mismatch,"Expenditure transactions record ₹500,000.00 disbursed, but master amount_disbursed is unpopulated."
WS/MP18154/2025-2026/250967,DQ_DISBURSEMENT_RECONCILIATION_GAP,data_quality,Moderate,25,"Disb: None, Exp: 248626.0",Transaction expenditure without master disbursement OR completed without disbursement OR > 5% mismatch,"Expenditure transactions record ₹248,626.00 disbursed, but master amount_disbursed is unpopulated."
WS/MP18154/2025-2026/250967,DQ_MISSING_REC_SERIES,data_quality,Low,15,AP Catalog Uncoupling,State-level recommendation series unmapped,Recommended sheet Work_ID series does not map to sanctioned master series in source workbook; recommendation dates unlinked.
WS/MP18155/2024-2025/149131,TX_EARLY_STAGE_HIGH_EXP,transaction_pattern,Moderate,30,97.0% spent during 'Vendor Identification',>= 75% expenditure in preliminary status,"97.0% of sanctioned budget is represented by expenditure transactions (₹774,300.00) while project status remains officially in 'Vendor Identification'."
WS/MP18155/2024-2025/149131,LIFE_PROLONGED_STAGNATION,lifecycle_execution,Moderate,30,542 days,> 445 days since last expenditure,No expenditure transactions recorded for 542 days (P90 delay threshold) on an uncompleted project.
WS/MP18155/2024-2025/149131,LIFE_STATUS_DISCONNECT,lifecycle_execution,Moderate,25,"Status: Vendor Identification, Exp: 97.0%",Substantial financial execution prior to execution milestone,Complete or near-complete financial disbursement precedes formal physical execution milestones (Status: 'Vendor Identification').
WS/MP18155/2024-2025/149131,DQ_DISBURSEMENT_RECONCILIATION_GAP,data_quality,Moderate,25,"Disb: None, Exp: 774300.0",Transaction expenditure without master disbursement OR completed without disbursement OR > 5% mismatch,"Expenditure transactions record ₹774,300.00 disbursed, but master amount_disbursed is unpopulated."
WS/MP18155/2024-2025/141721,TX_EARLY_STAGE_HIGH_EXP,transaction_pattern,Moderate,30,96.8% spent during 'Vendor Identification',>= 75% expenditure in preliminary status,"96.8% of sanctioned budget is represented by expenditure transactions (₹193,500.00) while project status remains officially in 'Vendor Identification'."
WS/MP18155/2024-2025/141721,LIFE_STATUS_DISCONNECT,lifecycle_execution,Moderate,25,"Status: Vendor Identification, Exp: 96.8%",Substantial financial execution prior to execution milestone,Complete or near-complete financial disbursement precedes formal physical execution milestones (Status: 'Vendor Identification').
WS/MP18155/2024-2025/141721,DQ_DISBURSEMENT_RECONCILIATION_GAP,data_quality,Moderate,25,"Disb: None, Exp: 193500.0",Transaction expenditure without master disbursement OR completed without disbursement OR > 5% mismatch,"Expenditure transactions record ₹193,500.00 disbursed, but master amount_disbursed is unpopulated."
WS/MP18155/2024-2025/163661,FIN_DUP_EXPOSURE_MOD,financial_integrity,Moderate,25,23.6%,>= 5% duplicate expenditure ratio,"Potential duplicate disbursements total ₹47,141.00, representing 23.6% of total recorded expenditure (₹200,000.00)."
WS/MP18155/2024-2025/163661,TX_EXACT_DUP_CLUSTER,transaction_pattern,Moderate,30,1 excess copies (2 participating),>= 1 excess duplicate transaction,2 transactions participate in duplicate groups (1 excess redundant copies across 1 clusters).
WS/MP18155/2024-2025/163661,TX_SLICING_HIGH,transaction_pattern,Moderate,20,7,>= 6 transactions,Expenditure is fragmented across 7 separate payment transactions (P95 percentile).
WS/MP18155/2024-2025/163661,TX_VENDOR_SPRAWL_HIGH,transaction_pattern,Moderate,20,3,>= 3 vendors,Expenditure is disbursed across 3 distinct contracting entities (P90 percentile).
WS/MP18155/2024-2025/163661,LIFE_PROLONGED_STAGNATION,lifecycle_execution,Moderate,30,446 days,> 445 days since last expenditure,No expenditure transactions recorded for 446 days (P90 delay threshold) on an uncompleted project.
WS/MP18155/2025-2026/193697,FIN_DUP_EXPOSURE_MOD,financial_integrity,Moderate,25,25.0%,>= 5% duplicate expenditure ratio,"Potential duplicate disbursements total ₹110,400.00, representing 25.0% of total recorded expenditure (₹442,124.00)."
WS/MP18155/2025-2026/193697,TX_EXACT_DUP_CLUSTER,transaction_pattern,High,40,4 excess copies (5 participating),>= 4 excess duplicate transactions,5 transactions participate in duplicate groups (4 excess redundant copies across 1 clusters).
WS/MP18155/2025-2026/193697,TX_SLICING_HIGH,transaction_pattern,Moderate,20,12,>= 6 transactions,Expenditure is fragmented across 12 separate payment transactions (P95 percentile).
WS/MP18155/2025-2026/193697,TX_VENDOR_SPRAWL_HIGH,transaction_pattern,Moderate,20,4,>= 3 vendors,Expenditure is disbursed across 4 distinct contracting entities (P90 percentile).
WS/MP18155/2025-2026/193697,DQ_DISBURSEMENT_RECONCILIATION_GAP,data_quality,Moderate,25,"Disb: None, Exp: 442124.0",Transaction expenditure without master disbursement OR completed without disbursement OR > 5% mismatch,"Expenditure transactions record ₹442,124.00 disbursed, but master amount_disbursed is unpopulated."
WS/MP18155/2025-2026/193916,FIN_DUP_EXPOSURE_MOD,financial_integrity,Moderate,25,27.1%,>= 5% duplicate expenditure ratio,"Potential duplicate disbursements total ₹87,750.00, representing 27.1% of total recorded expenditure (₹323,867.00)."
WS/MP18155/2025-2026/193916,TX_EXACT_DUP_CLUSTER,transaction_pattern,Moderate,30,2 excess copies (4 participating),>= 1 excess duplicate transaction,4 transactions participate in duplicate groups (2 excess redundant copies across 2 clusters).
WS/MP18155/2025-2026/193916,TX_SLICING_HIGH,transaction_pattern,Moderate,20,9,>= 6 transactions,Expenditure is fragmented across 9 separate payment transactions (P95 percentile).
WS/MP18155/2025-2026/193916,TX_VENDOR_SPRAWL_HIGH,transaction_pattern,Moderate,20,3,>= 3 vendors,Expenditure is disbursed across 3 distinct contracting entities (P90 percentile).
WS/MP18155/2025-2026/193916,DQ_DISBURSEMENT_RECONCILIATION_GAP,data_quality,Moderate,25,"Disb: None, Exp: 323867.0",Transaction expenditure without master disbursement OR completed without disbursement OR > 5% mismatch,"Expenditure transactions record ₹323,867.00 disbursed, but master amount_disbursed is unpopulated."
WS/MP18155/2025-2026/189291,DQ_DISBURSEMENT_RECONCILIATION_GAP,data_quality,Moderate,25,"Disb: None, Exp: 890741.0",Transaction expenditure without master disbursement OR completed without disbursement OR > 5% mismatch,"Expenditure transactions record ₹890,741.00 disbursed, but master amount_disbursed is unpopulated."
WS/MP18155/2025-2026/215381,DQ_DISBURSEMENT_RECONCILIATION_GAP,data_quality,Moderate,25,"Disb: None, Exp: 1000000.0",Transaction expenditure without master disbursement OR completed without disbursement OR > 5% mismatch,"Expenditure transactions record ₹1,000,000.00 disbursed, but master amount_disbursed is unpopulated."
WS/MP18155/2025-2026/238468,TX_EARLY_STAGE_HIGH_EXP,transaction_pattern,Moderate,30,100.0% spent during 'Vendor Identification',>= 75% expenditure in preliminary status,"100.0% of sanctioned budget is represented by expenditure transactions (₹129,000.00) while project status remains officially in 'Vendor Identification'."
WS/MP18155/2025-2026/238468,LIFE_STATUS_DISCONNECT,lifecycle_execution,Moderate,25,"Status: Vendor Identification, Exp: 100.0%",Substantial financial execution prior to execution milestone,Complete or near-complete financial disbursement precedes formal physical execution milestones (Status: 'Vendor Identification').
WS/MP18155/2025-2026/238468,DQ_DISBURSEMENT_RECONCILIATION_GAP,data_quality,Moderate,25,"Disb: None, Exp: 129000.0",Transaction expenditure without master disbursement OR completed without disbursement OR > 5% mismatch,"Expenditure transactions record ₹129,000.00 disbursed, but master amount_disbursed is unpopulated."
WS/MP18155/2025-2026/249579,TX_SLICING_HIGH,transaction_pattern,Moderate,20,10,>= 6 transactions,Expenditure is fragmented across 10 separate payment transactions (P95 percentile).
WS/MP18155/2025-2026/249579,TX_VENDOR_SPRAWL_HIGH,transaction_pattern,Moderate,20,7,>= 3 vendors,Expenditure is disbursed across 7 distinct contracting entities (P90 percentile).
WS/MP18155/2025-2026/249579,DQ_DISBURSEMENT_RECONCILIATION_GAP,data_quality,Moderate,25,"Disb: None, Exp: 500000.0",Transaction expenditure without master disbursement OR completed without disbursement OR > 5% mismatch,"Expenditure transactions record ₹500,000.00 disbursed, but master amount_disbursed is unpopulated."
WS/MP18155/2025-2026/249974,TX_SLICING_HIGH,transaction_pattern,Moderate,20,12,>= 6 transactions,Expenditure is fragmented across 12 separate payment transactions (P95 percentile).
WS/MP18155/2025-2026/249974,TX_VENDOR_SPRAWL_EXTREME,transaction_pattern,High,35,9,>= 8 vendors,Expenditure is disbursed across 9 distinct contracting entities for this work (top 1% percentile).
WS/MP18155/2025-2026/249974,TX_EARLY_STAGE_HIGH_EXP,transaction_pattern,Moderate,30,100.0% spent during 'Vendor Identification',>= 75% expenditure in preliminary status,"100.0% of sanctioned budget is represented by expenditure transactions (₹350,000.00) while project status remains officially in 'Vendor Identification'."
WS/MP18155/2025-2026/249974,LIFE_STATUS_DISCONNECT,lifecycle_execution,Moderate,25,"Status: Vendor Identification, Exp: 100.0%",Substantial financial execution prior to execution milestone,Complete or near-complete financial disbursement precedes formal physical execution milestones (Status: 'Vendor Identification').
WS/MP18155/2025-2026/249974,DQ_DISBURSEMENT_RECONCILIATION_GAP,data_quality,Moderate,25,"Disb: None, Exp: 350000.0",Transaction expenditure without master disbursement OR completed without disbursement OR > 5% mismatch,"Expenditure transactions record ₹350,000.00 disbursed, but master amount_disbursed is unpopulated."
WS/MP18155/2025-2026/245961,DQ_DISBURSEMENT_RECONCILIATION_GAP,data_quality,Moderate,25,"Disb: None, Exp: 383767.0",Transaction expenditure without master disbursement OR completed without disbursement OR > 5% mismatch,"Expenditure transactions record ₹383,767.00 disbursed, but master amount_disbursed is unpopulated."
WS/MP18156/2025-2026/211024,TX_EARLY_STAGE_HIGH_EXP,transaction_pattern,Moderate,30,100.0% spent during 'Vendor Identification',>= 75% expenditure in preliminary status,"100.0% of sanctioned budget is represented by expenditure transactions (₹100,000.00) while project status remains officially in 'Vendor Identification'."
WS/MP18156/2025-2026/211024,LIFE_STATUS_DISCONNECT,lifecycle_execution,Moderate,25,"Status: Vendor Identification, Exp: 100.0%",Substantial financial execution prior to execution milestone,Complete or near-complete financial disbursement precedes formal physical execution milestones (Status: 'Vendor Identification').
WS/MP18156/2025-2026/211024,DQ_DISBURSEMENT_RECONCILIATION_GAP,data_quality,Moderate,25,"Disb: None, Exp: 100000.0",Transaction expenditure without master disbursement OR completed without disbursement OR > 5% mismatch,"Expenditure transactions record ₹100,000.00 disbursed, but master amount_disbursed is unpopulated."
WS/MP18156/2025-2026/219859,DQ_DISBURSEMENT_RECONCILIATION_GAP,data_quality,Moderate,25,"Disb: None, Exp: 94817.0",Transaction expenditure without master disbursement OR completed without disbursement OR > 5% mismatch,"Expenditure transactions record ₹94,817.00 disbursed, but master amount_disbursed is unpopulated."
WS/MP18156/2025-2026/213068,TX_EARLY_STAGE_HIGH_EXP,transaction_pattern,Moderate,30,100.0% spent during 'Vendor Identification',>= 75% expenditure in preliminary status,"100.0% of sanctioned budget is represented by expenditure transactions (₹250,000.00) while project status remains officially in 'Vendor Identification'."
WS/MP18156/2025-2026/213068,LIFE_STATUS_DISCONNECT,lifecycle_execution,Moderate,25,"Status: Vendor Identification, Exp: 100.0%",Substantial financial execution prior to execution milestone,Complete or near-complete financial disbursement precedes formal physical execution milestones (Status: 'Vendor Identification').
WS/MP18156/2025-2026/213068,DQ_DISBURSEMENT_RECONCILIATION_GAP,data_quality,Moderate,25,"Disb: None, Exp: 250000.0",Transaction expenditure without master disbursement OR completed without disbursement OR > 5% mismatch,"Expenditure transactions record ₹250,000.00 disbursed, but master amount_disbursed is unpopulated."
WS/MP18156/2025-2026/225098,DQ_DISBURSEMENT_RECONCILIATION_GAP,data_quality,Moderate,25,"Disb: None, Exp: 317838.0",Transaction expenditure without master disbursement OR completed without disbursement OR > 5% mismatch,"Expenditure transactions record ₹317,838.00 disbursed, but master amount_disbursed is unpopulated."
WS/MP18156/2025-2026/225723,TX_EARLY_STAGE_HIGH_EXP,transaction_pattern,Moderate,30,93.8% spent during 'Vendor Identification',>= 75% expenditure in preliminary status,"93.8% of sanctioned budget is represented by expenditure transactions (₹187,571.00) while project status remains officially in 'Vendor Identification'."
WS/MP18156/2025-2026/225723,LIFE_STATUS_DISCONNECT,lifecycle_execution,Moderate,25,"Status: Vendor Identification, Exp: 93.8%",Substantial financial execution prior to execution milestone,Complete or near-complete financial disbursement precedes formal physical execution milestones (Status: 'Vendor Identification').
WS/MP18156/2025-2026/225723,DQ_DISBURSEMENT_RECONCILIATION_GAP,data_quality,Moderate,25,"Disb: None, Exp: 187571.0",Transaction expenditure without master disbursement OR completed without disbursement OR > 5% mismatch,"Expenditure transactions record ₹187,571.00 disbursed, but master amount_disbursed is unpopulated."
WS/MP18156/2025-2026/185312,DQ_DISBURSEMENT_RECONCILIATION_GAP,data_quality,Moderate,25,"Disb: None, Exp: 953445.0",Transaction expenditure without master disbursement OR completed without disbursement OR > 5% mismatch,"Expenditure transactions record ₹953,445.00 disbursed, but master amount_disbursed is unpopulated."
WS/MP18156/2025-2026/185312,DQ_MISSING_REC_SERIES,data_quality,Low,15,AP Catalog Uncoupling,State-level recommendation series unmapped,Recommended sheet Work_ID series does not map to sanctioned master series in source workbook; recommendation dates unlinked.
WS/MP18156/2025-2026/225107,DQ_DISBURSEMENT_RECONCILIATION_GAP,data_quality,Moderate,25,"Disb: None, Exp: 481346.0",Transaction expenditure without master disbursement OR completed without disbursement OR > 5% mismatch,"Expenditure transactions record ₹481,346.00 disbursed, but master amount_disbursed is unpopulated."
WS/MP18156/2026-2027/273840,DQ_DISBURSEMENT_RECONCILIATION_GAP,data_quality,Moderate,25,"Disb: None, Exp: 193609.0",Transaction expenditure without master disbursement OR completed without disbursement OR > 5% mismatch,"Expenditure transactions record ₹193,609.00 disbursed, but master amount_disbursed is unpopulated."
WS/MP18156/2026-2027/273854,DQ_DISBURSEMENT_RECONCILIATION_GAP,data_quality,Moderate,25,"Disb: None, Exp: 96707.0",Transaction expenditure without master disbursement OR completed without disbursement OR > 5% mismatch,"Expenditure transactions record ₹96,707.00 disbursed, but master amount_disbursed is unpopulated."
WS/MP18157/2025-2026/198805,TX_SLICING_HIGH,transaction_pattern,Moderate,20,9,>= 6 transactions,Expenditure is fragmented across 9 separate payment transactions (P95 percentile).
WS/MP18157/2025-2026/198805,TX_VENDOR_SPRAWL_HIGH,transaction_pattern,Moderate,20,4,>= 3 vendors,Expenditure is disbursed across 4 distinct contracting entities (P90 percentile).
WS/MP18157/2025-2026/234867,DQ_MISSING_REC_SERIES,data_quality,Low,15,AP Catalog Uncoupling,State-level recommendation series unmapped,Recommended sheet Work_ID series does not map to sanctioned master series in source workbook; recommendation dates unlinked.
WS/MP18157/2025-2026/232177,DQ_DISBURSEMENT_RECONCILIATION_GAP,data_quality,Moderate,25,"Disb: None, Exp: 100000.0",Transaction expenditure without master disbursement OR completed without disbursement OR > 5% mismatch,"Expenditure transactions record ₹100,000.00 disbursed, but master amount_disbursed is unpopulated."
WS/MP18157/2025-2026/239559,TX_VENDOR_SPRAWL_HIGH,transaction_pattern,Moderate,20,3,>= 3 vendors,Expenditure is disbursed across 3 distinct contracting entities (P90 percentile).
WS/MP18157/2025-2026/239559,DQ_DISBURSEMENT_RECONCILIATION_GAP,data_quality,Moderate,25,"Disb: None, Exp: 500000.0",Transaction expenditure without master disbursement OR completed without disbursement OR > 5% mismatch,"Expenditure transactions record ₹500,000.00 disbursed, but master amount_disbursed is unpopulated."
WS/MP18157/2025-2026/241166,TX_EARLY_STAGE_HIGH_EXP,transaction_pattern,Moderate,30,100.0% spent during 'Vendor Identification',>= 75% expenditure in preliminary status,"100.0% of sanctioned budget is represented by expenditure transactions (₹235,557.00) while project status remains officially in 'Vendor Identification'."
WS/MP18157/2025-2026/241166,LIFE_STATUS_DISCONNECT,lifecycle_execution,Moderate,25,"Status: Vendor Identification, Exp: 100.0%",Substantial financial execution prior to execution milestone,Complete or near-complete financial disbursement precedes formal physical execution milestones (Status: 'Vendor Identification').
WS/MP18157/2025-2026/241166,DQ_DISBURSEMENT_RECONCILIATION_GAP,data_quality,Moderate,25,"Disb: None, Exp: 235557.0",Transaction expenditure without master disbursement OR completed without disbursement OR > 5% mismatch,"Expenditure transactions record ₹235,557.00 disbursed, but master amount_disbursed is unpopulated."
WS/MP18157/2025-2026/241170,TX_EARLY_STAGE_HIGH_EXP,transaction_pattern,Moderate,30,100.0% spent during 'Vendor Identification',>= 75% expenditure in preliminary status,"100.0% of sanctioned budget is represented by expenditure transactions (₹100,953.00) while project status remains officially in 'Vendor Identification'."
WS/MP18157/2025-2026/241170,LIFE_STATUS_DISCONNECT,lifecycle_execution,Moderate,25,"Status: Vendor Identification, Exp: 100.0%",Substantial financial execution prior to execution milestone,Complete or near-complete financial disbursement precedes formal physical execution milestones (Status: 'Vendor Identification').
WS/MP18157/2025-2026/241170,DQ_DISBURSEMENT_RECONCILIATION_GAP,data_quality,Moderate,25,"Disb: None, Exp: 100953.0",Transaction expenditure without master disbursement OR completed without disbursement OR > 5% mismatch,"Expenditure transactions record ₹100,953.00 disbursed, but master amount_disbursed is unpopulated."
WS/MP18157/2025-2026/251538,DQ_MISSING_REC_SERIES,data_quality,Low,15,AP Catalog Uncoupling,State-level recommendation series unmapped,Recommended sheet Work_ID series does not map to sanctioned master series in source workbook; recommendation dates unlinked.
WS/MP18157/2025-2026/267152,FIN_DUP_EXPOSURE_MOD,financial_integrity,Moderate,25,27.4%,>= 5% duplicate expenditure ratio,"Potential duplicate disbursements total ₹88,200.00, representing 27.4% of total recorded expenditure (₹321,426.00)."
WS/MP18157/2025-2026/267152,TX_EXACT_DUP_CLUSTER,transaction_pattern,Moderate,30,2 excess copies (3 participating),>= 1 excess duplicate transaction,3 transactions participate in duplicate groups (2 excess redundant copies across 1 clusters).
WS/MP18157/2025-2026/267152,TX_SLICING_HIGH,transaction_pattern,Moderate,20,7,>= 6 transactions,Expenditure is fragmented across 7 separate payment transactions (P95 percentile).
WS/MP18157/2025-2026/267152,TX_VENDOR_SPRAWL_HIGH,transaction_pattern,Moderate,20,4,>= 3 vendors,Expenditure is disbursed across 4 distinct contracting entities (P90 percentile).
WS/MP18157/2025-2026/267152,DQ_DISBURSEMENT_RECONCILIATION_GAP,data_quality,Moderate,25,"Disb: None, Exp: 321426.0",Transaction expenditure without master disbursement OR completed without disbursement OR > 5% mismatch,"Expenditure transactions record ₹321,426.00 disbursed, but master amount_disbursed is unpopulated."
WS/MP18157/2025-2026/267152,DQ_MISSING_REC_SERIES,data_quality,Low,15,AP Catalog Uncoupling,State-level recommendation series unmapped,Recommended sheet Work_ID series does not map to sanctioned master series in source workbook; recommendation dates unlinked.
WS/MP18158/2025-2026/203151,TX_VENDOR_SPRAWL_HIGH,transaction_pattern,Moderate,20,4,>= 3 vendors,Expenditure is disbursed across 4 distinct contracting entities (P90 percentile).
WS/MP18158/2025-2026/203151,DQ_DISBURSEMENT_RECONCILIATION_GAP,data_quality,Moderate,25,"Disb: None, Exp: 225431.0",Transaction expenditure without master disbursement OR completed without disbursement OR > 5% mismatch,"Expenditure transactions record ₹225,431.00 disbursed, but master amount_disbursed is unpopulated."
WS/MP18158/2025-2026/225709,TX_SLICING_HIGH,transaction_pattern,Moderate,20,7,>= 6 transactions,Expenditure is fragmented across 7 separate payment transactions (P95 percentile).
WS/MP18158/2025-2026/225709,TX_VENDOR_SPRAWL_HIGH,transaction_pattern,Moderate,20,4,>= 3 vendors,Expenditure is disbursed across 4 distinct contracting entities (P90 percentile).
WS/MP18158/2025-2026/217344,DQ_DISBURSEMENT_RECONCILIATION_GAP,data_quality,Moderate,25,"Disb: None, Exp: 244600.0",Transaction expenditure without master disbursement OR completed without disbursement OR > 5% mismatch,"Expenditure transactions record ₹244,600.00 disbursed, but master amount_disbursed is unpopulated."
WS/MP18158/2025-2026/231540,TX_VENDOR_SPRAWL_HIGH,transaction_pattern,Moderate,20,4,>= 3 vendors,Expenditure is disbursed across 4 distinct contracting entities (P90 percentile).
WS/MP18158/2025-2026/231540,DQ_DISBURSEMENT_RECONCILIATION_GAP,data_quality,Moderate,25,"Disb: None, Exp: 586889.0",Transaction expenditure without master disbursement OR completed without disbursement OR > 5% mismatch,"Expenditure transactions record ₹586,889.00 disbursed, but master amount_disbursed is unpopulated."
WS/MP18158/2025-2026/242834,DQ_DISBURSEMENT_RECONCILIATION_GAP,data_quality,Moderate,25,"Disb: None, Exp: 56900.0",Transaction expenditure without master disbursement OR completed without disbursement OR > 5% mismatch,"Expenditure transactions record ₹56,900.00 disbursed, but master amount_disbursed is unpopulated."
WS/MP18158/2026-2027/222870,TX_EARLY_STAGE_HIGH_EXP,transaction_pattern,Moderate,30,98.1% spent during 'Vendor Identification',>= 75% expenditure in preliminary status,"98.1% of sanctioned budget is represented by expenditure transactions (₹686,892.00) while project status remains officially in 'Vendor Identification'."
WS/MP18158/2026-2027/222870,LIFE_STATUS_DISCONNECT,lifecycle_execution,Moderate,25,"Status: Vendor Identification, Exp: 98.1%",Substantial financial execution prior to execution milestone,Complete or near-complete financial disbursement precedes formal physical execution milestones (Status: 'Vendor Identification').
WS/MP18158/2026-2027/222870,DQ_DISBURSEMENT_RECONCILIATION_GAP,data_quality,Moderate,25,"Disb: None, Exp: 686892.0",Transaction expenditure without master disbursement OR completed without disbursement OR > 5% mismatch,"Expenditure transactions record ₹686,892.00 disbursed, but master amount_disbursed is unpopulated."
WS/MP18158/2026-2027/240352,DQ_DISBURSEMENT_RECONCILIATION_GAP,data_quality,Moderate,25,"Disb: None, Exp: 267366.0",Transaction expenditure without master disbursement OR completed without disbursement OR > 5% mismatch,"Expenditure transactions record ₹267,366.00 disbursed, but master amount_disbursed is unpopulated."
WS/MP18314/2024-2025/141074,LIFE_PROLONGED_STAGNATION,lifecycle_execution,Moderate,30,551 days,> 445 days since last expenditure,No expenditure transactions recorded for 551 days (P90 delay threshold) on an uncompleted project.
WS/MP18314/2024-2025/141074,LIFE_SEVERE_DELAY_COMP,lifecycle_execution,Moderate,25,539 days,> 477 days,Completion required 539 days from recommendation date (P95 threshold).
WS/MP18314/2025-2026/190975,FIN_DUP_EXPOSURE_HIGH,financial_integrity,High,45,34.9%,>= 30% duplicate expenditure ratio,"Potential duplicate disbursements total ₹61,200.00, representing 34.9% of total recorded expenditure (₹175,239.00)."
WS/MP18314/2025-2026/190975,TX_EXACT_DUP_CLUSTER,transaction_pattern,Moderate,30,3 excess copies (4 participating),>= 1 excess duplicate transaction,4 transactions participate in duplicate groups (3 excess redundant copies across 1 clusters).
WS/MP18314/2025-2026/190975,TX_SLICING_HIGH,transaction_pattern,Moderate,20,7,>= 6 transactions,Expenditure is fragmented across 7 separate payment transactions (P95 percentile).
WS/MP18314/2025-2026/190975,DQ_DISBURSEMENT_RECONCILIATION_GAP,data_quality,Moderate,25,"Disb: None, Exp: 175239.0",Transaction expenditure without master disbursement OR completed without disbursement OR > 5% mismatch,"Expenditure transactions record ₹175,239.00 disbursed, but master amount_disbursed is unpopulated."
WS/MP18314/2025-2026/219612,TX_VENDOR_SPRAWL_HIGH,transaction_pattern,Moderate,20,4,>= 3 vendors,Expenditure is disbursed across 4 distinct contracting entities (P90 percentile).
WS/MP18314/2025-2026/219458,FIN_DUP_EXPOSURE_MOD,financial_integrity,Moderate,25,11.3%,>= 5% duplicate expenditure ratio,"Potential duplicate disbursements total ₹34,000.00, representing 11.3% of total recorded expenditure (₹300,000.00)."
WS/MP18314/2025-2026/219458,TX_EXACT_DUP_CLUSTER,transaction_pattern,Moderate,30,1 excess copies (2 participating),>= 1 excess duplicate transaction,2 transactions participate in duplicate groups (1 excess redundant copies across 1 clusters).
WS/MP18314/2025-2026/219458,TX_SLICING_HIGH,transaction_pattern,Moderate,20,9,>= 6 transactions,Expenditure is fragmented across 9 separate payment transactions (P95 percentile).
WS/MP18314/2025-2026/219458,TX_VENDOR_SPRAWL_HIGH,transaction_pattern,Moderate,20,6,>= 3 vendors,Expenditure is disbursed across 6 distinct contracting entities (P90 percentile).
WS/MP18314/2025-2026/219458,DQ_DISBURSEMENT_RECONCILIATION_GAP,data_quality,Moderate,25,"Disb: None, Exp: 300000.0",Transaction expenditure without master disbursement OR completed without disbursement OR > 5% mismatch,"Expenditure transactions record ₹300,000.00 disbursed, but master amount_disbursed is unpopulated."
WS/MP18314/2025-2026/219677,DQ_DISBURSEMENT_RECONCILIATION_GAP,data_quality,Moderate,25,"Disb: None, Exp: 150000.0",Transaction expenditure without master disbursement OR completed without disbursement OR > 5% mismatch,"Expenditure transactions record ₹150,000.00 disbursed, but master amount_disbursed is unpopulated."
WS/MP18314/2025-2026/219470,TX_VENDOR_SPRAWL_HIGH,transaction_pattern,Moderate,20,3,>= 3 vendors,Expenditure is disbursed across 3 distinct contracting entities (P90 percentile).
WS/MP18314/2025-2026/219470,DQ_DISBURSEMENT_RECONCILIATION_GAP,data_quality,Moderate,25,"Disb: None, Exp: 188633.0",Transaction expenditure without master disbursement OR completed without disbursement OR > 5% mismatch,"Expenditure transactions record ₹188,633.00 disbursed, but master amount_disbursed is unpopulated."
WS/MP18314/2025-2026/262903,DQ_DISBURSEMENT_RECONCILIATION_GAP,data_quality,Moderate,25,"Disb: None, Exp: 45000.0",Transaction expenditure without master disbursement OR completed without disbursement OR > 5% mismatch,"Expenditure transactions record ₹45,000.00 disbursed, but master amount_disbursed is unpopulated."
WS/MP18314/2026-2027/273533,DQ_DISBURSEMENT_RECONCILIATION_GAP,data_quality,Moderate,25,"Disb: None, Exp: 2249700.0",Transaction expenditure without master disbursement OR completed without disbursement OR > 5% mismatch,"Expenditure transactions record ₹2,249,700.00 disbursed, but master amount_disbursed is unpopulated."
WS/MP18193/2025-2026/149453,LIFE_SEVERE_DELAY_SANCTION,lifecycle_execution,Moderate,20,417 days,> 323 days,Sanction required 417 days from recommendation date (P95 threshold).
WS/MP18338/2025-2026/220045,DQ_DISBURSEMENT_RECONCILIATION_GAP,data_quality,Moderate,25,"Disb: None, Exp: 498908.0",Transaction expenditure without master disbursement OR completed without disbursement OR > 5% mismatch,"Expenditure transactions record ₹498,908.00 disbursed, but master amount_disbursed is unpopulated."
WS/MP770/2026-2027/188830,LIFE_SEVERE_DELAY_SANCTION,lifecycle_execution,Moderate,20,448 days,> 323 days,Sanction required 448 days from recommendation date (P95 threshold).
WS/MP770/2026-2027/188830,DQ_DISBURSEMENT_RECONCILIATION_GAP,data_quality,Moderate,25,"Disb: None, Exp: 199348.0",Transaction expenditure without master disbursement OR completed without disbursement OR > 5% mismatch,"Expenditure transactions record ₹199,348.00 disbursed, but master amount_disbursed is unpopulated."
WS/MP18191/2025-2026/234927,DQ_DISBURSEMENT_RECONCILIATION_GAP,data_quality,Moderate,25,"Disb: None, Exp: 994273.0",Transaction expenditure without master disbursement OR completed without disbursement OR > 5% mismatch,"Expenditure transactions record ₹994,273.00 disbursed, but master amount_disbursed is unpopulated."
WS/MP18190/2025-2026/192020,TX_EARLY_STAGE_HIGH_EXP,transaction_pattern,Moderate,30,100.0% spent during 'Vendor Identification',>= 75% expenditure in preliminary status,"100.0% of sanctioned budget is represented by expenditure transactions (₹137,963.00) while project status remains officially in 'Vendor Identification'."
WS/MP18190/2025-2026/192020,LIFE_STATUS_DISCONNECT,lifecycle_execution,Moderate,25,"Status: Vendor Identification, Exp: 100.0%",Substantial financial execution prior to execution milestone,Complete or near-complete financial disbursement precedes formal physical execution milestones (Status: 'Vendor Identification').
WS/MP18190/2025-2026/192020,DQ_DISBURSEMENT_RECONCILIATION_GAP,data_quality,Moderate,25,"Disb: None, Exp: 137963.0",Transaction expenditure without master disbursement OR completed without disbursement OR > 5% mismatch,"Expenditure transactions record ₹137,963.00 disbursed, but master amount_disbursed is unpopulated."
WS/MP18190/2026-2027/212746,DQ_DISBURSEMENT_RECONCILIATION_GAP,data_quality,Moderate,25,"Disb: None, Exp: 174367.0",Transaction expenditure without master disbursement OR completed without disbursement OR > 5% mismatch,"Expenditure transactions record ₹174,367.00 disbursed, but master amount_disbursed is unpopulated."
WS/MP770/2025-2026/181185,TX_EARLY_STAGE_HIGH_EXP,transaction_pattern,Moderate,30,100.0% spent during 'Vendor Identification',>= 75% expenditure in preliminary status,"100.0% of sanctioned budget is represented by expenditure transactions (₹1,050,000.00) while project status remains officially in 'Vendor Identification'."
WS/MP770/2025-2026/181185,LIFE_PROLONGED_STAGNATION,lifecycle_execution,Moderate,30,471 days,> 445 days since last expenditure,No expenditure transactions recorded for 471 days (P90 delay threshold) on an uncompleted project.
WS/MP770/2025-2026/181185,LIFE_STATUS_DISCONNECT,lifecycle_execution,Moderate,25,"Status: Vendor Identification, Exp: 100.0%",Substantial financial execution prior to execution milestone,Complete or near-complete financial disbursement precedes formal physical execution milestones (Status: 'Vendor Identification').
WS/MP770/2025-2026/181185,DQ_DISBURSEMENT_RECONCILIATION_GAP,data_quality,Moderate,25,"Disb: None, Exp: 1050000.0",Transaction expenditure without master disbursement OR completed without disbursement OR > 5% mismatch,"Expenditure transactions record ₹1,050,000.00 disbursed, but master amount_disbursed is unpopulated."
WS/MP18393/2026-2027/169149,LIFE_SEVERE_DELAY_SANCTION,lifecycle_execution,Moderate,20,512 days,> 323 days,Sanction required 512 days from recommendation date (P95 threshold).
WS/MP18393/2026-2027/169149,LIFE_SEVERE_DELAY_COMP,lifecycle_execution,Moderate,25,563 days,> 477 days,Completion required 563 days from recommendation date (P95 threshold).
WS/MP762/2025-2026/200885,TX_EARLY_STAGE_HIGH_EXP,transaction_pattern,Moderate,30,90.0% spent during 'Vendor Identification',>= 75% expenditure in preliminary status,"90.0% of sanctioned budget is represented by expenditure transactions (₹4,607,245.00) while project status remains officially in 'Vendor Identification'."
WS/MP762/2025-2026/200885,LIFE_STATUS_DISCONNECT,lifecycle_execution,Moderate,25,"Status: Vendor Identification, Exp: 90.0%",Substantial financial execution prior to execution milestone,Complete or near-complete financial disbursement precedes formal physical execution milestones (Status: 'Vendor Identification').
WS/MP762/2025-2026/200885,DQ_DISBURSEMENT_RECONCILIATION_GAP,data_quality,Moderate,25,"Disb: None, Exp: 4607245.0",Transaction expenditure without master disbursement OR completed without disbursement OR > 5% mismatch,"Expenditure transactions record ₹4,607,245.00 disbursed, but master amount_disbursed is unpopulated."
WS/MP18193/2026-2027/188611,LIFE_SEVERE_DELAY_SANCTION,lifecycle_execution,Moderate,20,380 days,> 323 days,Sanction required 380 days from recommendation date (P95 threshold).
WS/MP18193/2026-2027/188611,LIFE_SEVERE_DELAY_COMP,lifecycle_execution,Moderate,25,478 days,> 477 days,Completion required 478 days from recommendation date (P95 threshold).
WS/MP18188/2025-2026/222527,FIN_CERTIFIED_ZERO_DISB,financial_integrity,Moderate,35,"Exp: ₹0, Disb: ₹0",Status == Completed AND total_expenditure == 0 AND amount_disbursed == 0,"Project is certified as 'Work Completed', but ₹0 expenditure transactions and ₹0 master disbursement are recorded."
WS/MP18188/2025-2026/222527,DQ_DISBURSEMENT_RECONCILIATION_GAP,data_quality,Moderate,25,"Disb: None, Exp: 0.0",Transaction expenditure without master disbursement OR completed without disbursement OR > 5% mismatch,"Work is certified completed, but master amount_disbursed is null/unpopulated."
WS/MP18194/2026-2027/299772,DQ_DISBURSEMENT_RECONCILIATION_GAP,data_quality,Moderate,25,"Disb: None, Exp: 493391.0",Transaction expenditure without master disbursement OR completed without disbursement OR > 5% mismatch,"Expenditure transactions record ₹493,391.00 disbursed, but master amount_disbursed is unpopulated."
WS/MP18192/2026-2027/277608,DQ_DISBURSEMENT_RECONCILIATION_GAP,data_quality,Moderate,25,"Disb: None, Exp: 199529.0",Transaction expenditure without master disbursement OR completed without disbursement OR > 5% mismatch,"Expenditure transactions record ₹199,529.00 disbursed, but master amount_disbursed is unpopulated."
WS/MP18388/2026-2027/182835,LIFE_SEVERE_DELAY_SANCTION,lifecycle_execution,Moderate,20,502 days,> 323 days,Sanction required 502 days from recommendation date (P95 threshold).
WS/MP18189/2026-2027/260078,DQ_DISBURSEMENT_RECONCILIATION_GAP,data_quality,Moderate,25,"Disb: None, Exp: 499623.0",Transaction expenditure without master disbursement OR completed without disbursement OR > 5% mismatch,"Expenditure transactions record ₹499,623.00 disbursed, but master amount_disbursed is unpopulated."
WS/MP18188/2025-2026/208337,DQ_DISBURSEMENT_RECONCILIATION_GAP,data_quality,Moderate,25,"Disb: None, Exp: 487552.0",Transaction expenditure without master disbursement OR completed without disbursement OR > 5% mismatch,"Expenditure transactions record ₹487,552.00 disbursed, but master amount_disbursed is unpopulated."
WS/MP18389/2026-2027/161132,LIFE_SEVERE_DELAY_SANCTION,lifecycle_execution,Moderate,20,506 days,> 323 days,Sanction required 506 days from recommendation date (P95 threshold).
WS/MP18389/2026-2027/161132,LIFE_SEVERE_DELAY_COMP,lifecycle_execution,Moderate,25,590 days,> 477 days,Completion required 590 days from recommendation date (P95 threshold).
WS/MP18193/2025-2026/219872,DQ_DISBURSEMENT_RECONCILIATION_GAP,data_quality,Moderate,25,"Disb: None, Exp: 685445.0",Transaction expenditure without master disbursement OR completed without disbursement OR > 5% mismatch,"Expenditure transactions record ₹685,445.00 disbursed, but master amount_disbursed is unpopulated."
WS/MP18192/2025-2026/192696,TX_EARLY_STAGE_HIGH_EXP,transaction_pattern,Moderate,30,99.9% spent during 'Vendor Identification',>= 75% expenditure in preliminary status,"99.9% of sanctioned budget is represented by expenditure transactions (₹419,668.00) while project status remains officially in 'Vendor Identification'."
WS/MP18192/2025-2026/192696,LIFE_PROLONGED_STAGNATION,lifecycle_execution,Moderate,30,467 days,> 445 days since last expenditure,No expenditure transactions recorded for 467 days (P90 delay threshold) on an uncompleted project.
WS/MP18192/2025-2026/192696,LIFE_STATUS_DISCONNECT,lifecycle_execution,Moderate,25,"Status: Vendor Identification, Exp: 99.9%",Substantial financial execution prior to execution milestone,Complete or near-complete financial disbursement precedes formal physical execution milestones (Status: 'Vendor Identification').
WS/MP18192/2025-2026/192696,DQ_DISBURSEMENT_RECONCILIATION_GAP,data_quality,Moderate,25,"Disb: None, Exp: 419668.0",Transaction expenditure without master disbursement OR completed without disbursement OR > 5% mismatch,"Expenditure transactions record ₹419,668.00 disbursed, but master amount_disbursed is unpopulated."
WS/MP18188/2025-2026/204119,TX_EARLY_STAGE_HIGH_EXP,transaction_pattern,Moderate,30,98.7% spent during 'Vendor Identification',>= 75% expenditure in preliminary status,"98.7% of sanctioned budget is represented by expenditure transactions (₹197,355.00) while project status remains officially in 'Vendor Identification'."
WS/MP18188/2025-2026/204119,LIFE_STATUS_DISCONNECT,lifecycle_execution,Moderate,25,"Status: Vendor Identification, Exp: 98.7%",Substantial financial execution prior to execution milestone,Complete or near-complete financial disbursement precedes formal physical execution milestones (Status: 'Vendor Identification').
WS/MP18188/2025-2026/204119,DQ_DISBURSEMENT_RECONCILIATION_GAP,data_quality,Moderate,25,"Disb: None, Exp: 197355.0",Transaction expenditure without master disbursement OR completed without disbursement OR > 5% mismatch,"Expenditure transactions record ₹197,355.00 disbursed, but master amount_disbursed is unpopulated."
WS/MP761/2026-2027/191976,LIFE_SEVERE_DELAY_SANCTION,lifecycle_execution,Moderate,20,458 days,> 323 days,Sanction required 458 days from recommendation date (P95 threshold).
WS/MP18388/2025-2026/188590,TX_EARLY_STAGE_HIGH_EXP,transaction_pattern,Moderate,30,88.8% spent during 'Vendor Identification',>= 75% expenditure in preliminary status,"88.8% of sanctioned budget is represented by expenditure transactions (₹444,206.00) while project status remains officially in 'Vendor Identification'."
WS/MP18388/2025-2026/188590,LIFE_STATUS_DISCONNECT,lifecycle_execution,Moderate,25,"Status: Vendor Identification, Exp: 88.8%",Substantial financial execution prior to execution milestone,Complete or near-complete financial disbursement precedes formal physical execution milestones (Status: 'Vendor Identification').
WS/MP18388/2025-2026/188590,DQ_DISBURSEMENT_RECONCILIATION_GAP,data_quality,Moderate,25,"Disb: None, Exp: 444206.0",Transaction expenditure without master disbursement OR completed without disbursement OR > 5% mismatch,"Expenditure transactions record ₹444,206.00 disbursed, but master amount_disbursed is unpopulated."
WS/MP18189/2025-2026/163129,TX_EARLY_STAGE_HIGH_EXP,transaction_pattern,Moderate,30,100.0% spent during 'Vendor Identification',>= 75% expenditure in preliminary status,"100.0% of sanctioned budget is represented by expenditure transactions (₹800,000.00) while project status remains officially in 'Vendor Identification'."
WS/MP18189/2025-2026/163129,LIFE_PROLONGED_STAGNATION,lifecycle_execution,Moderate,30,476 days,> 445 days since last expenditure,No expenditure transactions recorded for 476 days (P90 delay threshold) on an uncompleted project.
WS/MP18189/2025-2026/163129,LIFE_STATUS_DISCONNECT,lifecycle_execution,Moderate,25,"Status: Vendor Identification, Exp: 100.0%",Substantial financial execution prior to execution milestone,Complete or near-complete financial disbursement precedes formal physical execution milestones (Status: 'Vendor Identification').
WS/MP18189/2025-2026/163129,DQ_DISBURSEMENT_RECONCILIATION_GAP,data_quality,Moderate,25,"Disb: None, Exp: 800000.0",Transaction expenditure without master disbursement OR completed without disbursement OR > 5% mismatch,"Expenditure transactions record ₹800,000.00 disbursed, but master amount_disbursed is unpopulated."
WS/MP18190/2026-2027/186752,LIFE_SEVERE_DELAY_SANCTION,lifecycle_execution,Moderate,20,525 days,> 323 days,Sanction required 525 days from recommendation date (P95 threshold).
WS/MP18190/2026-2027/186752,DQ_DISBURSEMENT_RECONCILIATION_GAP,data_quality,Moderate,25,"Disb: None, Exp: 290676.0",Transaction expenditure without master disbursement OR completed without disbursement OR > 5% mismatch,"Expenditure transactions record ₹290,676.00 disbursed, but master amount_disbursed is unpopulated."
WS/MP18190/2025-2026/162238,LIFE_SEVERE_DELAY_SANCTION,lifecycle_execution,Moderate,20,326 days,> 323 days,Sanction required 326 days from recommendation date (P95 threshold).
WS/MP18389/2026-2027/237044,TX_EARLY_STAGE_HIGH_EXP,transaction_pattern,Moderate,30,100.0% spent during 'Vendor Identification',>= 75% expenditure in preliminary status,"100.0% of sanctioned budget is represented by expenditure transactions (₹499,889.00) while project status remains officially in 'Vendor Identification'."
WS/MP18389/2026-2027/237044,LIFE_STATUS_DISCONNECT,lifecycle_execution,Moderate,25,"Status: Vendor Identification, Exp: 100.0%",Substantial financial execution prior to execution milestone,Complete or near-complete financial disbursement precedes formal physical execution milestones (Status: 'Vendor Identification').
WS/MP18389/2026-2027/237044,DQ_DISBURSEMENT_RECONCILIATION_GAP,data_quality,Moderate,25,"Disb: None, Exp: 499889.0",Transaction expenditure without master disbursement OR completed without disbursement OR > 5% mismatch,"Expenditure transactions record ₹499,889.00 disbursed, but master amount_disbursed is unpopulated."
WS/MP770/2025-2026/233834,DQ_DISBURSEMENT_RECONCILIATION_GAP,data_quality,Moderate,25,"Disb: None, Exp: 199991.0",Transaction expenditure without master disbursement OR completed without disbursement OR > 5% mismatch,"Expenditure transactions record ₹199,991.00 disbursed, but master amount_disbursed is unpopulated."
WS/MP18187/2025-2026/219982,DQ_DISBURSEMENT_RECONCILIATION_GAP,data_quality,Moderate,25,"Disb: None, Exp: 138171.0",Transaction expenditure without master disbursement OR completed without disbursement OR > 5% mismatch,"Expenditure transactions record ₹138,171.00 disbursed, but master amount_disbursed is unpopulated."
WS/MP18393/2024-2025/163263,DQ_DISBURSEMENT_RECONCILIATION_GAP,data_quality,Moderate,25,"Disb: None, Exp: 999351.0",Transaction expenditure without master disbursement OR completed without disbursement OR > 5% mismatch,"Expenditure transactions record ₹999,351.00 disbursed, but master amount_disbursed is unpopulated."
WS/MP18187/2025-2026/219990,DQ_DISBURSEMENT_RECONCILIATION_GAP,data_quality,Moderate,25,"Disb: None, Exp: 199444.0",Transaction expenditure without master disbursement OR completed without disbursement OR > 5% mismatch,"Expenditure transactions record ₹199,444.00 disbursed, but master amount_disbursed is unpopulated."
WS/MP18393/2026-2027/186539,LIFE_SEVERE_DELAY_SANCTION,lifecycle_execution,Moderate,20,449 days,> 323 days,Sanction required 449 days from recommendation date (P95 threshold).
WS/MP18393/2026-2027/186539,DQ_DISBURSEMENT_RECONCILIATION_GAP,data_quality,Moderate,25,"Disb: None, Exp: 1196788.0",Transaction expenditure without master disbursement OR completed without disbursement OR > 5% mismatch,"Expenditure transactions record ₹1,196,788.00 disbursed, but master amount_disbursed is unpopulated."
WS/MP18386/2026-2027/271224,DQ_DISBURSEMENT_RECONCILIATION_GAP,data_quality,Moderate,25,"Disb: None, Exp: 499857.0",Transaction expenditure without master disbursement OR completed without disbursement OR > 5% mismatch,"Expenditure transactions record ₹499,857.00 disbursed, but master amount_disbursed is unpopulated."
WS/MP18190/2025-2026/161775,LIFE_SEVERE_DELAY_SANCTION,lifecycle_execution,Moderate,20,382 days,> 323 days,Sanction required 382 days from recommendation date (P95 threshold).
WS/MP18389/2025-2026/156770,LIFE_SEVERE_DELAY_SANCTION,lifecycle_execution,Moderate,20,475 days,> 323 days,Sanction required 475 days from recommendation date (P95 threshold).
WS/MP18193/2024-2025/144398,DQ_DISBURSEMENT_RECONCILIATION_GAP,data_quality,Moderate,25,"Disb: None, Exp: 1308763.0",Transaction expenditure without master disbursement OR completed without disbursement OR > 5% mismatch,"Expenditure transactions record ₹1,308,763.00 disbursed, but master amount_disbursed is unpopulated."
WS/MP18187/2025-2026/189913,TX_EARLY_STAGE_HIGH_EXP,transaction_pattern,Moderate,30,100.0% spent during 'Vendor Identification',>= 75% expenditure in preliminary status,"100.0% of sanctioned budget is represented by expenditure transactions (₹199,988.00) while project status remains officially in 'Vendor Identification'."
WS/MP18187/2025-2026/189913,LIFE_STATUS_DISCONNECT,lifecycle_execution,Moderate,25,"Status: Vendor Identification, Exp: 100.0%",Substantial financial execution prior to execution milestone,Complete or near-complete financial disbursement precedes formal physical execution milestones (Status: 'Vendor Identification').
WS/MP18187/2025-2026/189913,DQ_DISBURSEMENT_RECONCILIATION_GAP,data_quality,Moderate,25,"Disb: None, Exp: 199988.0",Transaction expenditure without master disbursement OR completed without disbursement OR > 5% mismatch,"Expenditure transactions record ₹199,988.00 disbursed, but master amount_disbursed is unpopulated."
WS/MP18192/2025-2026/216155,DQ_DISBURSEMENT_RECONCILIATION_GAP,data_quality,Moderate,25,"Disb: None, Exp: 340538.0",Transaction expenditure without master disbursement OR completed without disbursement OR > 5% mismatch,"Expenditure transactions record ₹340,538.00 disbursed, but master amount_disbursed is unpopulated."
WS/MP18386/2026-2027/271220,DQ_DISBURSEMENT_RECONCILIATION_GAP,data_quality,Moderate,25,"Disb: None, Exp: 500000.0",Transaction expenditure without master disbursement OR completed without disbursement OR > 5% mismatch,"Expenditure transactions record ₹500,000.00 disbursed, but master amount_disbursed is unpopulated."
WS/MP18338/2026-2027/267793,TX_EARLY_STAGE_HIGH_EXP,transaction_pattern,Moderate,30,100.0% spent during 'Vendor Identification',>= 75% expenditure in preliminary status,"100.0% of sanctioned budget is represented by expenditure transactions (₹179,971.00) while project status remains officially in 'Vendor Identification'."
WS/MP18338/2026-2027/267793,LIFE_STATUS_DISCONNECT,lifecycle_execution,Moderate,25,"Status: Vendor Identification, Exp: 100.0%",Substantial financial execution prior to execution milestone,Complete or near-complete financial disbursement precedes formal physical execution milestones (Status: 'Vendor Identification').
WS/MP18338/2026-2027/267793,DQ_DISBURSEMENT_RECONCILIATION_GAP,data_quality,Moderate,25,"Disb: None, Exp: 179971.0",Transaction expenditure without master disbursement OR completed without disbursement OR > 5% mismatch,"Expenditure transactions record ₹179,971.00 disbursed, but master amount_disbursed is unpopulated."
WS/MP18193/2026-2027/194216,TX_EARLY_STAGE_HIGH_EXP,transaction_pattern,Moderate,30,77.2% spent during 'Vendor Identification',>= 75% expenditure in preliminary status,"77.2% of sanctioned budget is represented by expenditure transactions (₹1,274,494.00) while project status remains officially in 'Vendor Identification'."
WS/MP18193/2026-2027/194216,LIFE_SEVERE_DELAY_SANCTION,lifecycle_execution,Moderate,20,363 days,> 323 days,Sanction required 363 days from recommendation date (P95 threshold).
WS/MP18193/2026-2027/194216,LIFE_STATUS_DISCONNECT,lifecycle_execution,Moderate,25,"Status: Vendor Identification, Exp: 77.2%",Substantial financial execution prior to execution milestone,Complete or near-complete financial disbursement precedes formal physical execution milestones (Status: 'Vendor Identification').
WS/MP18193/2026-2027/194216,DQ_DISBURSEMENT_RECONCILIATION_GAP,data_quality,Moderate,25,"Disb: None, Exp: 1274494.0",Transaction expenditure without master disbursement OR completed without disbursement OR > 5% mismatch,"Expenditure transactions record ₹1,274,494.00 disbursed, but master amount_disbursed is unpopulated."
WS/MP18194/2026-2027/223803,DQ_DISBURSEMENT_RECONCILIATION_GAP,data_quality,Moderate,25,"Disb: None, Exp: 249126.0",Transaction expenditure without master disbursement OR completed without disbursement OR > 5% mismatch,"Expenditure transactions record ₹249,126.00 disbursed, but master amount_disbursed is unpopulated."
WS/MP18193/2025-2026/158008,TX_EARLY_STAGE_HIGH_EXP,transaction_pattern,Moderate,30,84.0% spent during 'Vendor Identification',>= 75% expenditure in preliminary status,"84.0% of sanctioned budget is represented by expenditure transactions (₹840,230.00) while project status remains officially in 'Vendor Identification'."
WS/MP18193/2025-2026/158008,LIFE_STATUS_DISCONNECT,lifecycle_execution,Moderate,25,"Status: Vendor Identification, Exp: 84.0%",Substantial financial execution prior to execution milestone,Complete or near-complete financial disbursement precedes formal physical execution milestones (Status: 'Vendor Identification').
WS/MP18193/2025-2026/158008,DQ_DISBURSEMENT_RECONCILIATION_GAP,data_quality,Moderate,25,"Disb: None, Exp: 840230.0",Transaction expenditure without master disbursement OR completed without disbursement OR > 5% mismatch,"Expenditure transactions record ₹840,230.00 disbursed, but master amount_disbursed is unpopulated."
WS/MP761/2026-2027/224012,DQ_DISBURSEMENT_RECONCILIATION_GAP,data_quality,Moderate,25,"Disb: None, Exp: 400000.0",Transaction expenditure without master disbursement OR completed without disbursement OR > 5% mismatch,"Expenditure transactions record ₹400,000.00 disbursed, but master amount_disbursed is unpopulated."
WS/MP18393/2024-2025/160968,LIFE_SEVERE_DELAY_COMP,lifecycle_execution,Moderate,25,487 days,> 477 days,Completion required 487 days from recommendation date (P95 threshold).
WS/MP18338/2025-2026/234785,DQ_DISBURSEMENT_RECONCILIATION_GAP,data_quality,Moderate,25,"Disb: None, Exp: 300000.0",Transaction expenditure without master disbursement OR completed without disbursement OR > 5% mismatch,"Expenditure transactions record ₹300,000.00 disbursed, but master amount_disbursed is unpopulated."
WS/MP18187/2025-2026/189977,TX_EARLY_STAGE_HIGH_EXP,transaction_pattern,Moderate,30,100.0% spent during 'Vendor Identification',>= 75% expenditure in preliminary status,"100.0% of sanctioned budget is represented by expenditure transactions (₹500,000.00) while project status remains officially in 'Vendor Identification'."
WS/MP18187/2025-2026/189977,LIFE_STATUS_DISCONNECT,lifecycle_execution,Moderate,25,"Status: Vendor Identification, Exp: 100.0%",Substantial financial execution prior to execution milestone,Complete or near-complete financial disbursement precedes formal physical execution milestones (Status: 'Vendor Identification').
WS/MP18187/2025-2026/189977,DQ_DISBURSEMENT_RECONCILIATION_GAP,data_quality,Moderate,25,"Disb: None, Exp: 500000.0",Transaction expenditure without master disbursement OR completed without disbursement OR > 5% mismatch,"Expenditure transactions record ₹500,000.00 disbursed, but master amount_disbursed is unpopulated."
WS/MP18191/2024-2025/168744,DQ_DISBURSEMENT_RECONCILIATION_GAP,data_quality,Moderate,25,"Disb: None, Exp: 699787.0",Transaction expenditure without master disbursement OR completed without disbursement OR > 5% mismatch,"Expenditure transactions record ₹699,787.00 disbursed, but master amount_disbursed is unpopulated."
WS/MP18194/2026-2027/223432,LIFE_SEVERE_DELAY_SANCTION,lifecycle_execution,Moderate,20,397 days,> 323 days,Sanction required 397 days from recommendation date (P95 threshold).
WS/MP18388/2025-2026/195509,DQ_DISBURSEMENT_RECONCILIATION_GAP,data_quality,Moderate,25,"Disb: None, Exp: 498895.0",Transaction expenditure without master disbursement OR completed without disbursement OR > 5% mismatch,"Expenditure transactions record ₹498,895.00 disbursed, but master amount_disbursed is unpopulated."
WS/MP18194/2025-2026/228385,TX_EARLY_STAGE_HIGH_EXP,transaction_pattern,Moderate,30,100.0% spent during 'Vendor Identification',>= 75% expenditure in preliminary status,"100.0% of sanctioned budget is represented by expenditure transactions (₹137,000.00) while project status remains officially in 'Vendor Identification'."
WS/MP18194/2025-2026/228385,LIFE_STATUS_DISCONNECT,lifecycle_execution,Moderate,25,"Status: Vendor Identification, Exp: 100.0%",Substantial financial execution prior to execution milestone,Complete or near-complete financial disbursement precedes formal physical execution milestones (Status: 'Vendor Identification').
WS/MP18194/2025-2026/228385,DQ_DISBURSEMENT_RECONCILIATION_GAP,data_quality,Moderate,25,"Disb: None, Exp: 137000.0",Transaction expenditure without master disbursement OR completed without disbursement OR > 5% mismatch,"Expenditure transactions record ₹137,000.00 disbursed, but master amount_disbursed is unpopulated."
WS/MP18338/2024-2025/149885,LIFE_PROLONGED_STAGNATION,lifecycle_execution,Moderate,30,554 days,> 445 days since last expenditure,No expenditure transactions recorded for 554 days (P90 delay threshold) on an uncompleted project.
WS/MP18389/2025-2026/231101,DQ_DISBURSEMENT_RECONCILIATION_GAP,data_quality,Moderate,25,"Disb: None, Exp: 293687.0",Transaction expenditure without master disbursement OR completed without disbursement OR > 5% mismatch,"Expenditure transactions record ₹293,687.00 disbursed, but master amount_disbursed is unpopulated."
WS/MP18193/2025-2026/150656,FIN_CERTIFIED_ZERO_DISB,financial_integrity,Moderate,35,"Exp: ₹0, Disb: ₹0",Status == Completed AND total_expenditure == 0 AND amount_disbursed == 0,"Project is certified as 'Work Completed', but ₹0 expenditure transactions and ₹0 master disbursement are recorded."
WS/MP18193/2025-2026/150656,LIFE_SEVERE_DELAY_COMP,lifecycle_execution,Moderate,25,512 days,> 477 days,Completion required 512 days from recommendation date (P95 threshold).
WS/MP18193/2025-2026/150656,DQ_DISBURSEMENT_RECONCILIATION_GAP,data_quality,Moderate,25,"Disb: None, Exp: 0.0",Transaction expenditure without master disbursement OR completed without disbursement OR > 5% mismatch,"Work is certified completed, but master amount_disbursed is null/unpopulated."
WS/MP761/2026-2027/221184,LIFE_SEVERE_DELAY_SANCTION,lifecycle_execution,Moderate,20,362 days,> 323 days,Sanction required 362 days from recommendation date (P95 threshold).
WS/MP761/2026-2027/221184,DQ_DISBURSEMENT_RECONCILIATION_GAP,data_quality,Moderate,25,"Disb: None, Exp: 268220.0",Transaction expenditure without master disbursement OR completed without disbursement OR > 5% mismatch,"Expenditure transactions record ₹268,220.00 disbursed, but master amount_disbursed is unpopulated."
WS/MP18393/2025-2026/163816,LIFE_SEVERE_DELAY_SANCTION,lifecycle_execution,Moderate,20,379 days,> 323 days,Sanction required 379 days from recommendation date (P95 threshold).
WS/MP765/2025-2026/232924,DQ_DISBURSEMENT_RECONCILIATION_GAP,data_quality,Moderate,25,"Disb: None, Exp: 1027343.0",Transaction expenditure without master disbursement OR completed without disbursement OR > 5% mismatch,"Expenditure transactions record ₹1,027,343.00 disbursed, but master amount_disbursed is unpopulated."
WS/MP18189/2025-2026/230689,DQ_DISBURSEMENT_RECONCILIATION_GAP,data_quality,Moderate,25,"Disb: None, Exp: 497684.0",Transaction expenditure without master disbursement OR completed without disbursement OR > 5% mismatch,"Expenditure transactions record ₹497,684.00 disbursed, but master amount_disbursed is unpopulated."
WS/MP18188/2025-2026/184509,DQ_DISBURSEMENT_RECONCILIATION_GAP,data_quality,Moderate,25,"Disb: None, Exp: 113825.0",Transaction expenditure without master disbursement OR completed without disbursement OR > 5% mismatch,"Expenditure transactions record ₹113,825.00 disbursed, but master amount_disbursed is unpopulated."
WS/MP18389/2025-2026/208790,DQ_DISBURSEMENT_RECONCILIATION_GAP,data_quality,Moderate,25,"Disb: None, Exp: 198649.0",Transaction expenditure without master disbursement OR completed without disbursement OR > 5% mismatch,"Expenditure transactions record ₹198,649.00 disbursed, but master amount_disbursed is unpopulated."
WS/MP18189/2025-2026/182905,FIN_CERTIFIED_ZERO_DISB,financial_integrity,Moderate,35,"Exp: ₹0, Disb: ₹0",Status == Completed AND total_expenditure == 0 AND amount_disbursed == 0,"Project is certified as 'Work Completed', but ₹0 expenditure transactions and ₹0 master disbursement are recorded."
WS/MP18189/2025-2026/182905,DQ_DISBURSEMENT_RECONCILIATION_GAP,data_quality,Moderate,25,"Disb: None, Exp: 0.0",Transaction expenditure without master disbursement OR completed without disbursement OR > 5% mismatch,"Work is certified completed, but master amount_disbursed is null/unpopulated."
WS/MP18190/2026-2027/212749,LIFE_SEVERE_DELAY_SANCTION,lifecycle_execution,Moderate,20,327 days,> 323 days,Sanction required 327 days from recommendation date (P95 threshold).
WS/MP18190/2026-2027/212749,DQ_DISBURSEMENT_RECONCILIATION_GAP,data_quality,Moderate,25,"Disb: None, Exp: 174367.0",Transaction expenditure without master disbursement OR completed without disbursement OR > 5% mismatch,"Expenditure transactions record ₹174,367.00 disbursed, but master amount_disbursed is unpopulated."
WS/MP18338/2025-2026/157821,LIFE_PROLONGED_STAGNATION,lifecycle_execution,Moderate,30,449 days,> 445 days since last expenditure,No expenditure transactions recorded for 449 days (P90 delay threshold) on an uncompleted project.
WS/MP761/2026-2027/171646,LIFE_SEVERE_DELAY_SANCTION,lifecycle_execution,Moderate,20,444 days,> 323 days,Sanction required 444 days from recommendation date (P95 threshold).
WS/MP18189/2026-2027/242610,DQ_DISBURSEMENT_RECONCILIATION_GAP,data_quality,Moderate,25,"Disb: None, Exp: 499498.0",Transaction expenditure without master disbursement OR completed without disbursement OR > 5% mismatch,"Expenditure transactions record ₹499,498.00 disbursed, but master amount_disbursed is unpopulated."
WS/MP18194/2026-2027/236865,DQ_DISBURSEMENT_RECONCILIATION_GAP,data_quality,Moderate,25,"Disb: None, Exp: 100000.0",Transaction expenditure without master disbursement OR completed without disbursement OR > 5% mismatch,"Expenditure transactions record ₹100,000.00 disbursed, but master amount_disbursed is unpopulated."
WS/MP18193/2025-2026/208452,DQ_DISBURSEMENT_RECONCILIATION_GAP,data_quality,Moderate,25,"Disb: None, Exp: 615851.0",Transaction expenditure without master disbursement OR completed without disbursement OR > 5% mismatch,"Expenditure transactions record ₹615,851.00 disbursed, but master amount_disbursed is unpopulated."
WS/MP18338/2026-2027/267794,TX_EARLY_STAGE_HIGH_EXP,transaction_pattern,Moderate,30,100.0% spent during 'Vendor Identification',>= 75% expenditure in preliminary status,"100.0% of sanctioned budget is represented by expenditure transactions (₹179,971.00) while project status remains officially in 'Vendor Identification'."
WS/MP18338/2026-2027/267794,LIFE_STATUS_DISCONNECT,lifecycle_execution,Moderate,25,"Status: Vendor Identification, Exp: 100.0%",Substantial financial execution prior to execution milestone,Complete or near-complete financial disbursement precedes formal physical execution milestones (Status: 'Vendor Identification').
WS/MP18338/2026-2027/267794,DQ_DISBURSEMENT_RECONCILIATION_GAP,data_quality,Moderate,25,"Disb: None, Exp: 179971.0",Transaction expenditure without master disbursement OR completed without disbursement OR > 5% mismatch,"Expenditure transactions record ₹179,971.00 disbursed, but master amount_disbursed is unpopulated."
WS/MP18193/2026-2027/188610,TX_EARLY_STAGE_HIGH_EXP,transaction_pattern,Moderate,30,98.7% spent during 'Vendor Identification',>= 75% expenditure in preliminary status,"98.7% of sanctioned budget is represented by expenditure transactions (₹296,196.00) while project status remains officially in 'Vendor Identification'."
WS/MP18193/2026-2027/188610,LIFE_SEVERE_DELAY_SANCTION,lifecycle_execution,Moderate,20,380 days,> 323 days,Sanction required 380 days from recommendation date (P95 threshold).
WS/MP18193/2026-2027/188610,LIFE_STATUS_DISCONNECT,lifecycle_execution,Moderate,25,"Status: Vendor Identification, Exp: 98.7%",Substantial financial execution prior to execution milestone,Complete or near-complete financial disbursement precedes formal physical execution milestones (Status: 'Vendor Identification').
WS/MP18193/2026-2027/188610,DQ_DISBURSEMENT_RECONCILIATION_GAP,data_quality,Moderate,25,"Disb: None, Exp: 296196.0",Transaction expenditure without master disbursement OR completed without disbursement OR > 5% mismatch,"Expenditure transactions record ₹296,196.00 disbursed, but master amount_disbursed is unpopulated."
WS/MP18194/2025-2026/224180,TX_EARLY_STAGE_HIGH_EXP,transaction_pattern,Moderate,30,98.0% spent during 'Vendor Identification',>= 75% expenditure in preliminary status,"98.0% of sanctioned budget is represented by expenditure transactions (₹195,906.00) while project status remains officially in 'Vendor Identification'."
WS/MP18194/2025-2026/224180,LIFE_STATUS_DISCONNECT,lifecycle_execution,Moderate,25,"Status: Vendor Identification, Exp: 98.0%",Substantial financial execution prior to execution milestone,Complete or near-complete financial disbursement precedes formal physical execution milestones (Status: 'Vendor Identification').
WS/MP18194/2025-2026/224180,DQ_DISBURSEMENT_RECONCILIATION_GAP,data_quality,Moderate,25,"Disb: None, Exp: 195906.0",Transaction expenditure without master disbursement OR completed without disbursement OR > 5% mismatch,"Expenditure transactions record ₹195,906.00 disbursed, but master amount_disbursed is unpopulated."
WS/MP18386/2026-2027/271221,DQ_DISBURSEMENT_RECONCILIATION_GAP,data_quality,Moderate,25,"Disb: None, Exp: 499670.0",Transaction expenditure without master disbursement OR completed without disbursement OR > 5% mismatch,"Expenditure transactions record ₹499,670.00 disbursed, but master amount_disbursed is unpopulated."
WS/MP18187/2025-2026/219989,DQ_DISBURSEMENT_RECONCILIATION_GAP,data_quality,Moderate,25,"Disb: None, Exp: 499638.0",Transaction expenditure without master disbursement OR completed without disbursement OR > 5% mismatch,"Expenditure transactions record ₹499,638.00 disbursed, but master amount_disbursed is unpopulated."
WS/MP770/2026-2027/240654,DQ_DISBURSEMENT_RECONCILIATION_GAP,data_quality,Moderate,25,"Disb: None, Exp: 199883.0",Transaction expenditure without master disbursement OR completed without disbursement OR > 5% mismatch,"Expenditure transactions record ₹199,883.00 disbursed, but master amount_disbursed is unpopulated."
WS/MP18190/2025-2026/192021,TX_EARLY_STAGE_HIGH_EXP,transaction_pattern,Moderate,30,100.0% spent during 'Vendor Identification',>= 75% expenditure in preliminary status,"100.0% of sanctioned budget is represented by expenditure transactions (₹307,259.00) while project status remains officially in 'Vendor Identification'."
WS/MP18190/2025-2026/192021,LIFE_STATUS_DISCONNECT,lifecycle_execution,Moderate,25,"Status: Vendor Identification, Exp: 100.0%",Substantial financial execution prior to execution milestone,Complete or near-complete financial disbursement precedes formal physical execution milestones (Status: 'Vendor Identification').
WS/MP18190/2025-2026/192021,DQ_DISBURSEMENT_RECONCILIATION_GAP,data_quality,Moderate,25,"Disb: None, Exp: 307259.0",Transaction expenditure without master disbursement OR completed without disbursement OR > 5% mismatch,"Expenditure transactions record ₹307,259.00 disbursed, but master amount_disbursed is unpopulated."
WS/MP18388/2025-2026/188561,TX_EARLY_STAGE_HIGH_EXP,transaction_pattern,Moderate,30,100.0% spent during 'Vendor Identification',>= 75% expenditure in preliminary status,"100.0% of sanctioned budget is represented by expenditure transactions (₹149,999.00) while project status remains officially in 'Vendor Identification'."
WS/MP18388/2025-2026/188561,LIFE_STATUS_DISCONNECT,lifecycle_execution,Moderate,25,"Status: Vendor Identification, Exp: 100.0%",Substantial financial execution prior to execution milestone,Complete or near-complete financial disbursement precedes formal physical execution milestones (Status: 'Vendor Identification').
WS/MP18388/2025-2026/188561,DQ_DISBURSEMENT_RECONCILIATION_GAP,data_quality,Moderate,25,"Disb: None, Exp: 149999.0",Transaction expenditure without master disbursement OR completed without disbursement OR > 5% mismatch,"Expenditure transactions record ₹149,999.00 disbursed, but master amount_disbursed is unpopulated."
WS/MP18393/2025-2026/182181,LIFE_SEVERE_DELAY_SANCTION,lifecycle_execution,Moderate,20,349 days,> 323 days,Sanction required 349 days from recommendation date (P95 threshold).
WS/MP761/2026-2027/221186,LIFE_SEVERE_DELAY_SANCTION,lifecycle_execution,Moderate,20,358 days,> 323 days,Sanction required 358 days from recommendation date (P95 threshold).
WS/MP761/2026-2027/221186,DQ_DISBURSEMENT_RECONCILIATION_GAP,data_quality,Moderate,25,"Disb: None, Exp: 268220.0",Transaction expenditure without master disbursement OR completed without disbursement OR > 5% mismatch,"Expenditure transactions record ₹268,220.00 disbursed, but master amount_disbursed is unpopulated."
WS/MP18388/2026-2027/182834,LIFE_SEVERE_DELAY_SANCTION,lifecycle_execution,Moderate,20,532 days,> 323 days,Sanction required 532 days from recommendation date (P95 threshold).
WS/MP18190/2025-2026/162248,LIFE_SEVERE_DELAY_SANCTION,lifecycle_execution,Moderate,20,327 days,> 323 days,Sanction required 327 days from recommendation date (P95 threshold).
WS/MP18191/2025-2026/262214,DQ_DISBURSEMENT_RECONCILIATION_GAP,data_quality,Moderate,25,"Disb: None, Exp: 249241.0",Transaction expenditure without master disbursement OR completed without disbursement OR > 5% mismatch,"Expenditure transactions record ₹249,241.00 disbursed, but master amount_disbursed is unpopulated."
WS/MP18393/2025-2026/140466,LIFE_SEVERE_DELAY_SANCTION,lifecycle_execution,Moderate,20,371 days,> 323 days,Sanction required 371 days from recommendation date (P95 threshold).
WS/MP18187/2026-2027/219976,LIFE_SEVERE_DELAY_SANCTION,lifecycle_execution,Moderate,20,339 days,> 323 days,Sanction required 339 days from recommendation date (P95 threshold).
WS/MP18187/2026-2027/219976,DQ_DISBURSEMENT_RECONCILIATION_GAP,data_quality,Moderate,25,"Disb: None, Exp: 456600.0",Transaction expenditure without master disbursement OR completed without disbursement OR > 5% mismatch,"Expenditure transactions record ₹456,600.00 disbursed, but master amount_disbursed is unpopulated."
WS/MP770/2025-2026/181671,DQ_DISBURSEMENT_RECONCILIATION_GAP,data_quality,Moderate,25,"Disb: None, Exp: 199409.0",Transaction expenditure without master disbursement OR completed without disbursement OR > 5% mismatch,"Expenditure transactions record ₹199,409.00 disbursed, but master amount_disbursed is unpopulated."
WS/MP18192/2025-2026/196895,DQ_DISBURSEMENT_RECONCILIATION_GAP,data_quality,Moderate,25,"Disb: None, Exp: 9968364.0",Transaction expenditure without master disbursement OR completed without disbursement OR > 5% mismatch,"Expenditure transactions record ₹9,968,364.00 disbursed, but master amount_disbursed is unpopulated."
WS/MP18338/2026-2027/267792,DQ_DISBURSEMENT_RECONCILIATION_GAP,data_quality,Moderate,25,"Disb: None, Exp: 179971.0",Transaction expenditure without master disbursement OR completed without disbursement OR > 5% mismatch,"Expenditure transactions record ₹179,971.00 disbursed, but master amount_disbursed is unpopulated."
WS/MP18189/2025-2026/184336,TX_EARLY_STAGE_HIGH_EXP,transaction_pattern,Moderate,30,97.6% spent during 'Vendor Identification',>= 75% expenditure in preliminary status,"97.6% of sanctioned budget is represented by expenditure transactions (₹292,815.00) while project status remains officially in 'Vendor Identification'."
WS/MP18189/2025-2026/184336,LIFE_STATUS_DISCONNECT,lifecycle_execution,Moderate,25,"Status: Vendor Identification, Exp: 97.6%",Substantial financial execution prior to execution milestone,Complete or near-complete financial disbursement precedes formal physical execution milestones (Status: 'Vendor Identification').
WS/MP18189/2025-2026/184336,DQ_DISBURSEMENT_RECONCILIATION_GAP,data_quality,Moderate,25,"Disb: None, Exp: 292815.0",Transaction expenditure without master disbursement OR completed without disbursement OR > 5% mismatch,"Expenditure transactions record ₹292,815.00 disbursed, but master amount_disbursed is unpopulated."
WS/MP18192/2025-2026/232872,DQ_DISBURSEMENT_RECONCILIATION_GAP,data_quality,Moderate,25,"Disb: None, Exp: 476907.0",Transaction expenditure without master disbursement OR completed without disbursement OR > 5% mismatch,"Expenditure transactions record ₹476,907.00 disbursed, but master amount_disbursed is unpopulated."
WS/MP770/2026-2027/232544,TX_EARLY_STAGE_HIGH_EXP,transaction_pattern,Moderate,30,93.4% spent during 'Vendor Identification',>= 75% expenditure in preliminary status,"93.4% of sanctioned budget is represented by expenditure transactions (₹466,966.00) while project status remains officially in 'Vendor Identification'."
WS/MP770/2026-2027/232544,LIFE_STATUS_DISCONNECT,lifecycle_execution,Moderate,25,"Status: Vendor Identification, Exp: 93.4%",Substantial financial execution prior to execution milestone,Complete or near-complete financial disbursement precedes formal physical execution milestones (Status: 'Vendor Identification').
WS/MP770/2026-2027/232544,DQ_DISBURSEMENT_RECONCILIATION_GAP,data_quality,Moderate,25,"Disb: None, Exp: 466966.0",Transaction expenditure without master disbursement OR completed without disbursement OR > 5% mismatch,"Expenditure transactions record ₹466,966.00 disbursed, but master amount_disbursed is unpopulated."
WS/MP18193/2025-2026/250171,DQ_DISBURSEMENT_RECONCILIATION_GAP,data_quality,Moderate,25,"Disb: None, Exp: 307074.0",Transaction expenditure without master disbursement OR completed without disbursement OR > 5% mismatch,"Expenditure transactions record ₹307,074.00 disbursed, but master amount_disbursed is unpopulated."
WS/MP770/2026-2027/195091,LIFE_SEVERE_DELAY_SANCTION,lifecycle_execution,Moderate,20,492 days,> 323 days,Sanction required 492 days from recommendation date (P95 threshold).
WS/MP761/2026-2027/224234,DQ_DISBURSEMENT_RECONCILIATION_GAP,data_quality,Moderate,25,"Disb: None, Exp: 143565.0",Transaction expenditure without master disbursement OR completed without disbursement OR > 5% mismatch,"Expenditure transactions record ₹143,565.00 disbursed, but master amount_disbursed is unpopulated."
WS/MP18187/2025-2026/189882,TX_EARLY_STAGE_HIGH_EXP,transaction_pattern,Moderate,30,99.6% spent during 'Vendor Identification',>= 75% expenditure in preliminary status,"99.6% of sanctioned budget is represented by expenditure transactions (₹149,329.00) while project status remains officially in 'Vendor Identification'."
WS/MP18187/2025-2026/189882,LIFE_STATUS_DISCONNECT,lifecycle_execution,Moderate,25,"Status: Vendor Identification, Exp: 99.6%",Substantial financial execution prior to execution milestone,Complete or near-complete financial disbursement precedes formal physical execution milestones (Status: 'Vendor Identification').
WS/MP18187/2025-2026/189882,DQ_DISBURSEMENT_RECONCILIATION_GAP,data_quality,Moderate,25,"Disb: None, Exp: 149329.0",Transaction expenditure without master disbursement OR completed without disbursement OR > 5% mismatch,"Expenditure transactions record ₹149,329.00 disbursed, but master amount_disbursed is unpopulated."
WS/MP18338/2025-2026/258042,DQ_DISBURSEMENT_RECONCILIATION_GAP,data_quality,Moderate,25,"Disb: None, Exp: 200000.0",Transaction expenditure without master disbursement OR completed without disbursement OR > 5% mismatch,"Expenditure transactions record ₹200,000.00 disbursed, but master amount_disbursed is unpopulated."
WS/MP765/2025-2026/232980,TX_EARLY_STAGE_HIGH_EXP,transaction_pattern,Moderate,30,100.0% spent during 'Vendor Identification',>= 75% expenditure in preliminary status,"100.0% of sanctioned budget is represented by expenditure transactions (₹200,000.00) while project status remains officially in 'Vendor Identification'."
WS/MP765/2025-2026/232980,LIFE_STATUS_DISCONNECT,lifecycle_execution,Moderate,25,"Status: Vendor Identification, Exp: 100.0%",Substantial financial execution prior to execution milestone,Complete or near-complete financial disbursement precedes formal physical execution milestones (Status: 'Vendor Identification').
WS/MP765/2025-2026/232980,DQ_DISBURSEMENT_RECONCILIATION_GAP,data_quality,Moderate,25,"Disb: None, Exp: 200000.0",Transaction expenditure without master disbursement OR completed without disbursement OR > 5% mismatch,"Expenditure transactions record ₹200,000.00 disbursed, but master amount_disbursed is unpopulated."
WS/MP18187/2026-2027/189772,LIFE_SEVERE_DELAY_SANCTION,lifecycle_execution,Moderate,20,375 days,> 323 days,Sanction required 375 days from recommendation date (P95 threshold).
WS/MP18188/2025-2026/258866,DQ_DISBURSEMENT_RECONCILIATION_GAP,data_quality,Moderate,25,"Disb: None, Exp: 497884.0",Transaction expenditure without master disbursement OR completed without disbursement OR > 5% mismatch,"Expenditure transactions record ₹497,884.00 disbursed, but master amount_disbursed is unpopulated."
WS/MP762/2026-2027/280169,TX_EARLY_STAGE_HIGH_EXP,transaction_pattern,Moderate,30,100.0% spent during 'Vendor Identification',>= 75% expenditure in preliminary status,"100.0% of sanctioned budget is represented by expenditure transactions (₹103,387.00) while project status remains officially in 'Vendor Identification'."
WS/MP762/2026-2027/280169,LIFE_STATUS_DISCONNECT,lifecycle_execution,Moderate,25,"Status: Vendor Identification, Exp: 100.0%",Substantial financial execution prior to execution milestone,Complete or near-complete financial disbursement precedes formal physical execution milestones (Status: 'Vendor Identification').
WS/MP762/2026-2027/280169,DQ_DISBURSEMENT_RECONCILIATION_GAP,data_quality,Moderate,25,"Disb: None, Exp: 103387.0",Transaction expenditure without master disbursement OR completed without disbursement OR > 5% mismatch,"Expenditure transactions record ₹103,387.00 disbursed, but master amount_disbursed is unpopulated."
WS/MP18188/2025-2026/159484,DQ_DISBURSEMENT_RECONCILIATION_GAP,data_quality,Moderate,25,"Disb: None, Exp: 125000.0",Transaction expenditure without master disbursement OR completed without disbursement OR > 5% mismatch,"Expenditure transactions record ₹125,000.00 disbursed, but master amount_disbursed is unpopulated."
WS/MP477/2025-2026/206271,DQ_DISBURSEMENT_RECONCILIATION_GAP,data_quality,Moderate,25,"Disb: None, Exp: 464802.0",Transaction expenditure without master disbursement OR completed without disbursement OR > 5% mismatch,"Expenditure transactions record ₹464,802.00 disbursed, but master amount_disbursed is unpopulated."
WS/MP18415/2026-2027/269591,TX_EARLY_STAGE_HIGH_EXP,transaction_pattern,Moderate,30,100.0% spent during 'Vendor Identification',>= 75% expenditure in preliminary status,"100.0% of sanctioned budget is represented by expenditure transactions (₹881,417.00) while project status remains officially in 'Vendor Identification'."
WS/MP18415/2026-2027/269591,LIFE_STATUS_DISCONNECT,lifecycle_execution,Moderate,25,"Status: Vendor Identification, Exp: 100.0%",Substantial financial execution prior to execution milestone,Complete or near-complete financial disbursement precedes formal physical execution milestones (Status: 'Vendor Identification').
WS/MP18415/2026-2027/269591,DQ_DISBURSEMENT_RECONCILIATION_GAP,data_quality,Moderate,25,"Disb: None, Exp: 881417.0",Transaction expenditure without master disbursement OR completed without disbursement OR > 5% mismatch,"Expenditure transactions record ₹881,417.00 disbursed, but master amount_disbursed is unpopulated."
WS/MP478/2025-2026/154203,TX_VENDOR_SPRAWL_HIGH,transaction_pattern,Moderate,20,4,>= 3 vendors,Expenditure is disbursed across 4 distinct contracting entities (P90 percentile).
WS/MP478/2025-2026/154203,LIFE_SEVERE_DELAY_SANCTION,lifecycle_execution,Moderate,20,387 days,> 323 days,Sanction required 387 days from recommendation date (P95 threshold).
WS/MP478/2025-2026/154203,DQ_DISBURSEMENT_RECONCILIATION_GAP,data_quality,Moderate,25,"Disb: None, Exp: 99433.0",Transaction expenditure without master disbursement OR completed without disbursement OR > 5% mismatch,"Expenditure transactions record ₹99,433.00 disbursed, but master amount_disbursed is unpopulated."
WS/MP18415/2025-2026/214989,TX_EARLY_STAGE_HIGH_EXP,transaction_pattern,Moderate,30,90.0% spent during 'Vendor Identification',>= 75% expenditure in preliminary status,"90.0% of sanctioned budget is represented by expenditure transactions (₹471,553.00) while project status remains officially in 'Vendor Identification'."
WS/MP18415/2025-2026/214989,LIFE_STATUS_DISCONNECT,lifecycle_execution,Moderate,25,"Status: Vendor Identification, Exp: 90.0%",Substantial financial execution prior to execution milestone,Complete or near-complete financial disbursement precedes formal physical execution milestones (Status: 'Vendor Identification').
WS/MP18415/2025-2026/214989,DQ_DISBURSEMENT_RECONCILIATION_GAP,data_quality,Moderate,25,"Disb: None, Exp: 471553.0",Transaction expenditure without master disbursement OR completed without disbursement OR > 5% mismatch,"Expenditure transactions record ₹471,553.00 disbursed, but master amount_disbursed is unpopulated."
WS/MP18414/2026-2027/266806,DQ_DISBURSEMENT_RECONCILIATION_GAP,data_quality,Moderate,25,"Disb: None, Exp: 250000.0",Transaction expenditure without master disbursement OR completed without disbursement OR > 5% mismatch,"Expenditure transactions record ₹250,000.00 disbursed, but master amount_disbursed is unpopulated."
WS/MP18415/2025-2026/205428,DQ_DISBURSEMENT_RECONCILIATION_GAP,data_quality,Moderate,25,"Disb: None, Exp: 1103860.0",Transaction expenditure without master disbursement OR completed without disbursement OR > 5% mismatch,"Expenditure transactions record ₹1,103,860.00 disbursed, but master amount_disbursed is unpopulated."
WS/MP477/2026-2027/269915,TX_SLICING_HIGH,transaction_pattern,Moderate,20,13,>= 6 transactions,Expenditure is fragmented across 13 separate payment transactions (P95 percentile).
WS/MP477/2026-2027/269915,TX_VENDOR_SPRAWL_EXTREME,transaction_pattern,High,35,12,>= 8 vendors,Expenditure is disbursed across 12 distinct contracting entities for this work (top 1% percentile).
WS/MP477/2026-2027/269915,TX_EARLY_STAGE_HIGH_EXP,transaction_pattern,Moderate,30,99.7% spent during 'Vendor Identification',>= 75% expenditure in preliminary status,"99.7% of sanctioned budget is represented by expenditure transactions (₹99,654.00) while project status remains officially in 'Vendor Identification'."
WS/MP477/2026-2027/269915,LIFE_STATUS_DISCONNECT,lifecycle_execution,Moderate,25,"Status: Vendor Identification, Exp: 99.7%",Substantial financial execution prior to execution milestone,Complete or near-complete financial disbursement precedes formal physical execution milestones (Status: 'Vendor Identification').
WS/MP477/2026-2027/269915,DQ_DISBURSEMENT_RECONCILIATION_GAP,data_quality,Moderate,25,"Disb: None, Exp: 99654.0",Transaction expenditure without master disbursement OR completed without disbursement OR > 5% mismatch,"Expenditure transactions record ₹99,654.00 disbursed, but master amount_disbursed is unpopulated."
WS/MP478/2025-2026/180977,LIFE_PROLONGED_STAGNATION,lifecycle_execution,Moderate,30,450 days,> 445 days since last expenditure,No expenditure transactions recorded for 450 days (P90 delay threshold) on an uncompleted project.
WS/MP478/2025-2026/180977,DQ_DISBURSEMENT_RECONCILIATION_GAP,data_quality,Moderate,25,"Disb: None, Exp: 249984.0",Transaction expenditure without master disbursement OR completed without disbursement OR > 5% mismatch,"Expenditure transactions record ₹249,984.00 disbursed, but master amount_disbursed is unpopulated."
WS/MP021/2025-2026/192505,TX_SLICING_HIGH,transaction_pattern,Moderate,20,10,>= 6 transactions,Expenditure is fragmented across 10 separate payment transactions (P95 percentile).
WS/MP021/2025-2026/192505,TX_VENDOR_SPRAWL_EXTREME,transaction_pattern,High,35,9,>= 8 vendors,Expenditure is disbursed across 9 distinct contracting entities for this work (top 1% percentile).
WS/MP021/2025-2026/192505,TX_EARLY_STAGE_HIGH_EXP,transaction_pattern,Moderate,30,97.2% spent during 'Vendor Identification',>= 75% expenditure in preliminary status,"97.2% of sanctioned budget is represented by expenditure transactions (₹242,951.00) while project status remains officially in 'Vendor Identification'."
WS/MP021/2025-2026/192505,LIFE_STATUS_DISCONNECT,lifecycle_execution,Moderate,25,"Status: Vendor Identification, Exp: 97.2%",Substantial financial execution prior to execution milestone,Complete or near-complete financial disbursement precedes formal physical execution milestones (Status: 'Vendor Identification').
WS/MP021/2025-2026/192505,DQ_DISBURSEMENT_RECONCILIATION_GAP,data_quality,Moderate,25,"Disb: None, Exp: 242951.0",Transaction expenditure without master disbursement OR completed without disbursement OR > 5% mismatch,"Expenditure transactions record ₹242,951.00 disbursed, but master amount_disbursed is unpopulated."
WS/MP021/2025-2026/192505,DQ_MISSING_CORE_DESC,data_quality,Moderate,20,<BLANK>,work_description is null or blank,The statutory project description field is blank or unpopulated in the works register.
WS/MP18414/2026-2027/195838,LIFE_SEVERE_DELAY_SANCTION,lifecycle_execution,Moderate,20,424 days,> 323 days,Sanction required 424 days from recommendation date (P95 threshold).
WS/MP18414/2026-2027/195838,DQ_DISBURSEMENT_RECONCILIATION_GAP,data_quality,Moderate,25,"Disb: None, Exp: 276190.0",Transaction expenditure without master disbursement OR completed without disbursement OR > 5% mismatch,"Expenditure transactions record ₹276,190.00 disbursed, but master amount_disbursed is unpopulated."
WS/MP021/2025-2026/210256,TX_VENDOR_SPRAWL_HIGH,transaction_pattern,Moderate,20,4,>= 3 vendors,Expenditure is disbursed across 4 distinct contracting entities (P90 percentile).
WS/MP18414/2026-2027/278686,TX_EARLY_STAGE_HIGH_EXP,transaction_pattern,Moderate,30,100.0% spent during 'Vendor Identification',>= 75% expenditure in preliminary status,"100.0% of sanctioned budget is represented by expenditure transactions (₹200,000.00) while project status remains officially in 'Vendor Identification'."
WS/MP18414/2026-2027/278686,LIFE_STATUS_DISCONNECT,lifecycle_execution,Moderate,25,"Status: Vendor Identification, Exp: 100.0%",Substantial financial execution prior to execution milestone,Complete or near-complete financial disbursement precedes formal physical execution milestones (Status: 'Vendor Identification').
WS/MP18414/2026-2027/278686,DQ_DISBURSEMENT_RECONCILIATION_GAP,data_quality,Moderate,25,"Disb: None, Exp: 200000.0",Transaction expenditure without master disbursement OR completed without disbursement OR > 5% mismatch,"Expenditure transactions record ₹200,000.00 disbursed, but master amount_disbursed is unpopulated."
WS/MP477/2025-2026/261062,DQ_DISBURSEMENT_RECONCILIATION_GAP,data_quality,Moderate,25,"Disb: None, Exp: 199737.0",Transaction expenditure without master disbursement OR completed without disbursement OR > 5% mismatch,"Expenditure transactions record ₹199,737.00 disbursed, but master amount_disbursed is unpopulated."
WS/MP478/2025-2026/245527,DQ_DISBURSEMENT_RECONCILIATION_GAP,data_quality,Moderate,25,"Disb: None, Exp: 322112.0",Transaction expenditure without master disbursement OR completed without disbursement OR > 5% mismatch,"Expenditure transactions record ₹322,112.00 disbursed, but master amount_disbursed is unpopulated."
WS/MP18414/2026-2027/247595,DQ_DISBURSEMENT_RECONCILIATION_GAP,data_quality,Moderate,25,"Disb: None, Exp: 997800.0",Transaction expenditure without master disbursement OR completed without disbursement OR > 5% mismatch,"Expenditure transactions record ₹997,800.00 disbursed, but master amount_disbursed is unpopulated."
WS/MP18415/2025-2026/205427,DQ_DISBURSEMENT_RECONCILIATION_GAP,data_quality,Moderate,25,"Disb: None, Exp: 753821.0",Transaction expenditure without master disbursement OR completed without disbursement OR > 5% mismatch,"Expenditure transactions record ₹753,821.00 disbursed, but master amount_disbursed is unpopulated."
WS/MP477/2026-2027/258914,DQ_DISBURSEMENT_RECONCILIATION_GAP,data_quality,Moderate,25,"Disb: None, Exp: 199980.0",Transaction expenditure without master disbursement OR completed without disbursement OR > 5% mismatch,"Expenditure transactions record ₹199,980.00 disbursed, but master amount_disbursed is unpopulated."
WS/MP478/2024-2025/149449,LIFE_PROLONGED_STAGNATION,lifecycle_execution,Moderate,30,590 days,> 445 days since last expenditure,No expenditure transactions recorded for 590 days (P90 delay threshold) on an uncompleted project.
WS/MP18414/2025-2026/202455,DQ_DISBURSEMENT_RECONCILIATION_GAP,data_quality,Moderate,25,"Disb: None, Exp: 715451.0",Transaction expenditure without master disbursement OR completed without disbursement OR > 5% mismatch,"Expenditure transactions record ₹715,451.00 disbursed, but master amount_disbursed is unpopulated."
WS/MP18415/2026-2027/269577,TX_EARLY_STAGE_HIGH_EXP,transaction_pattern,Moderate,30,99.9% spent during 'Vendor Identification',>= 75% expenditure in preliminary status,"99.9% of sanctioned budget is represented by expenditure transactions (₹1,187,612.00) while project status remains officially in 'Vendor Identification'."
WS/MP18415/2026-2027/269577,LIFE_STATUS_DISCONNECT,lifecycle_execution,Moderate,25,"Status: Vendor Identification, Exp: 99.9%",Substantial financial execution prior to execution milestone,Complete or near-complete financial disbursement precedes formal physical execution milestones (Status: 'Vendor Identification').
WS/MP18415/2026-2027/269577,DQ_DISBURSEMENT_RECONCILIATION_GAP,data_quality,Moderate,25,"Disb: None, Exp: 1187612.0",Transaction expenditure without master disbursement OR completed without disbursement OR > 5% mismatch,"Expenditure transactions record ₹1,187,612.00 disbursed, but master amount_disbursed is unpopulated."
WS/MP478/2025-2026/180991,LIFE_PROLONGED_STAGNATION,lifecycle_execution,Moderate,30,450 days,> 445 days since last expenditure,No expenditure transactions recorded for 450 days (P90 delay threshold) on an uncompleted project.
WS/MP478/2025-2026/180991,DQ_DISBURSEMENT_RECONCILIATION_GAP,data_quality,Moderate,25,"Disb: None, Exp: 249984.0",Transaction expenditure without master disbursement OR completed without disbursement OR > 5% mismatch,"Expenditure transactions record ₹249,984.00 disbursed, but master amount_disbursed is unpopulated."
WS/MP18415/2025-2026/205433,DQ_DISBURSEMENT_RECONCILIATION_GAP,data_quality,Moderate,25,"Disb: None, Exp: 879000.0",Transaction expenditure without master disbursement OR completed without disbursement OR > 5% mismatch,"Expenditure transactions record ₹879,000.00 disbursed, but master amount_disbursed is unpopulated."
WS/MP021/2025-2026/200592,TX_SLICING_HIGH,transaction_pattern,Moderate,20,8,>= 6 transactions,Expenditure is fragmented across 8 separate payment transactions (P95 percentile).
WS/MP021/2025-2026/200592,TX_VENDOR_SPRAWL_EXTREME,transaction_pattern,High,35,8,>= 8 vendors,Expenditure is disbursed across 8 distinct contracting entities for this work (top 1% percentile).
WS/MP021/2025-2026/200592,TX_EARLY_STAGE_HIGH_EXP,transaction_pattern,Moderate,30,99.9% spent during 'Vendor Identification',>= 75% expenditure in preliminary status,"99.9% of sanctioned budget is represented by expenditure transactions (₹249,790.00) while project status remains officially in 'Vendor Identification'."
WS/MP021/2025-2026/200592,LIFE_STATUS_DISCONNECT,lifecycle_execution,Moderate,25,"Status: Vendor Identification, Exp: 99.9%",Substantial financial execution prior to execution milestone,Complete or near-complete financial disbursement precedes formal physical execution milestones (Status: 'Vendor Identification').
WS/MP021/2025-2026/200592,DQ_DISBURSEMENT_RECONCILIATION_GAP,data_quality,Moderate,25,"Disb: None, Exp: 249790.0",Transaction expenditure without master disbursement OR completed without disbursement OR > 5% mismatch,"Expenditure transactions record ₹249,790.00 disbursed, but master amount_disbursed is unpopulated."
WS/MP021/2025-2026/254822,TX_SLICING_HIGH,transaction_pattern,Moderate,20,8,>= 6 transactions,Expenditure is fragmented across 8 separate payment transactions (P95 percentile).
WS/MP021/2025-2026/254822,TX_VENDOR_SPRAWL_EXTREME,transaction_pattern,High,35,8,>= 8 vendors,Expenditure is disbursed across 8 distinct contracting entities for this work (top 1% percentile).
WS/MP477/2026-2027/262173,DQ_DISBURSEMENT_RECONCILIATION_GAP,data_quality,Moderate,25,"Disb: None, Exp: 149550.0",Transaction expenditure without master disbursement OR completed without disbursement OR > 5% mismatch,"Expenditure transactions record ₹149,550.00 disbursed, but master amount_disbursed is unpopulated."
WS/MP478/2025-2026/243426,DQ_DISBURSEMENT_RECONCILIATION_GAP,data_quality,Moderate,25,"Disb: None, Exp: 262229.0",Transaction expenditure without master disbursement OR completed without disbursement OR > 5% mismatch,"Expenditure transactions record ₹262,229.00 disbursed, but master amount_disbursed is unpopulated."
WS/MP18415/2026-2027/262472,TX_EARLY_STAGE_HIGH_EXP,transaction_pattern,Moderate,30,100.0% spent during 'Vendor Identification',>= 75% expenditure in preliminary status,"100.0% of sanctioned budget is represented by expenditure transactions (₹249,849.00) while project status remains officially in 'Vendor Identification'."
WS/MP18415/2026-2027/262472,LIFE_STATUS_DISCONNECT,lifecycle_execution,Moderate,25,"Status: Vendor Identification, Exp: 100.0%",Substantial financial execution prior to execution milestone,Complete or near-complete financial disbursement precedes formal physical execution milestones (Status: 'Vendor Identification').
WS/MP18415/2026-2027/262472,DQ_DISBURSEMENT_RECONCILIATION_GAP,data_quality,Moderate,25,"Disb: None, Exp: 249849.0",Transaction expenditure without master disbursement OR completed without disbursement OR > 5% mismatch,"Expenditure transactions record ₹249,849.00 disbursed, but master amount_disbursed is unpopulated."
WS/MP478/2025-2026/243401,TX_EXACT_DUP_CLUSTER,transaction_pattern,Moderate,30,1 excess copies (2 participating),>= 1 excess duplicate transaction,2 transactions participate in duplicate groups (1 excess redundant copies across 1 clusters).
WS/MP478/2025-2026/243401,TX_SLICING_EXTREME,transaction_pattern,High,35,18,>= 15 transactions,"Expenditure is fragmented across 18 separate payment transactions (top 1% percentile across 1,000 works)."
WS/MP478/2025-2026/243401,TX_VENDOR_SPRAWL_EXTREME,transaction_pattern,High,35,10,>= 8 vendors,Expenditure is disbursed across 10 distinct contracting entities for this work (top 1% percentile).
WS/MP478/2025-2026/154248,TX_SLICING_HIGH,transaction_pattern,Moderate,20,6,>= 6 transactions,Expenditure is fragmented across 6 separate payment transactions (P95 percentile).
WS/MP478/2025-2026/154248,TX_VENDOR_SPRAWL_HIGH,transaction_pattern,Moderate,20,6,>= 3 vendors,Expenditure is disbursed across 6 distinct contracting entities (P90 percentile).
WS/MP478/2025-2026/154248,DQ_DISBURSEMENT_RECONCILIATION_GAP,data_quality,Moderate,25,"Disb: None, Exp: 150000.0",Transaction expenditure without master disbursement OR completed without disbursement OR > 5% mismatch,"Expenditure transactions record ₹150,000.00 disbursed, but master amount_disbursed is unpopulated."
WS/MP021/2025-2026/188606,DQ_DISBURSEMENT_RECONCILIATION_GAP,data_quality,Moderate,25,"Disb: None, Exp: 37345.0",Transaction expenditure without master disbursement OR completed without disbursement OR > 5% mismatch,"Expenditure transactions record ₹37,345.00 disbursed, but master amount_disbursed is unpopulated."
WS/MP18415/2025-2026/262467,TX_EARLY_STAGE_HIGH_EXP,transaction_pattern,Moderate,30,100.0% spent during 'Vendor Identification',>= 75% expenditure in preliminary status,"100.0% of sanctioned budget is represented by expenditure transactions (₹229,813.00) while project status remains officially in 'Vendor Identification'."
WS/MP18415/2025-2026/262467,LIFE_STATUS_DISCONNECT,lifecycle_execution,Moderate,25,"Status: Vendor Identification, Exp: 100.0%",Substantial financial execution prior to execution milestone,Complete or near-complete financial disbursement precedes formal physical execution milestones (Status: 'Vendor Identification').
WS/MP18415/2025-2026/262467,DQ_DISBURSEMENT_RECONCILIATION_GAP,data_quality,Moderate,25,"Disb: None, Exp: 229813.0",Transaction expenditure without master disbursement OR completed without disbursement OR > 5% mismatch,"Expenditure transactions record ₹229,813.00 disbursed, but master amount_disbursed is unpopulated."
WS/MP477/2026-2027/268869,TX_EARLY_STAGE_HIGH_EXP,transaction_pattern,Moderate,30,99.8% spent during 'Vendor Identification',>= 75% expenditure in preliminary status,"99.8% of sanctioned budget is represented by expenditure transactions (₹249,500.00) while project status remains officially in 'Vendor Identification'."
WS/MP477/2026-2027/268869,LIFE_STATUS_DISCONNECT,lifecycle_execution,Moderate,25,"Status: Vendor Identification, Exp: 99.8%",Substantial financial execution prior to execution milestone,Complete or near-complete financial disbursement precedes formal physical execution milestones (Status: 'Vendor Identification').
WS/MP477/2026-2027/268869,DQ_DISBURSEMENT_RECONCILIATION_GAP,data_quality,Moderate,25,"Disb: None, Exp: 249500.0",Transaction expenditure without master disbursement OR completed without disbursement OR > 5% mismatch,"Expenditure transactions record ₹249,500.00 disbursed, but master amount_disbursed is unpopulated."
WS/MP021/2025-2026/177199,TX_EARLY_STAGE_HIGH_EXP,transaction_pattern,Moderate,30,100.0% spent during 'Vendor Identification',>= 75% expenditure in preliminary status,"100.0% of sanctioned budget is represented by expenditure transactions (₹249,990.00) while project status remains officially in 'Vendor Identification'."
WS/MP021/2025-2026/177199,LIFE_STATUS_DISCONNECT,lifecycle_execution,Moderate,25,"Status: Vendor Identification, Exp: 100.0%",Substantial financial execution prior to execution milestone,Complete or near-complete financial disbursement precedes formal physical execution milestones (Status: 'Vendor Identification').
WS/MP021/2025-2026/177199,DQ_DISBURSEMENT_RECONCILIATION_GAP,data_quality,Moderate,25,"Disb: None, Exp: 249990.0",Transaction expenditure without master disbursement OR completed without disbursement OR > 5% mismatch,"Expenditure transactions record ₹249,990.00 disbursed, but master amount_disbursed is unpopulated."
WS/MP478/2025-2026/243425,TX_EARLY_STAGE_HIGH_EXP,transaction_pattern,Moderate,30,78.6% spent during 'Vendor Identification',>= 75% expenditure in preliminary status,"78.6% of sanctioned budget is represented by expenditure transactions (₹314,480.00) while project status remains officially in 'Vendor Identification'."
WS/MP478/2025-2026/243425,LIFE_STATUS_DISCONNECT,lifecycle_execution,Moderate,25,"Status: Vendor Identification, Exp: 78.6%",Substantial financial execution prior to execution milestone,Complete or near-complete financial disbursement precedes formal physical execution milestones (Status: 'Vendor Identification').
WS/MP478/2025-2026/243425,DQ_DISBURSEMENT_RECONCILIATION_GAP,data_quality,Moderate,25,"Disb: None, Exp: 314480.0",Transaction expenditure without master disbursement OR completed without disbursement OR > 5% mismatch,"Expenditure transactions record ₹314,480.00 disbursed, but master amount_disbursed is unpopulated."
WS/MP021/2025-2026/267132,TX_SLICING_HIGH,transaction_pattern,Moderate,20,7,>= 6 transactions,Expenditure is fragmented across 7 separate payment transactions (P95 percentile).
WS/MP021/2025-2026/267132,TX_VENDOR_SPRAWL_HIGH,transaction_pattern,Moderate,20,7,>= 3 vendors,Expenditure is disbursed across 7 distinct contracting entities (P90 percentile).
WS/MP021/2025-2026/267132,DQ_DISBURSEMENT_RECONCILIATION_GAP,data_quality,Moderate,25,"Disb: None, Exp: 299750.0",Transaction expenditure without master disbursement OR completed without disbursement OR > 5% mismatch,"Expenditure transactions record ₹299,750.00 disbursed, but master amount_disbursed is unpopulated."
WS/MP18415/2025-2026/259366,TX_EARLY_STAGE_HIGH_EXP,transaction_pattern,Moderate,30,100.0% spent during 'Vendor Identification',>= 75% expenditure in preliminary status,"100.0% of sanctioned budget is represented by expenditure transactions (₹301,000.00) while project status remains officially in 'Vendor Identification'."
WS/MP18415/2025-2026/259366,LIFE_STATUS_DISCONNECT,lifecycle_execution,Moderate,25,"Status: Vendor Identification, Exp: 100.0%",Substantial financial execution prior to execution milestone,Complete or near-complete financial disbursement precedes formal physical execution milestones (Status: 'Vendor Identification').
WS/MP18415/2025-2026/259366,DQ_DISBURSEMENT_RECONCILIATION_GAP,data_quality,Moderate,25,"Disb: None, Exp: 301000.0",Transaction expenditure without master disbursement OR completed without disbursement OR > 5% mismatch,"Expenditure transactions record ₹301,000.00 disbursed, but master amount_disbursed is unpopulated."
WS/MP477/2026-2027/279794,TX_SLICING_HIGH,transaction_pattern,Moderate,20,8,>= 6 transactions,Expenditure is fragmented across 8 separate payment transactions (P95 percentile).
WS/MP477/2026-2027/279794,TX_VENDOR_SPRAWL_EXTREME,transaction_pattern,High,35,8,>= 8 vendors,Expenditure is disbursed across 8 distinct contracting entities for this work (top 1% percentile).
WS/MP477/2026-2027/279794,TX_EARLY_STAGE_HIGH_EXP,transaction_pattern,Moderate,30,92.0% spent during 'Vendor Identification',>= 75% expenditure in preliminary status,"92.0% of sanctioned budget is represented by expenditure transactions (₹92,017.00) while project status remains officially in 'Vendor Identification'."
WS/MP477/2026-2027/279794,LIFE_STATUS_DISCONNECT,lifecycle_execution,Moderate,25,"Status: Vendor Identification, Exp: 92.0%",Substantial financial execution prior to execution milestone,Complete or near-complete financial disbursement precedes formal physical execution milestones (Status: 'Vendor Identification').
WS/MP477/2026-2027/279794,DQ_DISBURSEMENT_RECONCILIATION_GAP,data_quality,Moderate,25,"Disb: None, Exp: 92017.0",Transaction expenditure without master disbursement OR completed without disbursement OR > 5% mismatch,"Expenditure transactions record ₹92,017.00 disbursed, but master amount_disbursed is unpopulated."
WS/MP478/2025-2026/154239,TX_VENDOR_SPRAWL_HIGH,transaction_pattern,Moderate,20,3,>= 3 vendors,Expenditure is disbursed across 3 distinct contracting entities (P90 percentile).
WS/MP478/2025-2026/154239,DQ_DISBURSEMENT_RECONCILIATION_GAP,data_quality,Moderate,25,"Disb: None, Exp: 99798.0",Transaction expenditure without master disbursement OR completed without disbursement OR > 5% mismatch,"Expenditure transactions record ₹99,798.00 disbursed, but master amount_disbursed is unpopulated."
WS/MP18415/2025-2026/199872,TX_EARLY_STAGE_HIGH_EXP,transaction_pattern,Moderate,30,100.0% spent during 'Vendor Identification',>= 75% expenditure in preliminary status,"100.0% of sanctioned budget is represented by expenditure transactions (₹147,377.00) while project status remains officially in 'Vendor Identification'."
WS/MP18415/2025-2026/199872,LIFE_STATUS_DISCONNECT,lifecycle_execution,Moderate,25,"Status: Vendor Identification, Exp: 100.0%",Substantial financial execution prior to execution milestone,Complete or near-complete financial disbursement precedes formal physical execution milestones (Status: 'Vendor Identification').
WS/MP18415/2025-2026/199872,DQ_DISBURSEMENT_RECONCILIATION_GAP,data_quality,Moderate,25,"Disb: None, Exp: 147377.0",Transaction expenditure without master disbursement OR completed without disbursement OR > 5% mismatch,"Expenditure transactions record ₹147,377.00 disbursed, but master amount_disbursed is unpopulated."
WS/MP021/2025-2026/242824,DQ_DISBURSEMENT_RECONCILIATION_GAP,data_quality,Moderate,25,"Disb: None, Exp: 375000.0",Transaction expenditure without master disbursement OR completed without disbursement OR > 5% mismatch,"Expenditure transactions record ₹375,000.00 disbursed, but master amount_disbursed is unpopulated."
WS/MP18415/2025-2026/199861,TX_EARLY_STAGE_HIGH_EXP,transaction_pattern,Moderate,30,100.0% spent during 'Vendor Identification',>= 75% expenditure in preliminary status,"100.0% of sanctioned budget is represented by expenditure transactions (₹1,112,500.00) while project status remains officially in 'Vendor Identification'."
WS/MP18415/2025-2026/199861,LIFE_STATUS_DISCONNECT,lifecycle_execution,Moderate,25,"Status: Vendor Identification, Exp: 100.0%",Substantial financial execution prior to execution milestone,Complete or near-complete financial disbursement precedes formal physical execution milestones (Status: 'Vendor Identification').
WS/MP18415/2025-2026/199861,DQ_DISBURSEMENT_RECONCILIATION_GAP,data_quality,Moderate,25,"Disb: None, Exp: 1112500.0",Transaction expenditure without master disbursement OR completed without disbursement OR > 5% mismatch,"Expenditure transactions record ₹1,112,500.00 disbursed, but master amount_disbursed is unpopulated."
WS/MP478/2026-2027/244161,TX_EARLY_STAGE_HIGH_EXP,transaction_pattern,Moderate,30,99.4% spent during 'Vendor Identification',>= 75% expenditure in preliminary status,"99.4% of sanctioned budget is represented by expenditure transactions (₹993,587.00) while project status remains officially in 'Vendor Identification'."
WS/MP478/2026-2027/244161,LIFE_STATUS_DISCONNECT,lifecycle_execution,Moderate,25,"Status: Vendor Identification, Exp: 99.4%",Substantial financial execution prior to execution milestone,Complete or near-complete financial disbursement precedes formal physical execution milestones (Status: 'Vendor Identification').
WS/MP478/2026-2027/244161,DQ_DISBURSEMENT_RECONCILIATION_GAP,data_quality,Moderate,25,"Disb: None, Exp: 993587.0",Transaction expenditure without master disbursement OR completed without disbursement OR > 5% mismatch,"Expenditure transactions record ₹993,587.00 disbursed, but master amount_disbursed is unpopulated."
WS/MP021/2025-2026/204383,TX_VENDOR_SPRAWL_HIGH,transaction_pattern,Moderate,20,5,>= 3 vendors,Expenditure is disbursed across 5 distinct contracting entities (P90 percentile).
WS/MP021/2025-2026/204383,TX_EARLY_STAGE_HIGH_EXP,transaction_pattern,Moderate,30,100.0% spent during 'Vendor Identification',>= 75% expenditure in preliminary status,"100.0% of sanctioned budget is represented by expenditure transactions (₹50,000.00) while project status remains officially in 'Vendor Identification'."
WS/MP021/2025-2026/204383,LIFE_STATUS_DISCONNECT,lifecycle_execution,Moderate,25,"Status: Vendor Identification, Exp: 100.0%",Substantial financial execution prior to execution milestone,Complete or near-complete financial disbursement precedes formal physical execution milestones (Status: 'Vendor Identification').
WS/MP021/2025-2026/204383,DQ_DISBURSEMENT_RECONCILIATION_GAP,data_quality,Moderate,25,"Disb: None, Exp: 50000.0",Transaction expenditure without master disbursement OR completed without disbursement OR > 5% mismatch,"Expenditure transactions record ₹50,000.00 disbursed, but master amount_disbursed is unpopulated."
WS/MP021/2025-2026/262610,TX_VENDOR_SPRAWL_HIGH,transaction_pattern,Moderate,20,4,>= 3 vendors,Expenditure is disbursed across 4 distinct contracting entities (P90 percentile).
WS/MP021/2025-2026/262610,DQ_DISBURSEMENT_RECONCILIATION_GAP,data_quality,Moderate,25,"Disb: None, Exp: 250000.0",Transaction expenditure without master disbursement OR completed without disbursement OR > 5% mismatch,"Expenditure transactions record ₹250,000.00 disbursed, but master amount_disbursed is unpopulated."
WS/MP18415/2025-2026/242968,TX_EARLY_STAGE_HIGH_EXP,transaction_pattern,Moderate,30,99.2% spent during 'Vendor Identification',>= 75% expenditure in preliminary status,"99.2% of sanctioned budget is represented by expenditure transactions (₹694,500.00) while project status remains officially in 'Vendor Identification'."
WS/MP18415/2025-2026/242968,LIFE_STATUS_DISCONNECT,lifecycle_execution,Moderate,25,"Status: Vendor Identification, Exp: 99.2%",Substantial financial execution prior to execution milestone,Complete or near-complete financial disbursement precedes formal physical execution milestones (Status: 'Vendor Identification').
WS/MP18415/2025-2026/242968,DQ_DISBURSEMENT_RECONCILIATION_GAP,data_quality,Moderate,25,"Disb: None, Exp: 694500.0",Transaction expenditure without master disbursement OR completed without disbursement OR > 5% mismatch,"Expenditure transactions record ₹694,500.00 disbursed, but master amount_disbursed is unpopulated."
WS/MP478/2025-2026/154207,TX_EXACT_DUP_CLUSTER,transaction_pattern,Moderate,30,2 excess copies (4 participating),>= 1 excess duplicate transaction,4 transactions participate in duplicate groups (2 excess redundant copies across 2 clusters).
WS/MP478/2025-2026/154207,TX_SLICING_EXTREME,transaction_pattern,High,35,24,>= 15 transactions,"Expenditure is fragmented across 24 separate payment transactions (top 1% percentile across 1,000 works)."
WS/MP478/2025-2026/154207,TX_VENDOR_SPRAWL_EXTREME,transaction_pattern,High,35,11,>= 8 vendors,Expenditure is disbursed across 11 distinct contracting entities for this work (top 1% percentile).
WS/MP478/2025-2026/154207,LIFE_PROLONGED_STAGNATION,lifecycle_execution,Moderate,30,469 days,> 445 days since last expenditure,No expenditure transactions recorded for 469 days (P90 delay threshold) on an uncompleted project.
WS/MP478/2025-2026/154207,DQ_DISBURSEMENT_RECONCILIATION_GAP,data_quality,Moderate,25,"Disb: None, Exp: 199895.0",Transaction expenditure without master disbursement OR completed without disbursement OR > 5% mismatch,"Expenditure transactions record ₹199,895.00 disbursed, but master amount_disbursed is unpopulated."
WS/MP477/2026-2027/279797,TX_SLICING_EXTREME,transaction_pattern,High,35,21,>= 15 transactions,"Expenditure is fragmented across 21 separate payment transactions (top 1% percentile across 1,000 works)."
WS/MP477/2026-2027/279797,TX_VENDOR_SPRAWL_EXTREME,transaction_pattern,High,35,21,>= 8 vendors,Expenditure is disbursed across 21 distinct contracting entities for this work (top 1% percentile).
WS/MP477/2026-2027/279797,TX_EARLY_STAGE_HIGH_EXP,transaction_pattern,Moderate,30,98.3% spent during 'Vendor Identification',>= 75% expenditure in preliminary status,"98.3% of sanctioned budget is represented by expenditure transactions (₹196,539.00) while project status remains officially in 'Vendor Identification'."
WS/MP477/2026-2027/279797,LIFE_STATUS_DISCONNECT,lifecycle_execution,Moderate,25,"Status: Vendor Identification, Exp: 98.3%",Substantial financial execution prior to execution milestone,Complete or near-complete financial disbursement precedes formal physical execution milestones (Status: 'Vendor Identification').
WS/MP477/2026-2027/279797,DQ_DISBURSEMENT_RECONCILIATION_GAP,data_quality,Moderate,25,"Disb: None, Exp: 196539.0",Transaction expenditure without master disbursement OR completed without disbursement OR > 5% mismatch,"Expenditure transactions record ₹196,539.00 disbursed, but master amount_disbursed is unpopulated."
WS/MP021/2025-2026/242800,DQ_DISBURSEMENT_RECONCILIATION_GAP,data_quality,Moderate,25,"Disb: None, Exp: 246006.0",Transaction expenditure without master disbursement OR completed without disbursement OR > 5% mismatch,"Expenditure transactions record ₹246,006.00 disbursed, but master amount_disbursed is unpopulated."
WS/MP478/2025-2026/156127,TX_EARLY_STAGE_HIGH_EXP,transaction_pattern,Moderate,30,100.0% spent during 'Vendor Identification',>= 75% expenditure in preliminary status,"100.0% of sanctioned budget is represented by expenditure transactions (₹1,880,000.00) while project status remains officially in 'Vendor Identification'."
WS/MP478/2025-2026/156127,LIFE_STATUS_DISCONNECT,lifecycle_execution,Moderate,25,"Status: Vendor Identification, Exp: 100.0%",Substantial financial execution prior to execution milestone,Complete or near-complete financial disbursement precedes formal physical execution milestones (Status: 'Vendor Identification').
WS/MP478/2025-2026/156127,DQ_DISBURSEMENT_RECONCILIATION_GAP,data_quality,Moderate,25,"Disb: None, Exp: 1880000.0",Transaction expenditure without master disbursement OR completed without disbursement OR > 5% mismatch,"Expenditure transactions record ₹1,880,000.00 disbursed, but master amount_disbursed is unpopulated."
WS/MP477/2025-2026/258919,TX_SLICING_HIGH,transaction_pattern,Moderate,20,8,>= 6 transactions,Expenditure is fragmented across 8 separate payment transactions (P95 percentile).
WS/MP477/2025-2026/258919,TX_VENDOR_SPRAWL_EXTREME,transaction_pattern,High,35,8,>= 8 vendors,Expenditure is disbursed across 8 distinct contracting entities for this work (top 1% percentile).
WS/MP477/2025-2026/258919,TX_EARLY_STAGE_HIGH_EXP,transaction_pattern,Moderate,30,99.8% spent during 'Vendor Identification',>= 75% expenditure in preliminary status,"99.8% of sanctioned budget is represented by expenditure transactions (₹99,758.00) while project status remains officially in 'Vendor Identification'."
WS/MP477/2025-2026/258919,LIFE_STATUS_DISCONNECT,lifecycle_execution,Moderate,25,"Status: Vendor Identification, Exp: 99.8%",Substantial financial execution prior to execution milestone,Complete or near-complete financial disbursement precedes formal physical execution milestones (Status: 'Vendor Identification').
WS/MP477/2025-2026/258919,DQ_DISBURSEMENT_RECONCILIATION_GAP,data_quality,Moderate,25,"Disb: None, Exp: 99758.0",Transaction expenditure without master disbursement OR completed without disbursement OR > 5% mismatch,"Expenditure transactions record ₹99,758.00 disbursed, but master amount_disbursed is unpopulated."
WS/MP478/2025-2026/243399,FIN_DUP_EXPOSURE_MOD,financial_integrity,Moderate,25,28.3%,>= 5% duplicate expenditure ratio,"Potential duplicate disbursements total ₹56,448.00, representing 28.3% of total recorded expenditure (₹199,739.00)."
WS/MP478/2025-2026/243399,TX_EXACT_DUP_CLUSTER,transaction_pattern,High,40,8 excess copies (16 participating),>= 4 excess duplicate transactions,16 transactions participate in duplicate groups (8 excess redundant copies across 8 clusters).
WS/MP478/2025-2026/243399,TX_SLICING_EXTREME,transaction_pattern,High,35,22,>= 15 transactions,"Expenditure is fragmented across 22 separate payment transactions (top 1% percentile across 1,000 works)."
WS/MP478/2025-2026/243399,TX_VENDOR_SPRAWL_EXTREME,transaction_pattern,High,35,13,>= 8 vendors,Expenditure is disbursed across 13 distinct contracting entities for this work (top 1% percentile).
WS/MP021/2025-2026/175495,TX_SLICING_HIGH,transaction_pattern,Moderate,20,10,>= 6 transactions,Expenditure is fragmented across 10 separate payment transactions (P95 percentile).
WS/MP021/2025-2026/175495,TX_VENDOR_SPRAWL_EXTREME,transaction_pattern,High,35,10,>= 8 vendors,Expenditure is disbursed across 10 distinct contracting entities for this work (top 1% percentile).
WS/MP021/2025-2026/175495,TX_EARLY_STAGE_HIGH_EXP,transaction_pattern,Moderate,30,90.7% spent during 'Vendor Identification',>= 75% expenditure in preliminary status,"90.7% of sanctioned budget is represented by expenditure transactions (₹226,871.00) while project status remains officially in 'Vendor Identification'."
WS/MP021/2025-2026/175495,LIFE_STATUS_DISCONNECT,lifecycle_execution,Moderate,25,"Status: Vendor Identification, Exp: 90.7%",Substantial financial execution prior to execution milestone,Complete or near-complete financial disbursement precedes formal physical execution milestones (Status: 'Vendor Identification').
WS/MP021/2025-2026/175495,DQ_DISBURSEMENT_RECONCILIATION_GAP,data_quality,Moderate,25,"Disb: None, Exp: 226871.0",Transaction expenditure without master disbursement OR completed without disbursement OR > 5% mismatch,"Expenditure transactions record ₹226,871.00 disbursed, but master amount_disbursed is unpopulated."
WS/MP478/2025-2026/154176,TX_SLICING_HIGH,transaction_pattern,Moderate,20,7,>= 6 transactions,Expenditure is fragmented across 7 separate payment transactions (P95 percentile).
WS/MP478/2025-2026/154176,TX_VENDOR_SPRAWL_HIGH,transaction_pattern,Moderate,20,5,>= 3 vendors,Expenditure is disbursed across 5 distinct contracting entities (P90 percentile).
WS/MP478/2025-2026/154176,LIFE_SEVERE_DELAY_SANCTION,lifecycle_execution,Moderate,20,436 days,> 323 days,Sanction required 436 days from recommendation date (P95 threshold).
WS/MP478/2025-2026/154176,DQ_DISBURSEMENT_RECONCILIATION_GAP,data_quality,Moderate,25,"Disb: None, Exp: 99364.0",Transaction expenditure without master disbursement OR completed without disbursement OR > 5% mismatch,"Expenditure transactions record ₹99,364.00 disbursed, but master amount_disbursed is unpopulated."
WS/MP021/2025-2026/209054,TX_SLICING_HIGH,transaction_pattern,Moderate,20,9,>= 6 transactions,Expenditure is fragmented across 9 separate payment transactions (P95 percentile).
WS/MP021/2025-2026/209054,TX_VENDOR_SPRAWL_EXTREME,transaction_pattern,High,35,9,>= 8 vendors,Expenditure is disbursed across 9 distinct contracting entities for this work (top 1% percentile).
WS/MP021/2025-2026/209054,DQ_DISBURSEMENT_RECONCILIATION_GAP,data_quality,Moderate,25,"Disb: None, Exp: 250000.0",Transaction expenditure without master disbursement OR completed without disbursement OR > 5% mismatch,"Expenditure transactions record ₹250,000.00 disbursed, but master amount_disbursed is unpopulated."
WS/MP478/2025-2026/270939,TX_EARLY_STAGE_HIGH_EXP,transaction_pattern,Moderate,30,99.4% spent during 'Vendor Identification',>= 75% expenditure in preliminary status,"99.4% of sanctioned budget is represented by expenditure transactions (₹496,949.00) while project status remains officially in 'Vendor Identification'."
WS/MP478/2025-2026/270939,LIFE_STATUS_DISCONNECT,lifecycle_execution,Moderate,25,"Status: Vendor Identification, Exp: 99.4%",Substantial financial execution prior to execution milestone,Complete or near-complete financial disbursement precedes formal physical execution milestones (Status: 'Vendor Identification').
WS/MP478/2025-2026/270939,DQ_DISBURSEMENT_RECONCILIATION_GAP,data_quality,Moderate,25,"Disb: None, Exp: 496949.0",Transaction expenditure without master disbursement OR completed without disbursement OR > 5% mismatch,"Expenditure transactions record ₹496,949.00 disbursed, but master amount_disbursed is unpopulated."
WS/MP477/2025-2026/252849,TX_SLICING_HIGH,transaction_pattern,Moderate,20,8,>= 6 transactions,Expenditure is fragmented across 8 separate payment transactions (P95 percentile).
WS/MP477/2025-2026/252849,TX_VENDOR_SPRAWL_EXTREME,transaction_pattern,High,35,8,>= 8 vendors,Expenditure is disbursed across 8 distinct contracting entities for this work (top 1% percentile).
WS/MP477/2025-2026/252849,TX_EARLY_STAGE_HIGH_EXP,transaction_pattern,Moderate,30,100.0% spent during 'Vendor Identification',>= 75% expenditure in preliminary status,"100.0% of sanctioned budget is represented by expenditure transactions (₹199,936.00) while project status remains officially in 'Vendor Identification'."
WS/MP477/2025-2026/252849,LIFE_STATUS_DISCONNECT,lifecycle_execution,Moderate,25,"Status: Vendor Identification, Exp: 100.0%",Substantial financial execution prior to execution milestone,Complete or near-complete financial disbursement precedes formal physical execution milestones (Status: 'Vendor Identification').
WS/MP477/2025-2026/252849,DQ_DISBURSEMENT_RECONCILIATION_GAP,data_quality,Moderate,25,"Disb: None, Exp: 199936.0",Transaction expenditure without master disbursement OR completed without disbursement OR > 5% mismatch,"Expenditure transactions record ₹199,936.00 disbursed, but master amount_disbursed is unpopulated."
WS/MP478/2025-2026/180985,LIFE_PROLONGED_STAGNATION,lifecycle_execution,Moderate,30,450 days,> 445 days since last expenditure,No expenditure transactions recorded for 450 days (P90 delay threshold) on an uncompleted project.
WS/MP478/2025-2026/180985,DQ_DISBURSEMENT_RECONCILIATION_GAP,data_quality,Moderate,25,"Disb: None, Exp: 249984.0",Transaction expenditure without master disbursement OR completed without disbursement OR > 5% mismatch,"Expenditure transactions record ₹249,984.00 disbursed, but master amount_disbursed is unpopulated."
WS/MP021/2025-2026/174633,TX_VENDOR_SPRAWL_HIGH,transaction_pattern,Moderate,20,5,>= 3 vendors,Expenditure is disbursed across 5 distinct contracting entities (P90 percentile).
WS/MP021/2025-2026/174633,DQ_DISBURSEMENT_RECONCILIATION_GAP,data_quality,Moderate,25,"Disb: None, Exp: 100000.0",Transaction expenditure without master disbursement OR completed without disbursement OR > 5% mismatch,"Expenditure transactions record ₹100,000.00 disbursed, but master amount_disbursed is unpopulated."
WS/MP477/2026-2027/290928,DQ_DISBURSEMENT_RECONCILIATION_GAP,data_quality,Moderate,25,"Disb: None, Exp: 150000.0",Transaction expenditure without master disbursement OR completed without disbursement OR > 5% mismatch,"Expenditure transactions record ₹150,000.00 disbursed, but master amount_disbursed is unpopulated."
WS/MP478/2025-2026/270941,DQ_DISBURSEMENT_RECONCILIATION_GAP,data_quality,Moderate,25,"Disb: None, Exp: 194715.0",Transaction expenditure without master disbursement OR completed without disbursement OR > 5% mismatch,"Expenditure transactions record ₹194,715.00 disbursed, but master amount_disbursed is unpopulated."
WS/MP021/2025-2026/242799,DQ_DISBURSEMENT_RECONCILIATION_GAP,data_quality,Moderate,25,"Disb: None, Exp: 246890.0",Transaction expenditure without master disbursement OR completed without disbursement OR > 5% mismatch,"Expenditure transactions record ₹246,890.00 disbursed, but master amount_disbursed is unpopulated."
WS/MP478/2026-2027/277508,DQ_DISBURSEMENT_RECONCILIATION_GAP,data_quality,Moderate,25,"Disb: None, Exp: 249225.0",Transaction expenditure without master disbursement OR completed without disbursement OR > 5% mismatch,"Expenditure transactions record ₹249,225.00 disbursed, but master amount_disbursed is unpopulated."
WS/MP477/2026-2027/276799,TX_SLICING_EXTREME,transaction_pattern,High,35,15,>= 15 transactions,"Expenditure is fragmented across 15 separate payment transactions (top 1% percentile across 1,000 works)."
WS/MP477/2026-2027/276799,TX_VENDOR_SPRAWL_EXTREME,transaction_pattern,High,35,14,>= 8 vendors,Expenditure is disbursed across 14 distinct contracting entities for this work (top 1% percentile).
WS/MP477/2026-2027/276799,TX_EARLY_STAGE_HIGH_EXP,transaction_pattern,Moderate,30,91.9% spent during 'Vendor Identification',>= 75% expenditure in preliminary status,"91.9% of sanctioned budget is represented by expenditure transactions (₹137,788.00) while project status remains officially in 'Vendor Identification'."
WS/MP477/2026-2027/276799,LIFE_STATUS_DISCONNECT,lifecycle_execution,Moderate,25,"Status: Vendor Identification, Exp: 91.9%",Substantial financial execution prior to execution milestone,Complete or near-complete financial disbursement precedes formal physical execution milestones (Status: 'Vendor Identification').
WS/MP477/2026-2027/276799,DQ_DISBURSEMENT_RECONCILIATION_GAP,data_quality,Moderate,25,"Disb: None, Exp: 137788.0",Transaction expenditure without master disbursement OR completed without disbursement OR > 5% mismatch,"Expenditure transactions record ₹137,788.00 disbursed, but master amount_disbursed is unpopulated."
WS/MP021/2025-2026/227810,TX_SLICING_HIGH,transaction_pattern,Moderate,20,6,>= 6 transactions,Expenditure is fragmented across 6 separate payment transactions (P95 percentile).
WS/MP021/2025-2026/227810,TX_VENDOR_SPRAWL_HIGH,transaction_pattern,Moderate,20,6,>= 3 vendors,Expenditure is disbursed across 6 distinct contracting entities (P90 percentile).
WS/MP021/2025-2026/227810,TX_EARLY_STAGE_HIGH_EXP,transaction_pattern,Moderate,30,80.7% spent during 'Vendor Identification',>= 75% expenditure in preliminary status,"80.7% of sanctioned budget is represented by expenditure transactions (₹121,034.00) while project status remains officially in 'Vendor Identification'."
WS/MP021/2025-2026/227810,LIFE_STATUS_DISCONNECT,lifecycle_execution,Moderate,25,"Status: Vendor Identification, Exp: 80.7%",Substantial financial execution prior to execution milestone,Complete or near-complete financial disbursement precedes formal physical execution milestones (Status: 'Vendor Identification').
WS/MP021/2025-2026/227810,DQ_DISBURSEMENT_RECONCILIATION_GAP,data_quality,Moderate,25,"Disb: None, Exp: 121034.0",Transaction expenditure without master disbursement OR completed without disbursement OR > 5% mismatch,"Expenditure transactions record ₹121,034.00 disbursed, but master amount_disbursed is unpopulated."
WS/MP021/2026-2027/262520,TX_VENDOR_SPRAWL_HIGH,transaction_pattern,Moderate,20,5,>= 3 vendors,Expenditure is disbursed across 5 distinct contracting entities (P90 percentile).
WS/MP021/2026-2027/262520,DQ_DISBURSEMENT_RECONCILIATION_GAP,data_quality,Moderate,25,"Disb: None, Exp: 50000.0",Transaction expenditure without master disbursement OR completed without disbursement OR > 5% mismatch,"Expenditure transactions record ₹50,000.00 disbursed, but master amount_disbursed is unpopulated."
WS/MP478/2025-2026/270940,TX_EARLY_STAGE_HIGH_EXP,transaction_pattern,Moderate,30,99.3% spent during 'Vendor Identification',>= 75% expenditure in preliminary status,"99.3% of sanctioned budget is represented by expenditure transactions (₹298,004.00) while project status remains officially in 'Vendor Identification'."
WS/MP478/2025-2026/270940,LIFE_STATUS_DISCONNECT,lifecycle_execution,Moderate,25,"Status: Vendor Identification, Exp: 99.3%",Substantial financial execution prior to execution milestone,Complete or near-complete financial disbursement precedes formal physical execution milestones (Status: 'Vendor Identification').
WS/MP478/2025-2026/270940,DQ_DISBURSEMENT_RECONCILIATION_GAP,data_quality,Moderate,25,"Disb: None, Exp: 298004.0",Transaction expenditure without master disbursement OR completed without disbursement OR > 5% mismatch,"Expenditure transactions record ₹298,004.00 disbursed, but master amount_disbursed is unpopulated."
WS/MP477/2026-2027/274252,TX_SLICING_HIGH,transaction_pattern,Moderate,20,7,>= 6 transactions,Expenditure is fragmented across 7 separate payment transactions (P95 percentile).
WS/MP477/2026-2027/274252,TX_VENDOR_SPRAWL_HIGH,transaction_pattern,Moderate,20,7,>= 3 vendors,Expenditure is disbursed across 7 distinct contracting entities (P90 percentile).
WS/MP477/2026-2027/274252,TX_EARLY_STAGE_HIGH_EXP,transaction_pattern,Moderate,30,99.7% spent during 'Vendor Identification',>= 75% expenditure in preliminary status,"99.7% of sanctioned budget is represented by expenditure transactions (₹99,723.00) while project status remains officially in 'Vendor Identification'."
WS/MP477/2026-2027/274252,LIFE_STATUS_DISCONNECT,lifecycle_execution,Moderate,25,"Status: Vendor Identification, Exp: 99.7%",Substantial financial execution prior to execution milestone,Complete or near-complete financial disbursement precedes formal physical execution milestones (Status: 'Vendor Identification').
WS/MP477/2026-2027/274252,DQ_DISBURSEMENT_RECONCILIATION_GAP,data_quality,Moderate,25,"Disb: None, Exp: 99723.0",Transaction expenditure without master disbursement OR completed without disbursement OR > 5% mismatch,"Expenditure transactions record ₹99,723.00 disbursed, but master amount_disbursed is unpopulated."
WS/MP478/2025-2026/210228,DQ_DISBURSEMENT_RECONCILIATION_GAP,data_quality,Moderate,25,"Disb: None, Exp: 184669.0",Transaction expenditure without master disbursement OR completed without disbursement OR > 5% mismatch,"Expenditure transactions record ₹184,669.00 disbursed, but master amount_disbursed is unpopulated."
WS/MP021/2026-2027/262617,DQ_DISBURSEMENT_RECONCILIATION_GAP,data_quality,Moderate,25,"Disb: None, Exp: 100000.0",Transaction expenditure without master disbursement OR completed without disbursement OR > 5% mismatch,"Expenditure transactions record ₹100,000.00 disbursed, but master amount_disbursed is unpopulated."
WS/MP478/2025-2026/154215,TX_VENDOR_SPRAWL_HIGH,transaction_pattern,Moderate,20,5,>= 3 vendors,Expenditure is disbursed across 5 distinct contracting entities (P90 percentile).
WS/MP477/2026-2027/274288,TX_SLICING_HIGH,transaction_pattern,Moderate,20,8,>= 6 transactions,Expenditure is fragmented across 8 separate payment transactions (P95 percentile).
WS/MP477/2026-2027/274288,TX_VENDOR_SPRAWL_EXTREME,transaction_pattern,High,35,8,>= 8 vendors,Expenditure is disbursed across 8 distinct contracting entities for this work (top 1% percentile).
WS/MP477/2026-2027/274288,TX_EARLY_STAGE_HIGH_EXP,transaction_pattern,Moderate,30,94.1% spent during 'Vendor Identification',>= 75% expenditure in preliminary status,"94.1% of sanctioned budget is represented by expenditure transactions (₹188,109.00) while project status remains officially in 'Vendor Identification'."
WS/MP477/2026-2027/274288,LIFE_STATUS_DISCONNECT,lifecycle_execution,Moderate,25,"Status: Vendor Identification, Exp: 94.1%",Substantial financial execution prior to execution milestone,Complete or near-complete financial disbursement precedes formal physical execution milestones (Status: 'Vendor Identification').
WS/MP477/2026-2027/274288,DQ_DISBURSEMENT_RECONCILIATION_GAP,data_quality,Moderate,25,"Disb: None, Exp: 188109.0",Transaction expenditure without master disbursement OR completed without disbursement OR > 5% mismatch,"Expenditure transactions record ₹188,109.00 disbursed, but master amount_disbursed is unpopulated."
WS/MP021/2025-2026/204392,TX_EARLY_STAGE_HIGH_EXP,transaction_pattern,Moderate,30,93.9% spent during 'Vendor Identification',>= 75% expenditure in preliminary status,"93.9% of sanctioned budget is represented by expenditure transactions (₹469,272.00) while project status remains officially in 'Vendor Identification'."
WS/MP021/2025-2026/204392,LIFE_STATUS_DISCONNECT,lifecycle_execution,Moderate,25,"Status: Vendor Identification, Exp: 93.9%",Substantial financial execution prior to execution milestone,Complete or near-complete financial disbursement precedes formal physical execution milestones (Status: 'Vendor Identification').
WS/MP021/2025-2026/204392,DQ_DISBURSEMENT_RECONCILIATION_GAP,data_quality,Moderate,25,"Disb: None, Exp: 469272.0",Transaction expenditure without master disbursement OR completed without disbursement OR > 5% mismatch,"Expenditure transactions record ₹469,272.00 disbursed, but master amount_disbursed is unpopulated."
WS/MP478/2026-2027/192775,LIFE_SEVERE_DELAY_SANCTION,lifecycle_execution,Moderate,20,465 days,> 323 days,Sanction required 465 days from recommendation date (P95 threshold).
WS/MP021/2025-2026/252341,DQ_DISBURSEMENT_RECONCILIATION_GAP,data_quality,Moderate,25,"Disb: None, Exp: 499436.0",Transaction expenditure without master disbursement OR completed without disbursement OR > 5% mismatch,"Expenditure transactions record ₹499,436.00 disbursed, but master amount_disbursed is unpopulated."
WS/MP477/2026-2027/290927,DQ_DISBURSEMENT_RECONCILIATION_GAP,data_quality,Moderate,25,"Disb: None, Exp: 267100.0",Transaction expenditure without master disbursement OR completed without disbursement OR > 5% mismatch,"Expenditure transactions record ₹267,100.00 disbursed, but master amount_disbursed is unpopulated."
WS/MP478/2026-2027/277486,DQ_DISBURSEMENT_RECONCILIATION_GAP,data_quality,Moderate,25,"Disb: None, Exp: 249325.0",Transaction expenditure without master disbursement OR completed without disbursement OR > 5% mismatch,"Expenditure transactions record ₹249,325.00 disbursed, but master amount_disbursed is unpopulated."
WS/MP478/2024-2025/154259,TX_SLICING_HIGH,transaction_pattern,Moderate,20,12,>= 6 transactions,Expenditure is fragmented across 12 separate payment transactions (P95 percentile).
WS/MP478/2024-2025/154259,TX_VENDOR_SPRAWL_HIGH,transaction_pattern,Moderate,20,7,>= 3 vendors,Expenditure is disbursed across 7 distinct contracting entities (P90 percentile).
WS/MP478/2024-2025/154259,LIFE_SEVERE_DELAY_COMP,lifecycle_execution,Moderate,25,533 days,> 477 days,Completion required 533 days from recommendation date (P95 threshold).
WS/MP021/2025-2026/208920,DQ_DISBURSEMENT_RECONCILIATION_GAP,data_quality,Moderate,25,"Disb: None, Exp: 187017.0",Transaction expenditure without master disbursement OR completed without disbursement OR > 5% mismatch,"Expenditure transactions record ₹187,017.00 disbursed, but master amount_disbursed is unpopulated."
WS/MP477/2026-2027/274283,TX_SLICING_HIGH,transaction_pattern,Moderate,20,6,>= 6 transactions,Expenditure is fragmented across 6 separate payment transactions (P95 percentile).
WS/MP477/2026-2027/274283,TX_VENDOR_SPRAWL_HIGH,transaction_pattern,Moderate,20,6,>= 3 vendors,Expenditure is disbursed across 6 distinct contracting entities (P90 percentile).
WS/MP477/2026-2027/274283,DQ_DISBURSEMENT_RECONCILIATION_GAP,data_quality,Moderate,25,"Disb: None, Exp: 72572.0",Transaction expenditure without master disbursement OR completed without disbursement OR > 5% mismatch,"Expenditure transactions record ₹72,572.00 disbursed, but master amount_disbursed is unpopulated."
WS/MP478/2025-2026/243380,TX_EARLY_STAGE_HIGH_EXP,transaction_pattern,Moderate,30,87.9% spent during 'Vendor Identification',>= 75% expenditure in preliminary status,"87.9% of sanctioned budget is represented by expenditure transactions (₹878,946.00) while project status remains officially in 'Vendor Identification'."
WS/MP478/2025-2026/243380,LIFE_STATUS_DISCONNECT,lifecycle_execution,Moderate,25,"Status: Vendor Identification, Exp: 87.9%",Substantial financial execution prior to execution milestone,Complete or near-complete financial disbursement precedes formal physical execution milestones (Status: 'Vendor Identification').
WS/MP478/2025-2026/243380,DQ_DISBURSEMENT_RECONCILIATION_GAP,data_quality,Moderate,25,"Disb: None, Exp: 878946.0",Transaction expenditure without master disbursement OR completed without disbursement OR > 5% mismatch,"Expenditure transactions record ₹878,946.00 disbursed, but master amount_disbursed is unpopulated."
WS/MP021/2025-2026/254814,TX_EARLY_STAGE_HIGH_EXP,transaction_pattern,Moderate,30,97.9% spent during 'Vendor Identification',>= 75% expenditure in preliminary status,"97.9% of sanctioned budget is represented by expenditure transactions (₹293,761.00) while project status remains officially in 'Vendor Identification'."
WS/MP021/2025-2026/254814,LIFE_STATUS_DISCONNECT,lifecycle_execution,Moderate,25,"Status: Vendor Identification, Exp: 97.9%",Substantial financial execution prior to execution milestone,Complete or near-complete financial disbursement precedes formal physical execution milestones (Status: 'Vendor Identification').
WS/MP021/2025-2026/254814,DQ_DISBURSEMENT_RECONCILIATION_GAP,data_quality,Moderate,25,"Disb: None, Exp: 293761.0",Transaction expenditure without master disbursement OR completed without disbursement OR > 5% mismatch,"Expenditure transactions record ₹293,761.00 disbursed, but master amount_disbursed is unpopulated."
WS/MP021/2025-2026/177240,TX_SLICING_HIGH,transaction_pattern,Moderate,20,9,>= 6 transactions,Expenditure is fragmented across 9 separate payment transactions (P95 percentile).
WS/MP021/2025-2026/177240,TX_VENDOR_SPRAWL_EXTREME,transaction_pattern,High,35,9,>= 8 vendors,Expenditure is disbursed across 9 distinct contracting entities for this work (top 1% percentile).
WS/MP021/2025-2026/177240,DQ_DISBURSEMENT_RECONCILIATION_GAP,data_quality,Moderate,25,"Disb: None, Exp: 249252.0",Transaction expenditure without master disbursement OR completed without disbursement OR > 5% mismatch,"Expenditure transactions record ₹249,252.00 disbursed, but master amount_disbursed is unpopulated."
