work_id,lok_sabha,state,constituency,mp_name,work_category,work,work_description,ida,recommended_date,recommended_amount,sanction_date,sanction_amount,work_status,completion_date,amount_disbursed,data_notes
WS/MP524/2026-2027/290140,,Andhra Pradesh,RAJAMPET,Midhun Reddy,Normal/Others,"Construction of roads, link roads, pathways or any other road with or without drainage system",Laying of CC Road from Sukur Theater to Hare Rama Hare Krishan Temple Road in Piler GP,Annamayya(DISTRICT COLLECTOR ANNAMAYYA_IDA),,,2026-07-24,300000.0,Sanction,,,No matching Work_ID found in Works Recommended source (Recommended sheet uses a different Work_ID numbering series with zero overlap against Works Sanctioned)
WS/MP524/2024-2025/151568,,Andhra Pradesh,RAJAMPET,Midhun Reddy,Normal/Others,Installing tube-wells and borewells,"Providing Borewell in Nayunivaripalli (V), Jogivaripalli (G.P)",CHITTOOR(DISTRICT COLLECTOR CHITTOOR_IDA),,,2024-11-27,180000.0,Work partially Completed,,,No matching Work_ID found in Works Recommended source (Recommended sheet uses a different Work_ID numbering series with zero overlap against Works Sanctioned)
WS/MP524/2025-2026/215336,,Andhra Pradesh,RAJAMPET,Midhun Reddy,Normal/Others,"Construction of roads, link roads, pathways or any other road with or without drainage system",Construction of Pipe Culvert and Approach Roads in Vontimitta Village and GP,Y.S.R. Kadapa(DISTRICT COLLECTOR CUDDAPAH_IDA),,,2025-12-24,500000.0,Vendor Identification,,,No matching Work_ID found in Works Recommended source (Recommended sheet uses a different Work_ID numbering series with zero overlap against Works Sanctioned)
WS/MP524/2024-2025/168911,,Andhra Pradesh,RAJAMPET,Midhun Reddy,Normal/Others,Installing tube-wells and borewells,"Providing Borewell at Cheekalachenu, Moravapalli (G.P)",CHITTOOR(DISTRICT COLLECTOR CHITTOOR_IDA),,,2025-02-10,194855.0,Physical Inspection,2025-03-24,194855.0,No matching Work_ID found in Works Recommended source (Recommended sheet uses a different Work_ID numbering series with zero overlap against Works Sanctioned)
WS/MP524/2026-2027/271392,,Andhra Pradesh,RAJAMPET,Midhun Reddy,Normal/Others,"Purchase of prosthetics, wheel chairs, tricycles (manual or motorized), elect scooties, hearing aids","Providing Battery Tri Motorised Scooters to Balireddigari Naveen, Kothapalli, Pandillapalli",CHITTOOR(DISTRICT COLLECTOR CHITTOOR_IDA),,,2026-04-09,90000.0,Work Completed,2026-04-25,90000.0,No matching Work_ID found in Works Recommended source (Recommended sheet uses a different Work_ID numbering series with zero overlap against Works Sanctioned)
WS/MP524/2026-2027/290176,,Andhra Pradesh,RAJAMPET,Midhun Reddy,Normal/Others,Construction of community centers and community halls,"Construction of Community Hall in Malreddigaripalli, Jaravaripalli GP",Annamayya(DISTRICT COLLECTOR ANNAMAYYA_IDA),,,2026-07-24,500000.0,Sanction,,,No matching Work_ID found in Works Recommended source (Recommended sheet uses a different Work_ID numbering series with zero overlap against Works Sanctioned)
WS/MP524/2025-2026/271486,,Andhra Pradesh,RAJAMPET,Midhun Reddy,Normal/Others,"Construction of roads, link roads, pathways or any other road with or without drainage system",Providing Internal CC Road From R and B Road to Old Sub Center Hospital in AG Palli Village and GP,Annamayya(DISTRICT COLLECTOR ANNAMAYYA_IDA),,,2026-03-28,500000.0,Work partially Completed,,,No matching Work_ID found in Works Recommended source (Recommended sheet uses a different Work_ID numbering series with zero overlap against Works Sanctioned)
WS/MP524/2025-2026/194131,,Andhra Pradesh,RAJAMPET,Midhun Reddy,Normal/Others,Construction of community centers and community halls,Construction of Community Hall Near Mosque Jandrapeta Sdoum,CHITTOOR(DISTRICT COLLECTOR CHITTOOR_IDA),,,2025-06-04,500000.0,Vendor Identification,,,No matching Work_ID found in Works Recommended source (Recommended sheet uses a different Work_ID numbering series with zero overlap against Works Sanctioned)
WS/MP524/2024-2025/170461,,Andhra Pradesh,RAJAMPET,Midhun Reddy,Normal/Others,Providing supply pipelines for drinking water,"Providing Pipeline from Borewell to New OHSR Tank in Bayyareddigaripalli (V), Rayavaripalli (G.P)",CHITTOOR(DISTRICT COLLECTOR CHITTOOR_IDA),,,2025-02-10,268015.0,Physical Inspection,2026-01-01,268015.0,No matching Work_ID found in Works Recommended source (Recommended sheet uses a different Work_ID numbering series with zero overlap against Works Sanctioned)
WS/MP529/2024-2025/161711,,Andhra Pradesh,TIRUPATI(SC),Maddila Gurumoorthy,Normal/Others,Improvement of electricity distribution infrastructure,"Providing of Electricity distribution infrastructure to TK Puram AAW Mudiyur Gram Panchayat, Pichatur Mandal.",Tirupati(DISTRICT COLLECTOR TIRUPATI_IDA),,,2025-02-06,138000.0,Vendor Identification,,,No matching Work_ID found in Works Recommended source (Recommended sheet uses a different Work_ID numbering series with zero overlap against Works Sanctioned)
WS/MP529/2025-2026/208021,,Andhra Pradesh,TIRUPATI(SC),Maddila Gurumoorthy,Normal/Others,"Construction of roads, link roads, pathways or any other road with or without drainage system",Providing CC Road from Siddavaram Village to Burial ground at Siddavaram GP of Venkatagiri Mandal.,Tirupati(DISTRICT COLLECTOR TIRUPATI_IDA),,,2025-07-28,485616.0,Physical Inspection,2026-01-01,485616.0,No matching Work_ID found in Works Recommended source (Recommended sheet uses a different Work_ID numbering series with zero overlap against Works Sanctioned)
WS/MP529/2026-2027/286846,,Andhra Pradesh,TIRUPATI(SC),Maddila Gurumoorthy,Normal/Others,Providing drains and gutters for public drainage,Construction of CC Drain from Chemudugunta Brahmaiah House to Budda Kaluva Drain at Epur GP of Muthukur Mandal.,Sri Potti Sriramulu Nellore(DISTRICT COLLECTOR NELLORE_IDA),,,2026-07-29,1600000.0,Sanction,,,No matching Work_ID found in Works Recommended source (Recommended sheet uses a different Work_ID numbering series with zero overlap against Works Sanctioned)
WS/MP529/2025-2026/236642,,Andhra Pradesh,TIRUPATI(SC),Maddila Gurumoorthy,Repair and Renovation,Construction of rooms and halls in school and colleges,Maintenance and special repairs to HOD Quarters-2 converted into AP Hamsa Building (Andhra Pradesh Helath Administration Medical Services Association) in the campus of SV Medical College Tirupati.,Tirupati(DISTRICT COLLECTOR TIRUPATI_IDA),,,2025-12-20,1000000.0,Time Estimation,,,No matching Work_ID found in Works Recommended source (Recommended sheet uses a different Work_ID numbering series with zero overlap against Works Sanctioned)
WS/MP529/2025-2026/199548,,Andhra Pradesh,TIRUPATI(SC),Maddila Gurumoorthy,Normal/Others,"Construction of roads, link roads, pathways or any other road with or without drainage system",Construction of CC open drain with cover slab from Mekapilla Ramagarao house to mekapilla veera raghavulu house at Akkurthy HW Ho Akkurthy GP in Srikalahasthi Mandal.,Tirupati(DISTRICT COLLECTOR TIRUPATI_IDA),,,2025-07-03,300000.0,Work partially Completed,,,No matching Work_ID found in Works Recommended source (Recommended sheet uses a different Work_ID numbering series with zero overlap against Works Sanctioned)
WS/MP529/2025-2026/208634,,Andhra Pradesh,TIRUPATI(SC),Maddila Gurumoorthy,Normal/Others,"Construction of roads, link roads, pathways or any other road with or without drainage system",Construction of Internal CC Road from T.Subbamma House to Samaiah House at Santhavellore ST Colony in Santhavellore GP of Varadaiahpalem Mandal.,Tirupati(DISTRICT COLLECTOR TIRUPATI_IDA),,,2025-07-14,500000.0,Work Completed,2026-04-09,497962.0,No matching Work_ID found in Works Recommended source (Recommended sheet uses a different Work_ID numbering series with zero overlap against Works Sanctioned)
WS/MP529/2024-2025/161704,,Andhra Pradesh,TIRUPATI(SC),Maddila Gurumoorthy,Normal/Others,Improvement of electricity distribution infrastructure,"Providing of Electricity distribution infrastructure to Chenchuraaju Kandriga Village, Ramapuram Village, Pichatur Mandal.",Tirupati(DISTRICT COLLECTOR TIRUPATI_IDA),,,2025-02-06,424000.0,Vendor Identification,,,No matching Work_ID found in Works Recommended source (Recommended sheet uses a different Work_ID numbering series with zero overlap against Works Sanctioned)
WS/MP529/2024-2025/157360,,Andhra Pradesh,TIRUPATI(SC),Maddila Gurumoorthy,Repair and Renovation,Construction of toilet blocks,"Repairs to Toilet Blocks, Dr. B.R. Ambedkar Gurukulam for boys at Kota in Kota Mandal.",Tirupati(DISTRICT COLLECTOR TIRUPATI_IDA),,,2025-01-16,1211245.0,Physical Inspection,2025-07-04,1211245.0,No matching Work_ID found in Works Recommended source (Recommended sheet uses a different Work_ID numbering series with zero overlap against Works Sanctioned)
WS/MP529/2024-2025/161721,,Andhra Pradesh,TIRUPATI(SC),Maddila Gurumoorthy,Normal/Others,Street lights,Providing street lights and fixtures at Mallavaari Palyam West in Satyavedu Mandal.,Tirupati(DISTRICT COLLECTOR TIRUPATI_IDA),,,2025-02-28,80000.0,Sanction,,,No matching Work_ID found in Works Recommended source (Recommended sheet uses a different Work_ID numbering series with zero overlap against Works Sanctioned)
WS/MP526/2025-2026/257274,,Andhra Pradesh,KADAPA,Y S Avinash Reddy,Normal/Others,Construction of buildings for community cultural activities,"Construction of slab for community hall, at Aklisha penthu kost sangam, Prakash Nagar, D No 43 42 in 14th Division of Kadapa MC",Y.S.R. Kadapa(DISTRICT COLLECTOR CUDDAPAH_IDA),,,2026-02-11,200000.0,Work Completed,2026-05-05,199285.0,No matching Work_ID found in Works Recommended source (Recommended sheet uses a different Work_ID numbering series with zero overlap against Works Sanctioned)
WS/MP526/2026-2027/275157,,Andhra Pradesh,KADAPA,Y S Avinash Reddy,Normal/Others,"Construction of roads, link roads, pathways or any other road with or without drainage system",Formation of Grovel Road From Makam Saidappa Fields to Patthi SEshareddy Fields in Thalapanuru (V)V.N.palli mandal,Y.S.R. Kadapa(DISTRICT COLLECTOR CUDDAPAH_IDA),,,2026-07-03,300000.0,Sanction,,,No matching Work_ID found in Works Recommended source (Recommended sheet uses a different Work_ID numbering series with zero overlap against Works Sanctioned)
WS/MP526/2025-2026/166421,,Andhra Pradesh,KADAPA,Y S Avinash Reddy,Normal/Others,"Construction of roads, link roads, pathways or any other road with or without drainage system",Jungle clearence and Formation of gravel road from BMA road to Ankalamma temple in Kamasamudram GP of atlur Mandal,Y.S.R. Kadapa(DISTRICT COLLECTOR CUDDAPAH_IDA),,,2025-10-15,200000.0,Physical Inspection,,,No matching Work_ID found in Works Recommended source (Recommended sheet uses a different Work_ID numbering series with zero overlap against Works Sanctioned)
WS/MP526/2025-2026/258214,,Andhra Pradesh,KADAPA,Y S Avinash Reddy,Normal/Others,"Construction of roads, link roads, pathways or any other road with or without drainage system","Providing CC Drain and CC Road from D No 58 384 15 6 to D No 58 398 4 1 beside Anjaneyaswamy Temple street, in 40th Division of Kadapa MC",Y.S.R. Kadapa(DISTRICT COLLECTOR CUDDAPAH_IDA),,,2026-02-11,600000.0,Work partially Completed,,,No matching Work_ID found in Works Recommended source (Recommended sheet uses a different Work_ID numbering series with zero overlap against Works Sanctioned)
WS/MP526/2025-2026/191640,,Andhra Pradesh,KADAPA,Y S Avinash Reddy,Normal/Others,Construction of community centers and community halls,"Construction of Arch to Housing Colony at Balapanur Village, Simhadripuram Mandal, YSR District",Y.S.R. Kadapa(DISTRICT COLLECTOR CUDDAPAH_IDA),,,2025-12-31,499000.0,Vendor Identification,,,No matching Work_ID found in Works Recommended source (Recommended sheet uses a different Work_ID numbering series with zero overlap against Works Sanctioned)
WS/MP526/2025-2026/224355,,Andhra Pradesh,KADAPA,Y S Avinash Reddy,Normal/Others,Construction of buildings for community cultural activities,"Construction of Slab for Snehitha Amrutha Hastham Seva Samithi at Pulivendula Town,1st ward, YSR District",Y.S.R. Kadapa(DISTRICT COLLECTOR CUDDAPAH_IDA),,,2025-12-31,400000.0,Work Completed,2026-03-05,393899.0,No matching Work_ID found in Works Recommended source (Recommended sheet uses a different Work_ID numbering series with zero overlap against Works Sanctioned)
WS/MP526/2026-2027/258199,,Andhra Pradesh,KADAPA,Y S Avinash Reddy,Normal/Others,Construction of public irrigation facilities,Providing CC Drain Strecth-1 in Murarichintala Village of Lingala Mandal,Y.S.R. Kadapa(DISTRICT COLLECTOR CUDDAPAH_IDA),,,2026-05-15,495000.0,Sanction,,,No matching Work_ID found in Works Recommended source (Recommended sheet uses a different Work_ID numbering series with zero overlap against Works Sanctioned)
WS/MP526/2024-2025/147538,,Andhra Pradesh,KADAPA,Y S Avinash Reddy,Normal/Others,Crematoriums/energy efficient crematoriums or structures on burial/cremation ground,Providing side slope protection for Burial Ground side of Bridge approaches on Alireddypalli side at Vempalli mandal,Y.S.R. Kadapa(DISTRICT COLLECTOR CUDDAPAH_IDA),,,2024-11-18,498966.0,Physical Inspection,2025-04-22,498966.0,No matching Work_ID found in Works Recommended source (Recommended sheet uses a different Work_ID numbering series with zero overlap against Works Sanctioned)
WS/MP526/2026-2027/282554,,Andhra Pradesh,KADAPA,Y S Avinash Reddy,Normal/Others,"Construction of roads, link roads, pathways or any other road with or without drainage system",Formation of Grovel Road From Village Main Road to S.C.Colony of Chinnamachupalli (v) 50 th Division Municipal Corporation Kadapa.,Y.S.R. Kadapa(DISTRICT COLLECTOR CUDDAPAH_IDA),,,2026-08-18,400000.0,Work partially Completed,,,No matching Work_ID found in Works Recommended source (Recommended sheet uses a different Work_ID numbering series with zero overlap against Works Sanctioned)
WS/MP522/2024-2025/163222,,Andhra Pradesh,SRIKAKULAM,Kinjarapu Ram Mohan Naidu,Normal/Others,Crematoriums/energy efficient crematoriums or structures on burial/cremation ground,"Construction of Burial Ground shed, Burning Cot etc. at Gedelavanipeta, 4th Ward, Amadalavalasa Municipality",SRIKAKULAM(District Collector Srikakulam_IDA),,,2025-03-29,1000000.0,Physical Inspection,,,No matching Work_ID found in Works Recommended source (Recommended sheet uses a different Work_ID numbering series with zero overlap against Works Sanctioned)
WS/MP522/2025-2026/253887,,Andhra Pradesh,SRIKAKULAM,Kinjarapu Ram Mohan Naidu,Normal/Others,Construction of bus-sheds or bus-stops,Construction of Bus Shelter in Anakapalli village of Cheepurupalli GP of Vajrapukothuru mandal,SRIKAKULAM(District Collector Srikakulam_IDA),,,2026-02-03,400000.0,Work partially Completed,,,No matching Work_ID found in Works Recommended source (Recommended sheet uses a different Work_ID numbering series with zero overlap against Works Sanctioned)
WS/MP522/2025-2026/251430,,Andhra Pradesh,SRIKAKULAM,Kinjarapu Ram Mohan Naidu,Normal/Others,Improvement of electricity distribution infrastructure,"Providing Electrical Poles and Line in Madhura Sastrulapeta (Chettuvanipeta), Peddapdu GP of Srikakulam mandal",SRIKAKULAM(District Collector Srikakulam_IDA),,,2026-01-19,500000.0,Vendor Identification,,,No matching Work_ID found in Works Recommended source (Recommended sheet uses a different Work_ID numbering series with zero overlap against Works Sanctioned)
WS/MP522/2025-2026/260868,,Andhra Pradesh,SRIKAKULAM,Kinjarapu Ram Mohan Naidu,Normal/Others,Construction of community centers and community halls,"Construction of community hall in SC Street, Nagarikatakam village of Jalumuru mandal",SRIKAKULAM(District Collector Srikakulam_IDA),,,2026-03-02,1100000.0,Sanction,,,No matching Work_ID found in Works Recommended source (Recommended sheet uses a different Work_ID numbering series with zero overlap against Works Sanctioned)
WS/MP522/2025-2026/260681,,Andhra Pradesh,SRIKAKULAM,Kinjarapu Ram Mohan Naidu,Normal/Others,Improvement of electricity distribution infrastructure,"Providing 1. Addl. Electrical Poles and Line in Chinnikrishna Nagar, Mettakkivalasa in Ward No.11, 2. Addl. Electrical Poles and Line in Doctors Colony, Chintada in Ward No.7 and 3.Addl. Electrical Poles and Line in Seetharama Quarters in Ward No.9 of Amadalavalasa Municipality Limits",SRIKAKULAM(District Collector Srikakulam_IDA),,,2026-02-12,320000.0,Work Completed,2026-04-20,315308.0,No matching Work_ID found in Works Recommended source (Recommended sheet uses a different Work_ID numbering series with zero overlap against Works Sanctioned)
WS/MP522/2025-2026/251446,,Andhra Pradesh,SRIKAKULAM,Kinjarapu Ram Mohan Naidu,Normal/Others,Construction of bus-sheds or bus-stops,Construction of Bus Shelter building at Vaddinavalasa village of Saravakota mandal,SRIKAKULAM(District Collector Srikakulam_IDA),,,2025-12-23,900000.0,Time Estimation,,,No matching Work_ID found in Works Recommended source (Recommended sheet uses a different Work_ID numbering series with zero overlap against Works Sanctioned)
WS/MP522/2025-2026/168684,,Andhra Pradesh,SRIKAKULAM,Kinjarapu Ram Mohan Naidu,Normal/Others,Construction of community centers and community halls,Construction of Community Mandapam at Nelavanka Village of Nelavanka GP of Kaviti mandal,SRIKAKULAM(District Collector Srikakulam_IDA),,,2025-04-02,493889.0,Physical Inspection,2025-08-12,493889.0,No matching Work_ID found in Works Recommended source (Recommended sheet uses a different Work_ID numbering series with zero overlap against Works Sanctioned)
WS/MP522/2025-2026/253903,,Andhra Pradesh,SRIKAKULAM,Kinjarapu Ram Mohan Naidu,Normal/Others,Installing tube-wells and borewells,"Providing Bore well with Motor in BC Colony in Sondipudi village and GP, Mandasa mandal",SRIKAKULAM(District Collector Srikakulam_IDA),,,2026-02-18,300000.0,Work partially Completed,,,No matching Work_ID found in Works Recommended source (Recommended sheet uses a different Work_ID numbering series with zero overlap against Works Sanctioned)
WS/MP522/2025-2026/260702,,Andhra Pradesh,SRIKAKULAM,Kinjarapu Ram Mohan Naidu,Normal/Others,Improvement of electricity distribution infrastructure,"Providing Addl. Electrical Poles and Line from Kalivaram to Korlakota in Kalivaram GP, Amadalavalasa mandal",SRIKAKULAM(District Collector Srikakulam_IDA),,,2026-02-12,820000.0,Vendor Identification,,,No matching Work_ID found in Works Recommended source (Recommended sheet uses a different Work_ID numbering series with zero overlap against Works Sanctioned)
WS/MP18351/2025-2026/161796,,Andhra Pradesh,NANDYAL,DR BYREDDY SHABARI,Normal/Others,"Construction of roads, link roads, pathways or any other road with or without drainage system","4. Development of CC Road from Chakali Anjaneyudu House to Pinjari Moulali House in Chinnatekur Village, Kallur Mandal Enhancing intra-village connectivity and improving access for local residents, promoting ease of travel",KURNOOL(DISTRICT COLLECTOR KURNOOL_IDA),,,2025-06-24,500000.0,Work partially Completed,,,No matching Work_ID found in Works Recommended source (Recommended sheet uses a different Work_ID numbering series with zero overlap against Works Sanctioned)
WS/MP18351/2025-2026/268256,,Andhra Pradesh,NANDYAL,DR BYREDDY SHABARI,Normal/Others,Providing supply pipelines for drinking water,"construction and installation of pipeline connecting new borewell to Ro Drinking water plant at Laxmapuram village,Pagidyala mandal",Nandyal(DISTRICT COLLECTOR NANDYAL_IDA),,,2026-02-24,170000.0,Vendor Identification,,,No matching Work_ID found in Works Recommended source (Recommended sheet uses a different Work_ID numbering series with zero overlap against Works Sanctioned)
WS/MP18351/2024-2025/160328,,Andhra Pradesh,NANDYAL,DR BYREDDY SHABARI,Normal/Others,"Construction of roads, link roads, pathways or any other road with or without drainage system",Providing CC Road along with Drains from Dongu rastha Laddu Basha(h) to Achari (H) in Panyam (v) of Panyam(m),Nandyal(DISTRICT COLLECTOR NANDYAL_IDA),,,2025-02-13,499999.0,Physical Inspection,2025-07-15,499999.0,No matching Work_ID found in Works Recommended source (Recommended sheet uses a different Work_ID numbering series with zero overlap against Works Sanctioned)
WS/MP18351/2026-2027/277981,,Andhra Pradesh,NANDYAL,DR BYREDDY SHABARI,Normal/Others,"Construction of roads, link roads, pathways or any other road with or without drainage system","Construction of Cement Concrete (CC) Road from ZPHS School to Main Road at Maddur Village, Panyam Mandal, Nandyal District under MPLADS",Nandyal(DISTRICT COLLECTOR NANDYAL_IDA),,,2026-05-13,500000.0,Sanction,,,No matching Work_ID found in Works Recommended source (Recommended sheet uses a different Work_ID numbering series with zero overlap against Works Sanctioned)
WS/MP18351/2026-2027/272186,,Andhra Pradesh,NANDYAL,DR BYREDDY SHABARI,Normal/Others,"Construction of roads, link roads, pathways or any other road with or without drainage system","Providing Cement Concrete (CC) Road in BC Colony from Bala Sunkanna (H) to S. Fakrur Basha (H) at Panyam Village, Panyam Mandal, Nandyal District.",Nandyal(DISTRICT COLLECTOR NANDYAL_IDA),,,2026-04-02,500000.0,Work partially Completed,,,No matching Work_ID found in Works Recommended source (Recommended sheet uses a different Work_ID numbering series with zero overlap against Works Sanctioned)
WS/MP18351/2024-2025/160288,,Andhra Pradesh,NANDYAL,DR BYREDDY SHABARI,Normal/Others,"Construction of roads, link roads, pathways or any other road with or without drainage system",CC Road along with Drains from Masjid to Saibaba temple in Tarigopula(v) of J.Bunglow(M),Nandyal(DISTRICT COLLECTOR NANDYAL_IDA),,,2025-02-13,500000.0,Vendor Identification,,,No matching Work_ID found in Works Recommended source (Recommended sheet uses a different Work_ID numbering series with zero overlap against Works Sanctioned)
WS/MP18351/2024-2025/158268,,Andhra Pradesh,NANDYAL,DR BYREDDY SHABARI,Normal/Others,Installing community drinking water plants,"Establishment of a Mineral Water Plant in Ward No. 24, Kummariveedhi, Nandikotkur Municipality, to provide access to clean and safe drinking water for the local residents.",Nandyal(DISTRICT COLLECTOR NANDYAL_IDA),,,2025-03-03,498864.0,Physical Inspection,2025-12-04,498864.0,No matching Work_ID found in Works Recommended source (Recommended sheet uses a different Work_ID numbering series with zero overlap against Works Sanctioned)
WS/MP18351/2026-2027/258490,,Andhra Pradesh,NANDYAL,DR BYREDDY SHABARI,Normal/Others,Installing community drinking water plants,"Providing and installation of 500 LPH capacity Water Purification Plant with necessary accessories at S C P B Zilla Parishad High School, Melluru Village, Biccavolu Mandal.","EAST GODAVARI(DISTRICT COLLECTOR, EAST GODAVARI)",,,2026-08-27,300000.0,Sanction,,,No matching Work_ID found in Works Recommended source (Recommended sheet uses a different Work_ID numbering series with zero overlap against Works Sanctioned)
WS/MP18351/2025-2026/195719,,Andhra Pradesh,NANDYAL,DR BYREDDY SHABARI,Normal/Others,Providing supply pipelines for drinking water,"The project aims to provide sustainable drinking water and three phase power supply to Janalagudem H O Erramatam GP, Kothapalli Mandal, Nandyal District. With a population of 112 relying on inadequate solar pump sets, the village faces acute water shortages due to depleting groundwater. The proposal includes a borewell, pump set, and pipeline network to ensure consistent and safe water supply.",Nandyal(DISTRICT COLLECTOR NANDYAL_IDA),,,2025-05-15,500000.0,Work partially Completed,,,No matching Work_ID found in Works Recommended source (Recommended sheet uses a different Work_ID numbering series with zero overlap against Works Sanctioned)
WS/MP18006/2025-2026/239472,,Andhra Pradesh,CHITTOOR,DAGGUMALLA PRASADA RAO,Normal/Others,Providing drains and gutters for public drainage,Construction of Under Drainage System at Obaiahgaripalli of Kalikiri GP in Penumuru Mandal GD Nellore.,CHITTOOR(DISTRICT COLLECTOR CHITTOOR_IDA),,,2025-10-31,499962.0,Physical Inspection,2026-04-03,499962.0,No matching Work_ID found in Works Recommended source (Recommended sheet uses a different Work_ID numbering series with zero overlap against Works Sanctioned)
WS/MP18006/2025-2026/243954,,Andhra Pradesh,CHITTOOR,DAGGUMALLA PRASADA RAO,Normal/Others,Construction of community centers and community halls,"Construction of Community Building at nellimandapalli Madiga Wada Village, Peraiahgaripalle GP in Irala Mandal of Puthalapattu Constituency.",CHITTOOR(DISTRICT COLLECTOR CHITTOOR_IDA),,,2025-11-14,500000.0,Work Completed,2026-05-11,497965.0,No matching Work_ID found in Works Recommended source (Recommended sheet uses a different Work_ID numbering series with zero overlap against Works Sanctioned)
WS/MP18006/2025-2026/243939,,Andhra Pradesh,CHITTOOR,DAGGUMALLA PRASADA RAO,Normal/Others,Crematoriums/energy efficient crematoriums or structures on burial/cremation ground,Construction of New Burial Ground Building at Ganganapalli 33rd Division in Chittoor Municipal Corporation.,CHITTOOR(DISTRICT COLLECTOR CHITTOOR_IDA),,,2026-01-23,1500000.0,Sanction,,,No matching Work_ID found in Works Recommended source (Recommended sheet uses a different Work_ID numbering series with zero overlap against Works Sanctioned)
WS/MP18006/2026-2027/270176,,Andhra Pradesh,CHITTOOR,DAGGUMALLA PRASADA RAO,Normal/Others,"Construction of roads, link roads, pathways or any other road with or without drainage system",Construction of CC road from Markondaiah House to Village End and Winding of approach Road at Venkatapauram at Venkatapuram HW Habitation of Gundlapalle in Irala Mandal.,CHITTOOR(DISTRICT COLLECTOR CHITTOOR_IDA),,,2026-04-08,490000.0,Work partially Completed,,,No matching Work_ID found in Works Recommended source (Recommended sheet uses a different Work_ID numbering series with zero overlap against Works Sanctioned)
WS/MP18006/2024-2025/141559,,Andhra Pradesh,CHITTOOR,DAGGUMALLA PRASADA RAO,Normal/Others,Crematoriums/energy efficient crematoriums or structures on burial/cremation ground,"Construction of Compound wall to Burial Ground at Anupalle GP, Chittoor Mandal",CHITTOOR(DISTRICT COLLECTOR CHITTOOR_IDA),,,2024-10-09,499000.0,Physical Inspection,2025-03-19,472922.0,No matching Work_ID found in Works Recommended source (Recommended sheet uses a different Work_ID numbering series with zero overlap against Works Sanctioned)
WS/MP18006/2024-2025/146763,,Andhra Pradesh,CHITTOOR,DAGGUMALLA PRASADA RAO,Normal/Others,Crematoriums/energy efficient crematoriums or structures on burial/cremation ground,Construction of Compound wall to SC Community Hall (Phase-II) at Mallanuru H/o. Mallanuru GP of Kuppam Mandal.,CHITTOOR(DISTRICT COLLECTOR CHITTOOR_IDA),,,2024-11-02,300000.0,Work Completed,2025-05-30,299768.0,No matching Work_ID found in Works Recommended source (Recommended sheet uses a different Work_ID numbering series with zero overlap against Works Sanctioned)
WS/MP18006/2026-2027/301133,,Andhra Pradesh,CHITTOOR,DAGGUMALLA PRASADA RAO,Normal/Others,Construction of culverts and bridges,Construction of Underground drainage from racha to R&B culvert at Jettigundalpalli habitation of Ugranampalli GP of Penumuru Mandal.,CHITTOOR(DISTRICT COLLECTOR CHITTOOR_IDA),,,2026-08-28,500000.0,Sanction,,,No matching Work_ID found in Works Recommended source (Recommended sheet uses a different Work_ID numbering series with zero overlap against Works Sanctioned)
WS/MP18006/2024-2025/135653,,Andhra Pradesh,CHITTOOR,DAGGUMALLA PRASADA RAO,Normal/Others,"Construction of roads, link roads, pathways or any other road with or without drainage system",Construction of CC Road from K. Ravindra Reddy House to Peddamittapalli Road at Chinnamittapalli Village in Nellepalli GP of GD Nelloore Mandal and Constituency.,CHITTOOR(DISTRICT COLLECTOR CHITTOOR_IDA),,,2024-08-23,500000.0,Work partially Completed,,,No matching Work_ID found in Works Recommended source (Recommended sheet uses a different Work_ID numbering series with zero overlap against Works Sanctioned)
WS/MP18006/2024-2025/146745,,Andhra Pradesh,CHITTOOR,DAGGUMALLA PRASADA RAO,Normal/Others,Installing tube-wells and borewells,Providing New Borewell at Pabbamchenu Mitta of Eguva Kamma Kandriga GP in SR Puram Mandal of GD Nellore Constituency.,CHITTOOR(DISTRICT COLLECTOR CHITTOOR_IDA),,,2024-10-28,185505.0,Physical Inspection,2025-02-05,185505.0,No matching Work_ID found in Works Recommended source (Recommended sheet uses a different Work_ID numbering series with zero overlap against Works Sanctioned)
WS/MP18003/2024-2025/172266,,Andhra Pradesh,ANANTAPUR,AMBICA G LAKSHMINARAYANA VALMIKI,Normal/Others,Construction of bus-sheds or bus-stops,"Providing Bus Shelter at Nemakal (V), Bommanhal (M)",Ananthapuramu(DISTRICT COLLECTOR ANANTAPUR_IDA),,,2025-03-11,500000.0,Sanction,,,No matching Work_ID found in Works Recommended source (Recommended sheet uses a different Work_ID numbering series with zero overlap against Works Sanctioned)
WS/MP18003/2025-2026/223858,,Andhra Pradesh,ANANTAPUR,AMBICA G LAKSHMINARAYANA VALMIKI,Repair and Renovation,Construction of community centers and community halls,"Completion of incomplete community hall Mamudur (V), Gooty mandal",Ananthapuramu(DISTRICT COLLECTOR ANANTAPUR_IDA),,,2025-10-22,500000.0,Vendor Identification,,,No matching Work_ID found in Works Recommended source (Recommended sheet uses a different Work_ID numbering series with zero overlap against Works Sanctioned)
WS/MP18003/2024-2025/157519,,Andhra Pradesh,ANANTAPUR,AMBICA G LAKSHMINARAYANA VALMIKI,Normal/Others,"Construction of roads, link roads, pathways or any other road with or without drainage system","Construction of CC road Hill Toe to Hill top at Sy.No.488-B, Mounagiri Temple at Hampapuram G.P. of Rapthadu Mandal",Ananthapuramu(DISTRICT COLLECTOR ANANTAPUR_IDA),,,2025-01-23,499976.0,Physical Inspection,2025-05-28,499976.0,No matching Work_ID found in Works Recommended source (Recommended sheet uses a different Work_ID numbering series with zero overlap against Works Sanctioned)
WS/MP18003/2024-2025/172281,,Andhra Pradesh,ANANTAPUR,AMBICA G LAKSHMINARAYANA VALMIKI,Normal/Others,Providing supply pipelines for drinking water,Providng of Pipeline from power bore well to Sathya sai sump in Pamidi penna river for Gooty municipality,Ananthapuramu(DISTRICT COLLECTOR ANANTAPUR_IDA),,,2025-03-05,1000000.0,Work Completed,2025-12-31,986904.0,No matching Work_ID found in Works Recommended source (Recommended sheet uses a different Work_ID numbering series with zero overlap against Works Sanctioned)
WS/MP18003/2025-2026/223865,,Andhra Pradesh,ANANTAPUR,AMBICA G LAKSHMINARAYANA VALMIKI,Normal/Others,Construction of community centers and community halls,"Construction of Community Hall near Durgamma Temple in S.C. Colony, Kanukuru (V), Settur",Ananthapuramu(DISTRICT COLLECTOR ANANTAPUR_IDA),,,2025-09-25,1000000.0,Work partially Completed,,,No matching Work_ID found in Works Recommended source (Recommended sheet uses a different Work_ID numbering series with zero overlap against Works Sanctioned)
WS/MP18003/2024-2025/157510,,Andhra Pradesh,ANANTAPUR,AMBICA G LAKSHMINARAYANA VALMIKI,Normal/Others,Construction of community centers and community halls,Construction of SC Community Hall in Kothapalli village of Kambadur Mandal,Ananthapuramu(DISTRICT COLLECTOR ANANTAPUR_IDA),,,2025-01-23,1000000.0,Sanction,,,No matching Work_ID found in Works Recommended source (Recommended sheet uses a different Work_ID numbering series with zero overlap against Works Sanctioned)
WS/MP18003/2025-2026/223856,,Andhra Pradesh,ANANTAPUR,AMBICA G LAKSHMINARAYANA VALMIKI,Normal/Others,Providing supply pipelines for drinking water,"Providing Drinking Water Pumpset Pipeline and Syntex Tank at Ramagiri (V), Pamidi (M)",Ananthapuramu(DISTRICT COLLECTOR ANANTAPUR_IDA),,,2025-10-30,500000.0,Vendor Identification,,,No matching Work_ID found in Works Recommended source (Recommended sheet uses a different Work_ID numbering series with zero overlap against Works Sanctioned)
WS/MP18003/2024-2025/172273,,Andhra Pradesh,ANANTAPUR,AMBICA G LAKSHMINARAYANA VALMIKI,Normal/Others,Construction of water tanks,"Providing Flushing of bore well, pumpset and Cistern Tank (ST colony) at Ramagiri Diguvathanda (V), Pamidi Mandal",Ananthapuramu(DISTRICT COLLECTOR ANANTAPUR_IDA),,,2025-03-12,299856.0,Physical Inspection,2025-10-28,299856.0,No matching Work_ID found in Works Recommended source (Recommended sheet uses a different Work_ID numbering series with zero overlap against Works Sanctioned)
WS/MP18003/2024-2025/172260,,Andhra Pradesh,ANANTAPUR,AMBICA G LAKSHMINARAYANA VALMIKI,Normal/Others,Providing supply pipelines for drinking water,"Providing Bore and Pump Set at Community Hall in Mamuduru (V), Gooty mandal",Ananthapuramu(DISTRICT COLLECTOR ANANTAPUR_IDA),,,2025-03-12,250000.0,Work Completed,2026-02-20,249805.0,No matching Work_ID found in Works Recommended source (Recommended sheet uses a different Work_ID numbering series with zero overlap against Works Sanctioned)
WS/MP18011/2025-2026/223964,,Andhra Pradesh,KURNOOL,BASTIPATI NAGARAJU PANCHALINGALA,Normal/Others,Installing community drinking water plants,Providing 1000 LPH RO Plant at Adoni Bustand.,KURNOOL(DISTRICT COLLECTOR KURNOOL_IDA),,,2025-12-01,500000.0,Sanction,,,No matching Work_ID found in Works Recommended source (Recommended sheet uses a different Work_ID numbering series with zero overlap against Works Sanctioned)
WS/MP18011/2025-2026/184894,,Andhra Pradesh,KURNOOL,BASTIPATI NAGARAJU PANCHALINGALA,Normal/Others,Installing tube-wells and borewells,Drilling of new borewell to Scheme source near in SC colony at Nagaradona,KURNOOL(DISTRICT COLLECTOR KURNOOL_IDA),,,2025-05-23,200000.0,Physical Inspection,2026-01-09,200000.0,No matching Work_ID found in Works Recommended source (Recommended sheet uses a different Work_ID numbering series with zero overlap against Works Sanctioned)
WS/MP18011/2025-2026/223958,,Andhra Pradesh,KURNOOL,BASTIPATI NAGARAJU PANCHALINGALA,Normal/Others,Installing community drinking water plants,Providing 1000 LPH RO Plant at Kurnool Bustand in Kurnool Town.,KURNOOL(DISTRICT COLLECTOR KURNOOL_IDA),,,2025-10-27,500000.0,Sanction,,,No matching Work_ID found in Works Recommended source (Recommended sheet uses a different Work_ID numbering series with zero overlap against Works Sanctioned)
WS/MP18011/2025-2026/210243,,Andhra Pradesh,KURNOOL,BASTIPATI NAGARAJU PANCHALINGALA,Normal/Others,Installing tube-wells and borewells,Drilling of a new borewell for scheme source near Sai Baba temple at Kumbalanur Kottala-1,KURNOOL(DISTRICT COLLECTOR KURNOOL_IDA),,,2025-07-08,199998.0,Physical Inspection,2026-01-09,199998.0,No matching Work_ID found in Works Recommended source (Recommended sheet uses a different Work_ID numbering series with zero overlap against Works Sanctioned)
WS/MP18011/2026-2027/279131,,Andhra Pradesh,KURNOOL,BASTIPATI NAGARAJU PANCHALINGALA,Normal/Others,Construction of community centers and community halls,Construction of Multi Purpose Community Hall near Ramjala Dhobi ghat at Adoni Town of Kurnool District,KURNOOL(DISTRICT COLLECTOR KURNOOL_IDA),,,2026-07-30,1500000.0,Sanction,,,No matching Work_ID found in Works Recommended source (Recommended sheet uses a different Work_ID numbering series with zero overlap against Works Sanctioned)
WS/MP18011/2024-2025/173487,,Andhra Pradesh,KURNOOL,BASTIPATI NAGARAJU PANCHALINGALA,Normal/Others,Installing tube-wells and borewells,Drilling of new borewell to scheme source near in SC colony in Pyalakurthy,KURNOOL(DISTRICT COLLECTOR KURNOOL_IDA),,,2025-02-28,199998.0,Physical Inspection,2025-08-13,199998.0,No matching Work_ID found in Works Recommended source (Recommended sheet uses a different Work_ID numbering series with zero overlap against Works Sanctioned)
WS/MP18011/2025-2026/194378,,Andhra Pradesh,KURNOOL,BASTIPATI NAGARAJU PANCHALINGALA,Normal/Others,Construction of rooms and halls in school and colleges,"Additional Amenities to College Girls Hostel, Pattikonda, Pattikonda Mandal, Pattikonda Constituency",KURNOOL(DISTRICT COLLECTOR KURNOOL_IDA),,,2025-05-23,500000.0,Sanction,,,No matching Work_ID found in Works Recommended source (Recommended sheet uses a different Work_ID numbering series with zero overlap against Works Sanctioned)
WS/MP18011/2024-2025/173515,,Andhra Pradesh,KURNOOL,BASTIPATI NAGARAJU PANCHALINGALA,Normal/Others,Installing tube-wells and borewells,Drilling of new borewell to Scheme source near in BC colony at C Belagal,KURNOOL(DISTRICT COLLECTOR KURNOOL_IDA),,,2025-02-28,199939.0,Physical Inspection,2025-08-13,199939.0,No matching Work_ID found in Works Recommended source (Recommended sheet uses a different Work_ID numbering series with zero overlap against Works Sanctioned)
WS/MP18014/2025-2026/224241,,Andhra Pradesh,NELLORE(SC),PRABHAKAR REDDY VEMIREDDY,Normal/Others,Improvement of electricity distribution infrastructure,"Extension of HT LT Line works under SS-18 Distribution Transformer in Shabeer Colony, Udayagiri Village, Udayagiri Mandal, SPS Nellore District.",Sri Potti Sriramulu Nellore(DISTRICT COLLECTOR NELLORE_IDA),,,2025-12-10,700000.0,Sanction,,,No matching Work_ID found in Works Recommended source (Recommended sheet uses a different Work_ID numbering series with zero overlap against Works Sanctioned)
WS/MP18014/2024-2025/167510,,Andhra Pradesh,NELLORE(SC),PRABHAKAR REDDY VEMIREDDY,Normal/Others,Providing drains and gutters for public drainage,Construction of CC Drain on Kovur - Utukur Road from Km.1-0 to 1-200 (Right Side) in Kovur Mandal,Sri Potti Sriramulu Nellore(DISTRICT COLLECTOR NELLORE_IDA),,,2025-03-04,1074519.0,Physical Inspection,2025-11-17,1074519.0,No matching Work_ID found in Works Recommended source (Recommended sheet uses a different Work_ID numbering series with zero overlap against Works Sanctioned)
WS/MP18014/2025-2026/240943,,Andhra Pradesh,NELLORE(SC),PRABHAKAR REDDY VEMIREDDY,Normal/Others,Construction of culverts and bridges,Construction of Single Lane bridge across supply channel of Chagollu tank near Krishnapuram Village in Ulavapadu mandal,Sri Potti Sriramulu Nellore(DISTRICT COLLECTOR NELLORE_IDA),,,2025-12-10,4000000.0,Sanction,,,No matching Work_ID found in Works Recommended source (Recommended sheet uses a different Work_ID numbering series with zero overlap against Works Sanctioned)
WS/MP18014/2025-2026/240900,,Andhra Pradesh,NELLORE(SC),PRABHAKAR REDDY VEMIREDDY,Repair and Renovation,Construction of rainwater harvesting structures,"Improvement, Repairs to Drinking Water tank in Chandrasekharapuram of Kammapalem in Kodavalur Mandal",Sri Potti Sriramulu Nellore(DISTRICT COLLECTOR NELLORE_IDA),,,2025-11-10,689280.0,Physical Inspection,2026-03-02,689280.0,No matching Work_ID found in Works Recommended source (Recommended sheet uses a different Work_ID numbering series with zero overlap against Works Sanctioned)
WS/MP18014/2026-2027/276763,,Andhra Pradesh,NELLORE(SC),PRABHAKAR REDDY VEMIREDDY,Normal/Others,Crematoriums/energy efficient crematoriums or structures on burial/cremation ground,Construction of Compound Wall to Burial Ground at Gundalammapalem of Kodavalur Mandal,Sri Potti Sriramulu Nellore(DISTRICT COLLECTOR NELLORE_IDA),,,2026-05-21,500000.0,Sanction,,,No matching Work_ID found in Works Recommended source (Recommended sheet uses a different Work_ID numbering series with zero overlap against Works Sanctioned)
WS/MP18014/2024-2025/167455,,Andhra Pradesh,NELLORE(SC),PRABHAKAR REDDY VEMIREDDY,Normal/Others,"Construction of roads, link roads, pathways or any other road with or without drainage system",Construction of Internal CC Roads in Chandrapadiya Village Bit-1 in Bukkapuram Grama Panchayat in Vinjamur Mandal,Sri Potti Sriramulu Nellore(DISTRICT COLLECTOR NELLORE_IDA),,,2025-02-12,499728.0,Physical Inspection,2025-05-29,499728.0,No matching Work_ID found in Works Recommended source (Recommended sheet uses a different Work_ID numbering series with zero overlap against Works Sanctioned)
WS/MP18014/2025-2026/240942,,Andhra Pradesh,NELLORE(SC),PRABHAKAR REDDY VEMIREDDY,Normal/Others,"Construction of roads, link roads, pathways or any other road with or without drainage system",Construction of CC roads including drain from Old Sivalayam to Poleramma temple of Kavali Town,Sri Potti Sriramulu Nellore(DISTRICT COLLECTOR NELLORE_IDA),,,2025-12-10,4500000.0,Sanction,,,No matching Work_ID found in Works Recommended source (Recommended sheet uses a different Work_ID numbering series with zero overlap against Works Sanctioned)
WS/MP18014/2025-2026/240964,,Andhra Pradesh,NELLORE(SC),PRABHAKAR REDDY VEMIREDDY,Normal/Others,Construction of bus-sheds or bus-stops,Construction of Bus shelter at Kandamuru Village and GP in Nellore Rural,Sri Potti Sriramulu Nellore(DISTRICT COLLECTOR NELLORE_IDA),,,2025-11-10,500000.0,Physical Inspection,,,No matching Work_ID found in Works Recommended source (Recommended sheet uses a different Work_ID numbering series with zero overlap against Works Sanctioned)
WS/MP18004/2026-2027/212577,,Andhra Pradesh,ARAKU(ST),Gumma Thanuja Rani,Normal/Others,"Construction of roads, link roads, pathways or any other road with or without drainage system",Laying of CC Road at Balleruguda of Kondachinlakam Panchayat in Jiyyammavalasa mandal,Parvathipuram Manyam(District Collector Parvathipuram Manyam_IDA),,,2026-04-22,400000.0,Physical Inspection,,,No matching Work_ID found in Works Recommended source (Recommended sheet uses a different Work_ID numbering series with zero overlap against Works Sanctioned)
WS/MP18004/2025-2026/256319,,Andhra Pradesh,ARAKU(ST),Gumma Thanuja Rani,Normal/Others,"Construction of roads, link roads, pathways or any other road with or without drainage system",Providing CC road and CC culvert from R and B road to PR road connectivity at Smashanam road at Rudakota village of Pedabayalu mandal ASR dt,Alluri Sitharama Raju(DISTRICT COLLECTOR ALLURI SITHARAMARAJU_IDA),,,2026-02-04,1200000.0,Work partially Completed,,,No matching Work_ID found in Works Recommended source (Recommended sheet uses a different Work_ID numbering series with zero overlap against Works Sanctioned)
WS/MP18004/2026-2027/277106,,Andhra Pradesh,ARAKU(ST),Gumma Thanuja Rani,Normal/Others,"Construction of roads, link roads, pathways or any other road with or without drainage system",Formation of gravel road 550 mtrs near Vaklamma temple to K veeragattam jamparakota village and gp of palakonda mandal parvathipuram manyam dt,Parvathipuram Manyam(District Collector Parvathipuram Manyam_IDA),,,2026-04-22,400000.0,Vendor Identification,,,No matching Work_ID found in Works Recommended source (Recommended sheet uses a different Work_ID numbering series with zero overlap against Works Sanctioned)
WS/MP18004/2025-2026/221036,,Andhra Pradesh,ARAKU(ST),Gumma Thanuja Rani,Normal/Others,"Construction of roads, link roads, pathways or any other road with or without drainage system","Providing of CC road retaining wall calvert from 0 0KM to 0 250 KM from Gondivalasa Road to Morriguda of Dumbriguda Mandal, ASR dt",Alluri Sitharama Raju(DISTRICT COLLECTOR ALLURI SITHARAMARAJU_IDA),,,2025-07-31,3990000.0,Work Completed,2025-09-22,3988749.0,No matching Work_ID found in Works Recommended source (Recommended sheet uses a different Work_ID numbering series with zero overlap against Works Sanctioned)
WS/MP18004/2026-2027/283494,,Andhra Pradesh,ARAKU(ST),Gumma Thanuja Rani,Normal/Others,Installing community drinking water plants,Providing RO plant 2000 LPH at Dasaripeta village Jiyyamvalasa Mandal Parvathipuram manydam district,Parvathipuram Manyam(District Collector Parvathipuram Manyam_IDA),,,2026-06-24,500000.0,Sanction,,,No matching Work_ID found in Works Recommended source (Recommended sheet uses a different Work_ID numbering series with zero overlap against Works Sanctioned)
WS/MP18004/2026-2027/265291,,Andhra Pradesh,ARAKU(ST),Gumma Thanuja Rani,Normal/Others,"Construction of roads, link roads, pathways or any other road with or without drainage system",Formation of Internal CC road with drain in Dulukona in Vangara GP G L Puram mandal of Parvathipuram Manyam district,Parvathipuram Manyam(District Collector Parvathipuram Manyam_IDA),,,2026-04-10,500000.0,Physical Inspection,,,No matching Work_ID found in Works Recommended source (Recommended sheet uses a different Work_ID numbering series with zero overlap against Works Sanctioned)
WS/MP18004/2025-2026/247288,,Andhra Pradesh,ARAKU(ST),Gumma Thanuja Rani,Normal/Others,Construction of culverts and bridges,Construction of Pipe Culvert KM 0 400 Kondapalli to Nunepalli Road at Tamarapalli GP Rampachodavaram mandal ASR dt,Alluri Sitharama Raju(DISTRICT COLLECTOR ALLURI SITHARAMARAJU_IDA),,,2026-01-07,500000.0,Work partially Completed,,,No matching Work_ID found in Works Recommended source (Recommended sheet uses a different Work_ID numbering series with zero overlap against Works Sanctioned)
WS/MP18004/2025-2026/199338,,Andhra Pradesh,ARAKU(ST),Gumma Thanuja Rani,Normal/Others,"Construction of roads, link roads, pathways or any other road with or without drainage system",construction of cc drains and elected earthern road,Parvathipuram Manyam(District Collector Parvathipuram Manyam_IDA),,,2025-08-20,100000.0,Vendor Identification,,,No matching Work_ID found in Works Recommended source (Recommended sheet uses a different Work_ID numbering series with zero overlap against Works Sanctioned)
WS/MP18001/2026-2027/275215,,Andhra Pradesh,AMALAPURAM(SC),GM Harish Balayogi,Normal/Others,"Construction of roads, link roads, pathways or any other road with or without drainage system",CONSTRUCTION OF CC ROAD FROM REKHAPALLI VENKATA GANESH (H) TO CHELLUBOYINA RAJESWARI (F) IN VISWESWARAYAPURAM (V) OF MALIKIPURAM (M),Dr. B.R. Ambedkar Konaseema(DISTRICT COLLECTOR Dr B R AMBEDKAR KONASEEMA_IDA),,,2026-05-14,500000.0,Physical Inspection,,,No matching Work_ID found in Works Recommended source (Recommended sheet uses a different Work_ID numbering series with zero overlap against Works Sanctioned)
WS/MP18001/2025-2026/255458,,Andhra Pradesh,AMALAPURAM(SC),GM Harish Balayogi,Normal/Others,"Construction of roads, link roads, pathways or any other road with or without drainage system",CONSTRUCTION OF CC ROAD FROM RAMBALA GOWRI SHANKARA PRASAD (H) TO SALADI DORA BABU (H) IN UPPUDI (V) OF KATRENIKONA (M),Dr. B.R. Ambedkar Konaseema(DISTRICT COLLECTOR Dr B R AMBEDKAR KONASEEMA_IDA),,,2026-02-19,500000.0,Work partially Completed,,,No matching Work_ID found in Works Recommended source (Recommended sheet uses a different Work_ID numbering series with zero overlap against Works Sanctioned)
WS/MP18001/2024-2025/163093,,Andhra Pradesh,AMALAPURAM(SC),GM Harish Balayogi,Normal/Others,"Purchase of hearse van (Four, three and two wheelers)",Purchase of Mortuary Van (Hearse Van) for CHC Kothapeta,Dr. B.R. Ambedkar Konaseema(DISTRICT COLLECTOR Dr B R AMBEDKAR KONASEEMA_IDA),,,2025-03-29,1010000.0,Work Completed,2025-05-07,1010000.0,No matching Work_ID found in Works Recommended source (Recommended sheet uses a different Work_ID numbering series with zero overlap against Works Sanctioned)
WS/MP18001/2026-2027/269218,,Andhra Pradesh,AMALAPURAM(SC),GM Harish Balayogi,Normal/Others,Construction of boundary walls of existing public and community buildings,CONSTRUCTION OF COMPOUND WALL TO VILLAGE HEALTH CLINIC BUILDING IN VANNECHINTHALAPUDI (V) OF AMALAPURAM (M),Dr. B.R. Ambedkar Konaseema(DISTRICT COLLECTOR Dr B R AMBEDKAR KONASEEMA_IDA),,,2026-05-14,500000.0,Sanction,,,No matching Work_ID found in Works Recommended source (Recommended sheet uses a different Work_ID numbering series with zero overlap against Works Sanctioned)
WS/MP18001/2025-2026/242984,,Andhra Pradesh,AMALAPURAM(SC),GM Harish Balayogi,Normal/Others,Construction of rooms and halls in school and colleges,CONSTRUCTION OF ADDITIONAL ROOMS NEAR MUNICIPAL SCHOOL OF AMALAPURAM,Dr. B.R. Ambedkar Konaseema(DISTRICT COLLECTOR Dr B R AMBEDKAR KONASEEMA_IDA),,,2025-12-05,489863.0,Physical Inspection,2026-04-08,489863.0,No matching Work_ID found in Works Recommended source (Recommended sheet uses a different Work_ID numbering series with zero overlap against Works Sanctioned)
WS/MP18001/2025-2026/231993,,Andhra Pradesh,AMALAPURAM(SC),GM Harish Balayogi,Normal/Others,Construction of community centers and community halls,CONSTRUCTION OF ADDITIONAL ROOMS TO PRESS CLUB IN MACHAVARAM(V),Dr. B.R. Ambedkar Konaseema(DISTRICT COLLECTOR Dr B R AMBEDKAR KONASEEMA_IDA),,,2025-09-27,1000000.0,Work partially Completed,,,No matching Work_ID found in Works Recommended source (Recommended sheet uses a different Work_ID numbering series with zero overlap against Works Sanctioned)
WS/MP18001/2025-2026/242981,,Andhra Pradesh,AMALAPURAM(SC),GM Harish Balayogi,Normal/Others,Construction of toilet blocks,CONSTRUCTION OF TOILETS IN LOUIS SCHOOL OF AMALAPURAM,Dr. B.R. Ambedkar Konaseema(DISTRICT COLLECTOR Dr B R AMBEDKAR KONASEEMA_IDA),,,2025-12-05,500000.0,Work Completed,2026-04-08,498909.0,No matching Work_ID found in Works Recommended source (Recommended sheet uses a different Work_ID numbering series with zero overlap against Works Sanctioned)
WS/MP18001/2025-2026/231955,,Andhra Pradesh,AMALAPURAM(SC),GM Harish Balayogi,Normal/Others,"Construction of roads, link roads, pathways or any other road with or without drainage system",CONSTRUCTION OF CC ROAD FROM R - B ROAD TO VADDI SOMANNA (H),Dr. B.R. Ambedkar Konaseema(DISTRICT COLLECTOR Dr B R AMBEDKAR KONASEEMA_IDA),,,2025-12-05,340000.0,Sanction,,,No matching Work_ID found in Works Recommended source (Recommended sheet uses a different Work_ID numbering series with zero overlap against Works Sanctioned)
WS/MP18005/2026-2027/273548,,Andhra Pradesh,BAPATLA,Krishna Prasad Tenneti,Normal/Others,Setting up of laboratories,"Establishment of STEM Laboratory in ZPHS(Girls) Kolluru, Kolluru Mandal, Bapatla district",Bapatla(DISTRICT COLLECTOR BAPATLA_IDA),,,2026-05-18,420000.0,Sanction,,,No matching Work_ID found in Works Recommended source (Recommended sheet uses a different Work_ID numbering series with zero overlap against Works Sanctioned)
WS/MP18005/2025-2026/206911,,Andhra Pradesh,BAPATLA,Krishna Prasad Tenneti,Normal/Others,"Construction of roads, link roads, pathways or any other road with or without drainage system","Construction of CC Road from Gera Seethaiah house to Pamidipamula Nagamalleswara Rao House in SC Colony of Nalluru South GP, Nalluru Village, Repalle Mandal, Bapatla district",Bapatla(DISTRICT COLLECTOR BAPATLA_IDA),,,2026-01-30,600000.0,Work Completed,2026-04-18,599922.0,No matching Work_ID found in Works Recommended source (Recommended sheet uses a different Work_ID numbering series with zero overlap against Works Sanctioned)
WS/MP18005/2025-2026/213081,,Andhra Pradesh,BAPATLA,Krishna Prasad Tenneti,Normal/Others,Construction of community centers and community halls,"Construction of BC Community Hall, in Timmanapalem Village, Korisapadu Mandal",Bapatla(DISTRICT COLLECTOR BAPATLA_IDA),,,2025-09-01,3000000.0,Physical Inspection,,,No matching Work_ID found in Works Recommended source (Recommended sheet uses a different Work_ID numbering series with zero overlap against Works Sanctioned)
WS/MP18005/2025-2026/223551,,Andhra Pradesh,BAPATLA,Krishna Prasad Tenneti,Normal/Others,Construction of water tanks,"Construction of GLSR in ST Colony along with borewell in Nagarajupalli Village, Martur Mandal, Bapatla district",Bapatla(DISTRICT COLLECTOR BAPATLA_IDA),,,2025-09-03,400000.0,Work partially Completed,,,No matching Work_ID found in Works Recommended source (Recommended sheet uses a different Work_ID numbering series with zero overlap against Works Sanctioned)
WS/MP18005/2025-2026/206887,,Andhra Pradesh,BAPATLA,Krishna Prasad Tenneti,Normal/Others,"Construction of roads, link roads, pathways or any other road with or without drainage system","Construction of CC Road from Sukavasi Krishnarao House to Ankammathalli Temple of Nallurupalem G.P, Repalle mandal, Bapatla District",Bapatla(DISTRICT COLLECTOR BAPATLA_IDA),,,2025-08-25,300000.0,Vendor Identification,,,No matching Work_ID found in Works Recommended source (Recommended sheet uses a different Work_ID numbering series with zero overlap against Works Sanctioned)
WS/MP18005/2025-2026/245777,,Andhra Pradesh,BAPATLA,Krishna Prasad Tenneti,Normal/Others,Construction of community centers and community halls,"Construction of Community Hall in 15th Ward, beside ABM High School, Bapatla Municipality",Bapatla(DISTRICT COLLECTOR BAPATLA_IDA),,,2026-01-07,1000000.0,Time Estimation,,,No matching Work_ID found in Works Recommended source (Recommended sheet uses a different Work_ID numbering series with zero overlap against Works Sanctioned)
WS/MP18005/2025-2026/201543,,Andhra Pradesh,BAPATLA,Krishna Prasad Tenneti,Normal/Others,Construction of community centers and community halls,"Construction of community Hall in Pedagollapalem in Peddapalli GP in Nagaram Mandal, Bapatla District",Bapatla(DISTRICT COLLECTOR BAPATLA_IDA),,,2025-09-01,500000.0,Sanction,,,No matching Work_ID found in Works Recommended source (Recommended sheet uses a different Work_ID numbering series with zero overlap against Works Sanctioned)
WS/MP18005/2025-2026/201489,,Andhra Pradesh,BAPATLA,Krishna Prasad Tenneti,Normal/Others,"Construction of roads, link roads, pathways or any other road with or without drainage system",Construction of CC Road from R B Road to Akurati Nagendram House in Anjaneya Swamy Colony of Peteru G P,Bapatla(DISTRICT COLLECTOR BAPATLA_IDA),,,2025-08-25,420000.0,Work Completed,2026-03-12,418694.0,No matching Work_ID found in Works Recommended source (Recommended sheet uses a different Work_ID numbering series with zero overlap against Works Sanctioned)
WS/MP18018/2024-2025/169483,,Andhra Pradesh,VIZIANAGARAM,Appalanaidu Kalisetti,Repair and Renovation,Construction of additional rooms and halls in the existing public and community building,Repairs and Renovation of Public Government Building at Rajam.,VIZIANAGARAM(DISTRICT COLLECTOR VIZIANAGARAM_IDA),,,2025-03-06,2500000.0,Sanction,,,No matching Work_ID found in Works Recommended source (Recommended sheet uses a different Work_ID numbering series with zero overlap against Works Sanctioned)
WS/MP18018/2024-2025/169621,,Andhra Pradesh,VIZIANAGARAM,Appalanaidu Kalisetti,Normal/Others,Installing community drinking water plants,Providing R.O Plant with Water Coller at Gajapathinagaram Village of Gajpathinagaram Mandal,VIZIANAGARAM(DISTRICT COLLECTOR VIZIANAGARAM_IDA),,,2025-03-06,1050000.0,Vendor Identification,,,No matching Work_ID found in Works Recommended source (Recommended sheet uses a different Work_ID numbering series with zero overlap against Works Sanctioned)
WS/MP18018/2025-2026/237578,,Andhra Pradesh,VIZIANAGARAM,Appalanaidu Kalisetti,Normal/Others,Improvement of electricity distribution infrastructure,Estimate for E.S to 1 KW load to Kalyanapu Narayana Rao at Mudduru,VIZIANAGARAM(DISTRICT COLLECTOR VIZIANAGARAM_IDA),,,2025-10-18,519562.0,Physical Inspection,,,No matching Work_ID found in Works Recommended source (Recommended sheet uses a different Work_ID numbering series with zero overlap against Works Sanctioned)
WS/MP18018/2024-2025/169476,,Andhra Pradesh,VIZIANAGARAM,Appalanaidu Kalisetti,Normal/Others,"Construction of rooms and facilities for hospitals, FWC , PHC Centers and ANM centers",Construction of Lift well for MCH(Gosha)Hospital in Vizianagaram,VIZIANAGARAM(DISTRICT COLLECTOR VIZIANAGARAM_IDA),,,2025-03-06,2650000.0,Work partially Completed,,,No matching Work_ID found in Works Recommended source (Recommended sheet uses a different Work_ID numbering series with zero overlap against Works Sanctioned)
WS/MP18018/2025-2026/256401,,Andhra Pradesh,VIZIANAGARAM,Appalanaidu Kalisetti,Normal/Others,Lighting of public spaces,Providing of Additional Poles at Jeerupalem 5 No Derasam 6 No Ch.Rajam 5 No Nelivada 5 No Vallabharaopeta 5 No of Ranasthalam Mandal in Total of 26 No of Poles.,SRIKAKULAM(District Collector Srikakulam_IDA),,,2026-02-28,520000.0,Time Estimation,,,No matching Work_ID found in Works Recommended source (Recommended sheet uses a different Work_ID numbering series with zero overlap against Works Sanctioned)
WS/MP18018/2025-2026/263354,,Andhra Pradesh,VIZIANAGARAM,Appalanaidu Kalisetti,Normal/Others,Street lights,"Providing of 36 Watts Capacity LED Lamps 150 No.s along with Pipe, Clampset and Wire for Errection in V.N.Puram Village of V.N.Puram Gram Panchayat of Ranasthalam Mandal",SRIKAKULAM(District Collector Srikakulam_IDA),,,2026-03-12,595500.0,Work Completed,2026-04-13,595500.0,No matching Work_ID found in Works Recommended source (Recommended sheet uses a different Work_ID numbering series with zero overlap against Works Sanctioned)
WS/MP18018/2026-2027/293740,,Andhra Pradesh,VIZIANAGARAM,Appalanaidu Kalisetti,Normal/Others,Improvement of electricity distribution infrastructure,Estimate for Shifting of DTR J.Gumadam Village in Bondapalli Mandal for Registation.No. 22512171461106,VIZIANAGARAM(DISTRICT COLLECTOR VIZIANAGARAM_IDA),,,2026-07-17,271536.0,Sanction,,,No matching Work_ID found in Works Recommended source (Recommended sheet uses a different Work_ID numbering series with zero overlap against Works Sanctioned)
WS/MP18018/2025-2026/209731,,Andhra Pradesh,VIZIANAGARAM,Appalanaidu Kalisetti,Normal/Others,"Construction of roads, link roads, pathways or any other road with or without drainage system",Construction of CC Road from Plot.No.52 to Main Road at Jonourlist Colony beside ESI Hospital at Gajularega,VIZIANAGARAM(DISTRICT COLLECTOR VIZIANAGARAM_IDA),,,2025-06-26,320000.0,Vendor Identification,,,No matching Work_ID found in Works Recommended source (Recommended sheet uses a different Work_ID numbering series with zero overlap against Works Sanctioned)
WS/MP18007/2025-2026/137074,,Andhra Pradesh,ELURU,Putta Mahesh Kumar,Normal/Others,Setting up of laboratories,Providing Laboratory equipment to Physical Science/Biological Science/Mathematics and Social Studies.,Eluru(DISTRICT COLLECTOR ELURU_IDA),,,2025-04-29,400000.0,Work Completed,2025-05-22,400000.0,No matching Work_ID found in Works Recommended source (Recommended sheet uses a different Work_ID numbering series with zero overlap against Works Sanctioned)
WS/MP18007/2025-2026/246573,,Andhra Pradesh,ELURU,Putta Mahesh Kumar,Normal/Others,Street lights,Providing Street Lights,Eluru(DISTRICT COLLECTOR ELURU_IDA),,,2026-02-19,490000.0,Time Estimation,,,No matching Work_ID found in Works Recommended source (Recommended sheet uses a different Work_ID numbering series with zero overlap against Works Sanctioned)
WS/MP18007/2024-2025/140066,,Andhra Pradesh,ELURU,Putta Mahesh Kumar,Normal/Others,Construction of veterinary hospitals and dispensaries,"Construction of Veterinary Hospital at A.V. Nagaram village of Thondangi mandal, Kakinada district.",Kakinada(DISTRICT COLLECTOR KAKINADA_IDA),,,2024-10-09,2500000.0,Work partially Completed,,,No matching Work_ID found in Works Recommended source (Recommended sheet uses a different Work_ID numbering series with zero overlap against Works Sanctioned)
WS/MP18007/2026-2027/246572,,Andhra Pradesh,ELURU,Putta Mahesh Kumar,Normal/Others,Street lights,Providing Street Lights,Eluru(DISTRICT COLLECTOR ELURU_IDA),,,2026-07-09,489659.0,Physical Inspection,2026-08-17,489659.0,No matching Work_ID found in Works Recommended source (Recommended sheet uses a different Work_ID numbering series with zero overlap against Works Sanctioned)
WS/MP18007/2025-2026/246495,,Andhra Pradesh,ELURU,Putta Mahesh Kumar,Repair and Renovation,Construction of public toilets and bathrooms,Renovation of Womens Toilets and Providing running water facilities to toilets in Collectorate Compound in Eluru District,Eluru(DISTRICT COLLECTOR ELURU_IDA),,,2025-12-31,400000.0,Vendor Identification,,,No matching Work_ID found in Works Recommended source (Recommended sheet uses a different Work_ID numbering series with zero overlap against Works Sanctioned)
WS/MP18007/2025-2026/246575,,Andhra Pradesh,ELURU,Putta Mahesh Kumar,Normal/Others,Street lights,Providing Street Lights,Eluru(DISTRICT COLLECTOR ELURU_IDA),,,2026-02-16,490000.0,Sanction,,,No matching Work_ID found in Works Recommended source (Recommended sheet uses a different Work_ID numbering series with zero overlap against Works Sanctioned)
WS/MP18007/2025-2026/183409,,Andhra Pradesh,ELURU,Putta Mahesh Kumar,Normal/Others,Improvement of electricity distribution infrastructure,The DC estimate is for Shofting of 160 Mts.33KV Line Duly Erecting 150Mts.33KV line on 33KV Vangayagudem-Santhoshnagar-Santhinagar Feeder,Eluru(DISTRICT COLLECTOR ELURU_IDA),,,2025-07-24,280000.0,Time Estimation,,,No matching Work_ID found in Works Recommended source (Recommended sheet uses a different Work_ID numbering series with zero overlap against Works Sanctioned)
WS/MP18007/2024-2025/149400,,Andhra Pradesh,ELURU,Putta Mahesh Kumar,Normal/Others,"Construction of Government office buildings (Post office, Police station, Police chauki, etc.)","Construction of Resting Barracks with attached wash rooms for Women in the District Police Office, Eluru",Eluru(DISTRICT COLLECTOR ELURU_IDA),,,2025-02-05,3204000.0,Work partially Completed,,,No matching Work_ID found in Works Recommended source (Recommended sheet uses a different Work_ID numbering series with zero overlap against Works Sanctioned)
WS/MP18008/2026-2027/260769,,Andhra Pradesh,GUNTUR,Dr Chandra Sekhar Pemmasani,Normal/Others,"Construction of roads, link roads, pathways or any other road with or without drainage system",Providing CC Road from Dantala Venkateswarlu House to Pallempati Prasad House at Uppalapadu (V) of Pedakakani (M),GUNTUR(DISTRICT COLLECTOR GUNTUR_IDA),,,2026-07-30,500000.0,Vendor Identification,,,No matching Work_ID found in Works Recommended source (Recommended sheet uses a different Work_ID numbering series with zero overlap against Works Sanctioned)
WS/MP18008/2025-2026/169813,,Andhra Pradesh,GUNTUR,Dr Chandra Sekhar Pemmasani,Normal/Others,"Construction of roads, link roads, pathways or any other road with or without drainage system","Providing internal CC roads in Lam (V) of Tadikonda Mandal, Guntur District",GUNTUR(DISTRICT COLLECTOR GUNTUR_IDA),,,2025-08-12,497680.0,Physical Inspection,2026-03-12,497680.0,No matching Work_ID found in Works Recommended source (Recommended sheet uses a different Work_ID numbering series with zero overlap against Works Sanctioned)
WS/MP18008/2025-2026/236445,,Andhra Pradesh,GUNTUR,Dr Chandra Sekhar Pemmasani,Normal/Others,Construction of buildings for community cultural activities,Construction of AP state Government Retired Employees Association Pensioners Building in Collectorate compound in Guntur District.,GUNTUR(DISTRICT COLLECTOR GUNTUR_IDA),,,2025-10-27,1000000.0,Sanction,,,No matching Work_ID found in Works Recommended source (Recommended sheet uses a different Work_ID numbering series with zero overlap against Works Sanctioned)
WS/MP18008/2026-2027/254595,,Andhra Pradesh,GUNTUR,Dr Chandra Sekhar Pemmasani,Normal/Others,"Construction of roads, link roads, pathways or any other road with or without drainage system","Providing approach CC Road to SC Burial Ground towards Kollipara -Chivaluru ZP Road in Chivalur (GP), Kollipara (M)",GUNTUR(DISTRICT COLLECTOR GUNTUR_IDA),,,2026-04-09,1000000.0,Vendor Identification,,,No matching Work_ID found in Works Recommended source (Recommended sheet uses a different Work_ID numbering series with zero overlap against Works Sanctioned)
WS/MP18008/2025-2026/169811,,Andhra Pradesh,GUNTUR,Dr Chandra Sekhar Pemmasani,Normal/Others,"Construction of roads, link roads, pathways or any other road with or without drainage system","Providing internal CC roads in Bandarupalle (V) of Tadikonda Mandal, Guntur District",GUNTUR(DISTRICT COLLECTOR GUNTUR_IDA),,,2025-08-12,498976.0,Physical Inspection,2026-03-12,498976.0,No matching Work_ID found in Works Recommended source (Recommended sheet uses a different Work_ID numbering series with zero overlap against Works Sanctioned)
WS/MP18008/2026-2027/254620,,Andhra Pradesh,GUNTUR,Dr Chandra Sekhar Pemmasani,Normal/Others,"Construction of roads, link roads, pathways or any other road with or without drainage system","Providing internal CC roads and drains in Potlapadu (V), Medikonduru (M)",GUNTUR(DISTRICT COLLECTOR GUNTUR_IDA),,,2026-04-09,500000.0,Sanction,,,No matching Work_ID found in Works Recommended source (Recommended sheet uses a different Work_ID numbering series with zero overlap against Works Sanctioned)
WS/MP18008/2026-2027/254611,,Andhra Pradesh,GUNTUR,Dr Chandra Sekhar Pemmasani,Normal/Others,Construction of boundary walls of existing public and community buildings,"Construction of Compound wall to ZP High School in Sangam Jagarlamudi (GP), Tenali (M)",GUNTUR(DISTRICT COLLECTOR GUNTUR_IDA),,,2026-04-09,2000000.0,Vendor Identification,,,No matching Work_ID found in Works Recommended source (Recommended sheet uses a different Work_ID numbering series with zero overlap against Works Sanctioned)
WS/MP18008/2025-2026/185945,,Andhra Pradesh,GUNTUR,Dr Chandra Sekhar Pemmasani,Normal/Others,Construction of rooms and halls in school and colleges,Construction of SKBM Municipal Corporation High School Building (1st and 2nd Floor) at AT Agraharm in Division No 24,GUNTUR(DISTRICT COLLECTOR GUNTUR_IDA),,,2025-09-25,4373291.0,Physical Inspection,2026-03-17,4373291.0,No matching Work_ID found in Works Recommended source (Recommended sheet uses a different Work_ID numbering series with zero overlap against Works Sanctioned)
WS/MP18002/2026-2027/274759,,Andhra Pradesh,ANAKAPALLE,C.M.RAMESH,Normal/Others,Lighting of public spaces,Providing High - Mast lights at Shankaram Village of Anakapalli Mandal and District,Anakapalli(DISTRICT COLLECTOR ANAKAPALLI_IDA),,,2026-04-13,150000.0,Work Completed,2026-05-01,149826.0,No matching Work_ID found in Works Recommended source (Recommended sheet uses a different Work_ID numbering series with zero overlap against Works Sanctioned)
WS/MP18002/2025-2026/220739,,Andhra Pradesh,ANAKAPALLE,C.M.RAMESH,Normal/Others,Construction of rooms and halls in school and colleges,Construction of Office room cum toilets to Govt. Degree College of V.Madugula Village and Mandal of Anakapalli District,Anakapalli(DISTRICT COLLECTOR ANAKAPALLI_IDA),,,2025-07-24,2000000.0,Work partially Completed,,,No matching Work_ID found in Works Recommended source (Recommended sheet uses a different Work_ID numbering series with zero overlap against Works Sanctioned)
WS/MP18002/2025-2026/232412,,Andhra Pradesh,ANAKAPALLE,C.M.RAMESH,Normal/Others,Installing community drinking water plants,Providing 1000 LPH RO Water plant with shed at Ugginapalem Village of Parawada palem G.P of Kasimkota Mandal,Anakapalli(DISTRICT COLLECTOR ANAKAPALLI_IDA),,,2025-09-25,599672.0,Physical Inspection,2025-12-20,599672.0,No matching Work_ID found in Works Recommended source (Recommended sheet uses a different Work_ID numbering series with zero overlap against Works Sanctioned)
WS/MP18002/2025-2026/248539,,Andhra Pradesh,ANAKAPALLE,C.M.RAMESH,Normal/Others,Development of public parks,Developmental works of Museum and other works at Sri Alluri Seeta Ramaraju Memorial Park at Krishnadevipeta village of Golugonda Mandal of Anakapalli District,Anakapalli(DISTRICT COLLECTOR ANAKAPALLI_IDA),,,2025-11-29,1000000.0,Sanction,,,No matching Work_ID found in Works Recommended source (Recommended sheet uses a different Work_ID numbering series with zero overlap against Works Sanctioned)
WS/MP18002/2026-2027/274760,,Andhra Pradesh,ANAKAPALLE,C.M.RAMESH,Normal/Others,Lighting of public spaces,Providing High-Mast lights at Gopalapuram Village of Anakapalli Mandal and District,Anakapalli(DISTRICT COLLECTOR ANAKAPALLI_IDA),,,2026-04-13,150000.0,Work Completed,2026-05-01,149845.0,No matching Work_ID found in Works Recommended source (Recommended sheet uses a different Work_ID numbering series with zero overlap against Works Sanctioned)
WS/MP18002/2026-2027/278233,,Andhra Pradesh,ANAKAPALLE,C.M.RAMESH,Repair and Renovation,Construction of community centers and community halls,"Providing of UPVC windows, electrical items and sanitary works in the Community Hall allotted under repairs and maintenance at Gandhinagar habitation of GVMC ward No 82 of Anakapalli",Anakapalli(DISTRICT COLLECTOR ANAKAPALLI_IDA),,,2026-05-15,900000.0,Work partially Completed,,,No matching Work_ID found in Works Recommended source (Recommended sheet uses a different Work_ID numbering series with zero overlap against Works Sanctioned)
WS/MP18002/2025-2026/219744,,Andhra Pradesh,ANAKAPALLE,C.M.RAMESH,Normal/Others,Construction of community centers and community halls,Construction of community hall at Gandhinagaram habitation of Anakapalli Mandal,Anakapalli(DISTRICT COLLECTOR ANAKAPALLI_IDA),,,2025-07-30,2399970.0,Physical Inspection,2026-02-16,2399970.0,No matching Work_ID found in Works Recommended source (Recommended sheet uses a different Work_ID numbering series with zero overlap against Works Sanctioned)
WS/MP18002/2026-2027/279511,,Andhra Pradesh,ANAKAPALLE,C.M.RAMESH,Normal/Others,Lighting of public spaces,Providing High Mast light at Veduruparthi Village of Kasimkota Mandal,Anakapalli(DISTRICT COLLECTOR ANAKAPALLI_IDA),,,2026-05-19,150000.0,Sanction,,,No matching Work_ID found in Works Recommended source (Recommended sheet uses a different Work_ID numbering series with zero overlap against Works Sanctioned)
WS/MP18009/2025-2026/176250,,Andhra Pradesh,HINDUPUR,B K PARTHASARATHI,Normal/Others,"Construction of roads, link roads, pathways or any other road with or without drainage system",Construction of CC road from Ravi house to Neela Nagaraju house at Weaver colony.,Sri Sathya Sai(DISTRICT COLLECTOR SRI SATHYA SAI_IDA),,,2025-04-25,492292.0,Physical Inspection,2026-08-19,492292.0,No matching Work_ID found in Works Recommended source (Recommended sheet uses a different Work_ID numbering series with zero overlap against Works Sanctioned)
WS/MP18009/2024-2025/162215,,Andhra Pradesh,HINDUPUR,B K PARTHASARATHI,Normal/Others,Construction of community centers and community halls,Construction of community hall in Sno.203 B. Yaleru village Atmakuru (M),Ananthapuramu(DISTRICT COLLECTOR ANANTAPUR_IDA),,,2025-01-29,1000000.0,Sanction,,,No matching Work_ID found in Works Recommended source (Recommended sheet uses a different Work_ID numbering series with zero overlap against Works Sanctioned)
WS/MP18009/2024-2025/161404,,Andhra Pradesh,HINDUPUR,B K PARTHASARATHI,Normal/Others,Construction of community centers and community halls,Construction of community hall in Sno.182 B.Yaleru village Atmakuru (M),Ananthapuramu(DISTRICT COLLECTOR ANANTAPUR_IDA),,,2025-01-29,1000000.0,Work Completed,2025-09-02,,No matching Work_ID found in Works Recommended source (Recommended sheet uses a different Work_ID numbering series with zero overlap against Works Sanctioned)
WS/MP18009/2025-2026/241147,,Andhra Pradesh,HINDUPUR,B K PARTHASARATHI,Normal/Others,Construction of bus-sheds or bus-stops,Construction of a Bus shelter in Sno. 124-4B at Sirekolam of Dhanapuram GP of Parigi mandal,Sri Sathya Sai(DISTRICT COLLECTOR SRI SATHYA SAI_IDA),,,2025-12-16,500000.0,Time Estimation,,,No matching Work_ID found in Works Recommended source (Recommended sheet uses a different Work_ID numbering series with zero overlap against Works Sanctioned)
WS/MP18009/2024-2025/156397,,Andhra Pradesh,HINDUPUR,B K PARTHASARATHI,Normal/Others,Improvement of electricity distribution infrastructure,Improvement of electricity distribution infrastructure,Ananthapuramu(DISTRICT COLLECTOR ANANTAPUR_IDA),,,2025-03-11,500000.0,Work partially Completed,,,No matching Work_ID found in Works Recommended source (Recommended sheet uses a different Work_ID numbering series with zero overlap against Works Sanctioned)
WS/MP18009/2025-2026/241139,,Andhra Pradesh,HINDUPUR,B K PARTHASARATHI,Normal/Others,Construction of community centers and community halls,Construction of Community Hall in Sno. 119 in Marakuntapalli village of Kothachervu mandal,Sri Sathya Sai(DISTRICT COLLECTOR SRI SATHYA SAI_IDA),,,2025-11-27,1000000.0,Vendor Identification,,,No matching Work_ID found in Works Recommended source (Recommended sheet uses a different Work_ID numbering series with zero overlap against Works Sanctioned)
WS/MP18009/2024-2025/161192,,Andhra Pradesh,HINDUPUR,B K PARTHASARATHI,Normal/Others,"Construction of roads, link roads, pathways or any other road with or without drainage system",Providing street lighting for ward No.12 Venkatapuram village to R&B road of Nasanakota (GP) at Ramagiri(M),Sri Sathya Sai(DISTRICT COLLECTOR SRI SATHYA SAI_IDA),,,2025-02-28,499990.0,Physical Inspection,2025-04-26,499990.0,No matching Work_ID found in Works Recommended source (Recommended sheet uses a different Work_ID numbering series with zero overlap against Works Sanctioned)
WS/MP18009/2025-2026/243727,,Andhra Pradesh,HINDUPUR,B K PARTHASARATHI,Normal/Others,Construction of community centers and community halls,construction of a community hall in Sy No 301 in Chinnamanthur village of Roddam,Sri Sathya Sai(DISTRICT COLLECTOR SRI SATHYA SAI_IDA),,,2025-12-16,1000000.0,Sanction,,,No matching Work_ID found in Works Recommended source (Recommended sheet uses a different Work_ID numbering series with zero overlap against Works Sanctioned)
WS/MP405/2026-2027/258000,,Andhra Pradesh,MACHILIPATNAM,Balashowry Vallabbhaneni,Normal/Others,"Construction of roads, link roads, pathways or any other road with or without drainage system",Providing CC road with one side drain from Pratti Mariyadas house to Erramsetti Srinivas site in Mutluru village of Vatticherukur Mandal in Guntur District,GUNTUR(DISTRICT COLLECTOR GUNTUR_IDA),,,2026-05-20,200000.0,Sanction,,,No matching Work_ID found in Works Recommended source (Recommended sheet uses a different Work_ID numbering series with zero overlap against Works Sanctioned)
WS/MP405/2025-2026/275522,,Andhra Pradesh,MACHILIPATNAM,Balashowry Vallabbhaneni,Normal/Others,"Construction of roads, link roads, pathways or any other road with or without drainage system",Construction of CC road from Garikapati Veera bhaktudu house to Garikapati Venkateswara rao house in Bhogireddipalle village Machilipatnam Mandal in Krishna District,KRISHNA(DISTRICT COLLECTOR KRISHNA_IDA),,,2026-03-29,500000.0,Physical Inspection,,,No matching Work_ID found in Works Recommended source (Recommended sheet uses a different Work_ID numbering series with zero overlap against Works Sanctioned)
WS/MP405/2025-2026/140144,,Andhra Pradesh,MACHILIPATNAM,Balashowry Vallabbhaneni,Normal/Others,Purchase of hospital equipment,"Purchase of Real time micro PCR system for cancer van at GGH, Machilipatnam",KRISHNA(DISTRICT COLLECTOR KRISHNA_IDA),,,2025-12-11,896000.0,Vendor Identification,,,No matching Work_ID found in Works Recommended source (Recommended sheet uses a different Work_ID numbering series with zero overlap against Works Sanctioned)
WS/MP405/2025-2026/149689,,Andhra Pradesh,MACHILIPATNAM,Balashowry Vallabbhaneni,Normal/Others,Installing community drinking water plants,"Installing community drinking water plant at Fransalian Vidyajyothi hostel, Nidadavolue, West Godavari District","EAST GODAVARI(DISTRICT COLLECTOR, EAST GODAVARI)",,,2025-06-27,250000.0,Work Completed,2026-03-20,243215.0,No matching Work_ID found in Works Recommended source (Recommended sheet uses a different Work_ID numbering series with zero overlap against Works Sanctioned)
WS/MP405/2025-2026/255426,,Andhra Pradesh,MACHILIPATNAM,Balashowry Vallabbhaneni,Normal/Others,Providing supply pipelines for drinking water,Providing motor and HDPE pipe line in Dantaguntla village of Bapulapadu Mandal in Krishna District,KRISHNA(DISTRICT COLLECTOR KRISHNA_IDA),,,2026-02-09,700000.0,Work partially Completed,,,No matching Work_ID found in Works Recommended source (Recommended sheet uses a different Work_ID numbering series with zero overlap against Works Sanctioned)
WS/MP405/2026-2027/227300,,Andhra Pradesh,MACHILIPATNAM,Balashowry Vallabbhaneni,Normal/Others,"Purchase of IT systems, including hardware and software for educational purposes",Providing IT systems including hardware and software for St Marys EM High school Kankipadu,KRISHNA(DISTRICT COLLECTOR KRISHNA_IDA),,,2026-08-10,500000.0,Sanction,,,No matching Work_ID found in Works Recommended source (Recommended sheet uses a different Work_ID numbering series with zero overlap against Works Sanctioned)
WS/MP405/2025-2026/275523,,Andhra Pradesh,MACHILIPATNAM,Balashowry Vallabbhaneni,Normal/Others,"Construction of roads, link roads, pathways or any other road with or without drainage system",Construction of internal CC roads in Bhogireddipalle village Machilipatnam Mandal in Krishna District,KRISHNA(DISTRICT COLLECTOR KRISHNA_IDA),,,2026-03-29,500000.0,Physical Inspection,,,No matching Work_ID found in Works Recommended source (Recommended sheet uses a different Work_ID numbering series with zero overlap against Works Sanctioned)
WS/MP405/2026-2027/274464,,Andhra Pradesh,MACHILIPATNAM,Balashowry Vallabbhaneni,Normal/Others,Street lights,Providing street lights to Bhogireddipalle Village of Machilipatnam Mandal in Krishna District,KRISHNA(DISTRICT COLLECTOR KRISHNA_IDA),,,2026-04-20,500000.0,Vendor Identification,,,No matching Work_ID found in Works Recommended source (Recommended sheet uses a different Work_ID numbering series with zero overlap against Works Sanctioned)
WS/MP528/2024-2025/143985,,Andhra Pradesh,NARASARAOPET,Lavu Sri Krishna Devarayalu,Normal/Others,Improvement of electricity distribution infrastructure,Fixing of New Connection & additional load in ESI Hospital Nadimpalem village of Prathipadu Mandal of Guntur District.,GUNTUR(DISTRICT COLLECTOR GUNTUR_IDA),,,2024-12-16,416758.0,Vendor Identification,,,No matching Work_ID found in Works Recommended source (Recommended sheet uses a different Work_ID numbering series with zero overlap against Works Sanctioned)
WS/MP528/2025-2026/243484,,Andhra Pradesh,NARASARAOPET,Lavu Sri Krishna Devarayalu,Normal/Others,"Construction of roads, link roads, pathways or any other road with or without drainage system","Construction of CC Road with Side Drains in Pedakondayapalem Village, Ipuru Mandal",Palnadu(District Collector Palnadu_IDA),,,2025-11-17,1599870.0,Physical Inspection,2026-02-27,1599870.0,No matching Work_ID found in Works Recommended source (Recommended sheet uses a different Work_ID numbering series with zero overlap against Works Sanctioned)
WS/MP528/2025-2026/244056,,Andhra Pradesh,NARASARAOPET,Lavu Sri Krishna Devarayalu,Normal/Others,Installing community drinking water plants,"Construction of Pre-fabricated Shed for Installation of RO Water Plant in Pitchaiahbavi Thanda Village, Veldurthi Mandal.",Palnadu(District Collector Palnadu_IDA),,,2025-11-25,263500.0,Sanction,,,No matching Work_ID found in Works Recommended source (Recommended sheet uses a different Work_ID numbering series with zero overlap against Works Sanctioned)
WS/MP528/2025-2026/256688,,Andhra Pradesh,NARASARAOPET,Lavu Sri Krishna Devarayalu,Normal/Others,Installing community drinking water plants,"Construction of Pre-fabricated shed for Installation of R.O Water Plant in Thimmapuram Village, Nuzendla Mandal",Palnadu(District Collector Palnadu_IDA),,,2026-02-11,200000.0,Vendor Identification,,,No matching Work_ID found in Works Recommended source (Recommended sheet uses a different Work_ID numbering series with zero overlap against Works Sanctioned)
WS/MP528/2025-2026/244059,,Andhra Pradesh,NARASARAOPET,Lavu Sri Krishna Devarayalu,Normal/Others,Installing community drinking water plants,"Construction of Pre-fabricated Shed for Installation of RO Water Plant in Goli Village, Rentachintala Mandal.",Palnadu(District Collector Palnadu_IDA),,,2025-11-25,189800.0,Sanction,,,No matching Work_ID found in Works Recommended source (Recommended sheet uses a different Work_ID numbering series with zero overlap against Works Sanctioned)
WS/MP528/2025-2026/256686,,Andhra Pradesh,NARASARAOPET,Lavu Sri Krishna Devarayalu,Normal/Others,Setting up of community effluent treatment plants,"Construction of Pre-fabricated shed for Installation of RO Water Plant in Naidupalem Village, Bollapalli Mandal",Palnadu(District Collector Palnadu_IDA),,,2026-02-11,200000.0,Vendor Identification,,,No matching Work_ID found in Works Recommended source (Recommended sheet uses a different Work_ID numbering series with zero overlap against Works Sanctioned)
WS/MP528/2025-2026/244027,,Andhra Pradesh,NARASARAOPET,Lavu Sri Krishna Devarayalu,Normal/Others,Installing community drinking water plants,"Construction of Pre - fabricated Shed for Installation of RO Water Plant in Chinakondayapalem Village, Ipuru Mandal",Palnadu(District Collector Palnadu_IDA),,,2025-11-25,197500.0,Sanction,,,No matching Work_ID found in Works Recommended source (Recommended sheet uses a different Work_ID numbering series with zero overlap against Works Sanctioned)
WS/MP528/2025-2026/244036,,Andhra Pradesh,NARASARAOPET,Lavu Sri Krishna Devarayalu,Normal/Others,Installing community drinking water plants,"Construction of Pre-fabricated Shed for Installation of RO Water Plant in Mangapuram Camp Village, China Agraharam, Piduguralla Mandal.",Palnadu(District Collector Palnadu_IDA),,,2025-11-25,197500.0,Sanction,,,No matching Work_ID found in Works Recommended source (Recommended sheet uses a different Work_ID numbering series with zero overlap against Works Sanctioned)
WS/MP18017/2025-2026/262080,,Andhra Pradesh,VISAKHAPATNAM,Sribharat MathuKumli,Normal/Others,Construction of rooms and halls in school and colleges,"Construction of a permanent stage with roofing facility for public and institutional events, establishment of an Open Gym with outdoor fitness equipment to promote physical activity, and expansion of the existing Mess Hall to enhance seating capacity and improve dining infrastructure.",Visakhapatnam(DISTRICT COLLECTOR VISAKHAPATNAM_IDA),,,2026-02-13,2000000.0,Sanction,,,No matching Work_ID found in Works Recommended source (Recommended sheet uses a different Work_ID numbering series with zero overlap against Works Sanctioned)
WS/MP18017/2025-2026/262082,,Andhra Pradesh,VISAKHAPATNAM,Sribharat MathuKumli,Normal/Others,Construction of public libraries and reading rooms,Construction of library,VIZIANAGARAM(DISTRICT COLLECTOR VIZIANAGARAM_IDA),,,2026-02-16,3000000.0,Vendor Identification,,,No matching Work_ID found in Works Recommended source (Recommended sheet uses a different Work_ID numbering series with zero overlap against Works Sanctioned)
WS/MP18017/2025-2026/208142,,Andhra Pradesh,VISAKHAPATNAM,Sribharat MathuKumli,Repair and Renovation,Construction of rooms and halls in school and colleges,Additional Classroom for MPPS,VIZIANAGARAM(DISTRICT COLLECTOR VIZIANAGARAM_IDA),,,2025-06-28,1600000.0,Time Estimation,,,No matching Work_ID found in Works Recommended source (Recommended sheet uses a different Work_ID numbering series with zero overlap against Works Sanctioned)
WS/MP18017/2025-2026/230964,,Andhra Pradesh,VISAKHAPATNAM,Sribharat MathuKumli,Normal/Others,Construction of rooms and halls in school and colleges,"Proposed renovation of ZPHS includes civil repair works and construction of a new floor, installation of safety grills and doors for the existing second floor, upgradation of classrooms, and increasing the ground level for the RO plant.",Visakhapatnam(DISTRICT COLLECTOR VISAKHAPATNAM_IDA),,,2025-10-22,4000000.0,Work partially Completed,,,No matching Work_ID found in Works Recommended source (Recommended sheet uses a different Work_ID numbering series with zero overlap against Works Sanctioned)
WS/MP18017/2026-2027/278188,,Andhra Pradesh,VISAKHAPATNAM,Sribharat MathuKumli,Normal/Others,Construction of rooms and halls in school and colleges,"Construction of a semi-open mess hall with sheet roofing, 3 feet peripheral wall with grill openings, cement flooring, and RCC bench seating for facilitating 400 to 500 students , including basic electrical and allied works, complete in all respects.",Visakhapatnam(DISTRICT COLLECTOR VISAKHAPATNAM_IDA),,,2026-05-16,4000000.0,Sanction,,,No matching Work_ID found in Works Recommended source (Recommended sheet uses a different Work_ID numbering series with zero overlap against Works Sanctioned)
WS/MP18017/2025-2026/262099,,Andhra Pradesh,VISAKHAPATNAM,Sribharat MathuKumli,Normal/Others,Construction of buildings for crèches and anganwadies,"Construction of Anganwadi with proper store room and washroom, in all respects",Visakhapatnam(DISTRICT COLLECTOR VISAKHAPATNAM_IDA),,,2026-02-13,1500000.0,Vendor Identification,,,No matching Work_ID found in Works Recommended source (Recommended sheet uses a different Work_ID numbering series with zero overlap against Works Sanctioned)
WS/MP18017/2025-2026/208158,,Andhra Pradesh,VISAKHAPATNAM,Sribharat MathuKumli,Repair and Renovation,Construction of rooms and halls in school and colleges,Additional Classroom MPPS,VIZIANAGARAM(DISTRICT COLLECTOR VIZIANAGARAM_IDA),,,2025-06-28,1600000.0,Time Estimation,,,No matching Work_ID found in Works Recommended source (Recommended sheet uses a different Work_ID numbering series with zero overlap against Works Sanctioned)
WS/MP18017/2025-2026/262131,,Andhra Pradesh,VISAKHAPATNAM,Sribharat MathuKumli,Normal/Others,Construction of rooms and halls in school and colleges,"Construction of Additional Classrooms, toilets and provision of small Headmaster room",Visakhapatnam(DISTRICT COLLECTOR VISAKHAPATNAM_IDA),,,2026-02-13,1800000.0,Work partially Completed,,,No matching Work_ID found in Works Recommended source (Recommended sheet uses a different Work_ID numbering series with zero overlap against Works Sanctioned)
WS/MP18343/2025-2026/194518,,Andhra Pradesh,RAJAHMUNDRY,Daggubati Purandeshwari,Normal/Others,Construction of community centers and community halls,Construction of SC Community Hall at Kanuru Agraharam Village,"EAST GODAVARI(DISTRICT COLLECTOR, EAST GODAVARI)",,,2025-07-19,2000000.0,Physical Inspection,,,No matching Work_ID found in Works Recommended source (Recommended sheet uses a different Work_ID numbering series with zero overlap against Works Sanctioned)
WS/MP18343/2025-2026/236765,,Andhra Pradesh,RAJAHMUNDRY,Daggubati Purandeshwari,Trust and Society,Construction of additional rooms and halls in the existing public and community building,Construction of Additional Infrastructure at Hospital Building in Sri Vevekananda Maharogi Aarogya Kendram at Bommuru Village of Rajamahendravaram Rural Mandal,"EAST GODAVARI(DISTRICT COLLECTOR, EAST GODAVARI)",,,2025-11-11,5000000.0,Work partially Completed,,,No matching Work_ID found in Works Recommended source (Recommended sheet uses a different Work_ID numbering series with zero overlap against Works Sanctioned)
WS/MP18343/2025-2026/194505,,Andhra Pradesh,RAJAHMUNDRY,Daggubati Purandeshwari,Normal/Others,Construction of community centers and community halls,Construction of BC Community Hall at D.Muppavaram Village,"EAST GODAVARI(DISTRICT COLLECTOR, EAST GODAVARI)",,,2025-07-19,2500000.0,Sanction,,,No matching Work_ID found in Works Recommended source (Recommended sheet uses a different Work_ID numbering series with zero overlap against Works Sanctioned)
WS/MP18343/2025-2026/194516,,Andhra Pradesh,RAJAHMUNDRY,Daggubati Purandeshwari,Normal/Others,Construction of buildings for community cultural activities,Construction of Multipurpose Function hall at Karivari Savaram Village,"EAST GODAVARI(DISTRICT COLLECTOR, EAST GODAVARI)",,,2025-07-19,2000000.0,Physical Inspection,,,No matching Work_ID found in Works Recommended source (Recommended sheet uses a different Work_ID numbering series with zero overlap against Works Sanctioned)
WS/MP18343/2025-2026/230948,,Andhra Pradesh,RAJAHMUNDRY,Daggubati Purandeshwari,Normal/Others,Construction of public libraries and reading rooms,Construction of Library Building at Rajanagaram Village and Mandal,"EAST GODAVARI(DISTRICT COLLECTOR, EAST GODAVARI)",,,2025-11-11,3000000.0,Sanction,,,No matching Work_ID found in Works Recommended source (Recommended sheet uses a different Work_ID numbering series with zero overlap against Works Sanctioned)
WS/MP18343/2025-2026/194517,,Andhra Pradesh,RAJAHMUNDRY,Daggubati Purandeshwari,Normal/Others,Construction of community centers and community halls,Construction of SC Community Hall at Khandavalli Village,"EAST GODAVARI(DISTRICT COLLECTOR, EAST GODAVARI)",,,2025-07-19,2000000.0,Physical Inspection,,,No matching Work_ID found in Works Recommended source (Recommended sheet uses a different Work_ID numbering series with zero overlap against Works Sanctioned)
WS/MP18343/2025-2026/197997,,Andhra Pradesh,RAJAHMUNDRY,Daggubati Purandeshwari,Normal/Others,Construction of buildings for community cultural activities,Construction of Multipurpose Activity Center in BC are (Patempeta) in Chagallu village of Chagallu Mandal,"EAST GODAVARI(DISTRICT COLLECTOR, EAST GODAVARI)",,,2025-07-19,5000000.0,Sanction,,,No matching Work_ID found in Works Recommended source (Recommended sheet uses a different Work_ID numbering series with zero overlap against Works Sanctioned)
WS/MP18343/2025-2026/179129,,Andhra Pradesh,RAJAHMUNDRY,Daggubati Purandeshwari,Normal/Others,Providing drains and gutters for public drainage,"Construction of C.C.Drain from Pilaka venkata Lakshmi House (D.No.104-12-1) to Putta Gangalamma Temple at D-Block, Satellite City","EAST GODAVARI(DISTRICT COLLECTOR, EAST GODAVARI)",,,2025-07-19,2000000.0,Physical Inspection,2026-02-03,1568450.0,No matching Work_ID found in Works Recommended source (Recommended sheet uses a different Work_ID numbering series with zero overlap against Works Sanctioned)
WS/MP18010/2025-2026/201980,,Andhra Pradesh,KAKINADA,TANGELLA UDAY SRINIVAS,Normal/Others,Providing drains and gutters for public drainage,Construction of Internal CC Drains from Plot no 322 to 300 Plot no 1237 to 1222 Plot no 348 to1717 Plot no 1718 to 1812 Plot no 1180 to 1263 and Plot no 397 to 1370,Kakinada(DISTRICT COLLECTOR KAKINADA_IDA),,,2025-05-27,1700000.0,Physical Inspection,,,No matching Work_ID found in Works Recommended source (Recommended sheet uses a different Work_ID numbering series with zero overlap against Works Sanctioned)
WS/MP18010/2025-2026/201981,,Andhra Pradesh,KAKINADA,TANGELLA UDAY SRINIVAS,Normal/Others,Providing drains and gutters for public drainage,Construction of Internal CC Drains from Plot no 260 to 909 Plot no 894 to 919 to 938 Plot no 289 to 918 Plot no 328 to 959 and Plot no 310 to 919,Kakinada(DISTRICT COLLECTOR KAKINADA_IDA),,,2025-05-27,1600000.0,Work Completed,2026-05-12,1123023.0,No matching Work_ID found in Works Recommended source (Recommended sheet uses a different Work_ID numbering series with zero overlap against Works Sanctioned)
WS/MP18010/2025-2026/182158,,Andhra Pradesh,KAKINADA,TANGELLA UDAY SRINIVAS,Normal/Others,Construction of boundary walls of existing public and community buildings,Construction of Compound wall to Burial Ground at South and West side,Kakinada(DISTRICT COLLECTOR KAKINADA_IDA),,,2025-04-11,500000.0,Work partially Completed,,,No matching Work_ID found in Works Recommended source (Recommended sheet uses a different Work_ID numbering series with zero overlap against Works Sanctioned)
WS/MP18010/2025-2026/182173,,Andhra Pradesh,KAKINADA,TANGELLA UDAY SRINIVAS,Normal/Others,Construction of community centers and community halls,"Construction of Multipurpose Hall at 1st ward, yellayyapeta hamlet of Kona forest",Kakinada(DISTRICT COLLECTOR KAKINADA_IDA),,,2025-04-16,4000000.0,Sanction,,,No matching Work_ID found in Works Recommended source (Recommended sheet uses a different Work_ID numbering series with zero overlap against Works Sanctioned)
WS/MP18010/2025-2026/230000,,Andhra Pradesh,KAKINADA,TANGELLA UDAY SRINIVAS,Normal/Others,Lighting of public spaces,Construction of a new 11 kV power line from the residence of Sri Angara Krupanandam to the residence of Sri Vemagiri Baburao at V.K.Rayapuram,Kakinada(DISTRICT COLLECTOR KAKINADA_IDA),,,2025-09-29,773000.0,Physical Inspection,2026-04-23,773000.0,No matching Work_ID found in Works Recommended source (Recommended sheet uses a different Work_ID numbering series with zero overlap against Works Sanctioned)
WS/MP18010/2025-2026/201982,,Andhra Pradesh,KAKINADA,TANGELLA UDAY SRINIVAS,Normal/Others,Providing drains and gutters for public drainage,Construction of Internal CC Drains from Plot no 1511 to 2172H and Plot no 1929 to 1888 in 22nd Ward,Kakinada(DISTRICT COLLECTOR KAKINADA_IDA),,,2025-05-27,1700000.0,Work Completed,2026-05-14,1420283.0,No matching Work_ID found in Works Recommended source (Recommended sheet uses a different Work_ID numbering series with zero overlap against Works Sanctioned)
WS/MP18010/2025-2026/213636,,Andhra Pradesh,KAKINADA,TANGELLA UDAY SRINIVAS,Normal/Others,Development of playfields and sports grounds,Construction of Volleyball Court,Kakinada(DISTRICT COLLECTOR KAKINADA_IDA),,,2025-09-01,500000.0,Work partially Completed,,,No matching Work_ID found in Works Recommended source (Recommended sheet uses a different Work_ID numbering series with zero overlap against Works Sanctioned)
WS/MP18010/2025-2026/182167,,Andhra Pradesh,KAKINADA,TANGELLA UDAY SRINIVAS,Normal/Others,Construction of common work sheds/ common covered sitting area,Construction of Market shed at 6th ward,Kakinada(DISTRICT COLLECTOR KAKINADA_IDA),,,2025-04-15,500000.0,Sanction,,,No matching Work_ID found in Works Recommended source (Recommended sheet uses a different Work_ID numbering series with zero overlap against Works Sanctioned)
WS/MP403/2025-2026/227768,,Andhra Pradesh,ONGOLE,Magunta Sreenivasulu Reddy,Normal/Others,"Purchase of vehicle for mobile dispensaries (Four, three and two wheelers)","Providing Suzuki Vehicle Model EECO5 STR to Jawahar Navodaya Vidhyalaya for Mobile Dispensary Purpose in Kalujuvvalapadu Village, Tarlupadu Mandal",PRAKASAM(DISTRICT COLLECTOR PRAKASAM_IDA),,,2025-11-07,725000.0,Work partially Completed,,,No matching Work_ID found in Works Recommended source (Recommended sheet uses a different Work_ID numbering series with zero overlap against Works Sanctioned)
WS/MP403/2025-2026/207893,,Andhra Pradesh,ONGOLE,Magunta Sreenivasulu Reddy,Normal/Others,Installing community drinking water plants,"Providing 1000 LPH Reverse Osmosis Plant with Bore Well, Motor and Shed in Pole palli Village",PRAKASAM(DISTRICT COLLECTOR PRAKASAM_IDA),,,2025-08-30,900000.0,Time Estimation,,,No matching Work_ID found in Works Recommended source (Recommended sheet uses a different Work_ID numbering series with zero overlap against Works Sanctioned)
WS/MP403/2025-2026/241349,,Andhra Pradesh,ONGOLE,Magunta Sreenivasulu Reddy,Normal/Others,Construction of additional rooms and halls in the existing public and community building,"Additional amenities at District Police Training Centre, Kothamamidipalem of Ongole Town",PRAKASAM(DISTRICT COLLECTOR PRAKASAM_IDA),,,2025-11-15,2500000.0,Physical Inspection,2026-03-17,2500000.0,No matching Work_ID found in Works Recommended source (Recommended sheet uses a different Work_ID numbering series with zero overlap against Works Sanctioned)
WS/MP403/2025-2026/207887,,Andhra Pradesh,ONGOLE,Magunta Sreenivasulu Reddy,Normal/Others,Installing community drinking water plants,"Providing 1000 LPH Reserve Osmosis Plant with Borewell, Motor and Shed",PRAKASAM(DISTRICT COLLECTOR PRAKASAM_IDA),,,2025-09-01,900000.0,Sanction,,,No matching Work_ID found in Works Recommended source (Recommended sheet uses a different Work_ID numbering series with zero overlap against Works Sanctioned)
WS/MP403/2024-2025/163576,,Andhra Pradesh,ONGOLE,Magunta Sreenivasulu Reddy,Normal/Others,Construction of buildings for community cultural activities,"Construction of Cultural Hall near P.V.R. Boys Municipal High School, Ongole",PRAKASAM(DISTRICT COLLECTOR PRAKASAM_IDA),,,2025-02-24,1000000.0,Vendor Identification,,,No matching Work_ID found in Works Recommended source (Recommended sheet uses a different Work_ID numbering series with zero overlap against Works Sanctioned)
WS/MP403/2025-2026/227769,,Andhra Pradesh,ONGOLE,Magunta Sreenivasulu Reddy,Normal/Others,"Purchase of vehicle for mobile dispensaries (Four, three and two wheelers)",Providing Suzuki Vehicle Model EECO5 STR to Jawahar Navodaya Vidhyalaya for Mobile Dispensary Purpose in Ongole Town,PRAKASAM(DISTRICT COLLECTOR PRAKASAM_IDA),,,2025-11-07,725000.0,Work partially Completed,,,No matching Work_ID found in Works Recommended source (Recommended sheet uses a different Work_ID numbering series with zero overlap against Works Sanctioned)
WS/MP403/2025-2026/254763,,Andhra Pradesh,ONGOLE,Magunta Sreenivasulu Reddy,Normal/Others,"Construction of roads, link roads, pathways or any other road with or without drainage system",Construction of Internal C.C.Road near Gangamma Temple in Gandipalem village of Udayagiri Mandal,Sri Potti Sriramulu Nellore(DISTRICT COLLECTOR NELLORE_IDA),,,2026-01-20,500000.0,Physical Inspection,,,No matching Work_ID found in Works Recommended source (Recommended sheet uses a different Work_ID numbering series with zero overlap against Works Sanctioned)
WS/MP403/2025-2026/207891,,Andhra Pradesh,ONGOLE,Magunta Sreenivasulu Reddy,Normal/Others,Installing community drinking water plants,"Providing 1000 LPH Reverse Osmosis Plant with Bore Well, Motor and Shed in Inimerla Village",PRAKASAM(DISTRICT COLLECTOR PRAKASAM_IDA),,,2025-09-10,900000.0,Sanction,,,No matching Work_ID found in Works Recommended source (Recommended sheet uses a different Work_ID numbering series with zero overlap against Works Sanctioned)
WS/MP18016/2025-2026/221411,,Andhra Pradesh,VIJAYAWADA,Sivanath Kesineni,Normal/Others,Improvement of electricity distribution infrastructure,Supply of erection of 2300 HP VT Pump and motor -1 No and electrical and Mechanical works at Vedadri - kanchala lift irrigation scheme on Krishna river in Jaggaiahpeta mandal of NTR District,NTR(DISTRICT COLLECTOR NTR_IDA),,,2025-08-21,3290032.0,Physical Inspection,2026-01-29,3290032.0,No matching Work_ID found in Works Recommended source (Recommended sheet uses a different Work_ID numbering series with zero overlap against Works Sanctioned)
WS/MP18016/2025-2026/251882,,Andhra Pradesh,VIJAYAWADA,Sivanath Kesineni,Normal/Others,Construction of public irrigation facilities,Providing gravity main pipeline and 40 kl sump well,NTR(DISTRICT COLLECTOR NTR_IDA),,,2026-01-03,4000000.0,Time Estimation,,,No matching Work_ID found in Works Recommended source (Recommended sheet uses a different Work_ID numbering series with zero overlap against Works Sanctioned)
WS/MP18016/2025-2026/251884,,Andhra Pradesh,VIJAYAWADA,Sivanath Kesineni,Normal/Others,Providing supply pipelines for drinking water,Providing 150mm Di pipeline from p and T colony ELSR pumping line,NTR(DISTRICT COLLECTOR NTR_IDA),,,2025-12-27,5488000.0,Vendor Identification,,,No matching Work_ID found in Works Recommended source (Recommended sheet uses a different Work_ID numbering series with zero overlap against Works Sanctioned)
WS/MP18016/2025-2026/251883,,Andhra Pradesh,VIJAYAWADA,Sivanath Kesineni,Normal/Others,Construction of public irrigation facilities,Construction of culvert and retaining wall across Mangala vagu,NTR(DISTRICT COLLECTOR NTR_IDA),,,2025-12-27,2000000.0,Work partially Completed,,,No matching Work_ID found in Works Recommended source (Recommended sheet uses a different Work_ID numbering series with zero overlap against Works Sanctioned)
WS/MP18016/2026-2027/292111,,Andhra Pradesh,VIJAYAWADA,Sivanath Kesineni,Normal/Others,"Construction of rooms and facilities for hospitals, FWC , PHC Centers and ANM centers",providing pre fab shed for patient attendants and extension of shed in front of mch entrance at old government general hospital vijayawada,NTR(DISTRICT COLLECTOR NTR_IDA),,,2026-08-06,1550000.0,Sanction,,,No matching Work_ID found in Works Recommended source (Recommended sheet uses a different Work_ID numbering series with zero overlap against Works Sanctioned)
WS/MP18016/2026-2027/277854,,Andhra Pradesh,VIJAYAWADA,Sivanath Kesineni,Repair and Renovation,Providing supply pipelines for drinking water,"Additional bore, pump sets and pumping main to Drinking water scheme of Keesara village, knachikacharla mandal",NTR(DISTRICT COLLECTOR NTR_IDA),,,2026-06-10,1300000.0,Time Estimation,,,No matching Work_ID found in Works Recommended source (Recommended sheet uses a different Work_ID numbering series with zero overlap against Works Sanctioned)
WS/MP18016/2025-2026/252028,,Andhra Pradesh,VIJAYAWADA,Sivanath Kesineni,Normal/Others,Construction of public irrigation facilities,Providing 160mm Di pipeline from autonagar ESLR to Gurunanak colony road,NTR(DISTRICT COLLECTOR NTR_IDA),,,2025-12-27,975000.0,Sanction,,,No matching Work_ID found in Works Recommended source (Recommended sheet uses a different Work_ID numbering series with zero overlap against Works Sanctioned)
WS/MP18016/2026-2027/279535,,Andhra Pradesh,VIJAYAWADA,Sivanath Kesineni,Repair and Renovation,Construction of community centers and community halls,Development of experience center and artisan promotion for community benefit to kondapalli toys street,NTR(DISTRICT COLLECTOR NTR_IDA),,,2026-05-13,3000000.0,Sanction,,,No matching Work_ID found in Works Recommended source (Recommended sheet uses a different Work_ID numbering series with zero overlap against Works Sanctioned)
WS/MP18012/2026-2027/277368,,Andhra Pradesh,NARASAPURAM,Bhupathiraju Srinivasa varma,Normal/Others,Construction of community centers and community halls,Construction of Multipurpose Community Hall at Bhaggeswaram Village in Palacole Mandal,WEST GODAVARI(DISTRICT COLLECTOR WEST GODAVARI_IDA),,,2026-05-14,12000000.0,Sanction,,,No matching Work_ID found in Works Recommended source (Recommended sheet uses a different Work_ID numbering series with zero overlap against Works Sanctioned)
